skill_id,domain,name,description,version,salesforce_version,runtime_orphan,trigger_count,dependency_count,well_architected_pillars,path,sha256,v2_disposition,native_host_default,selection_contract,migration_notes
admin/acceptance-criteria-given-when-then,admin,acceptance-criteria-given-when-then,"Use this skill when writing test-first, behavior-driven acceptance criteria in Given/When/Then format for a Salesforce user story. Covers happy path, edge cases, negative paths, permission boundaries, and data-state preconditions so the AC block can drive UAT scripts and Apex test design downstream. Trigger keywords: given when then, gherkin, behavior driven AC, test first acceptance criteria, scenario outline, BDD acceptance criteria. NOT for the user-story format itself (use admin/user-story-writing-for-salesforce). NOT for UAT script writing (use admin/uat-test-case-design). NOT for Apex test method generation (use agents/test-class-generator). NOT for high-level UAT planning (use admin/uat-and-acceptance-criteria). More triggers: acceptance criteria record, ac_id, req_id on a criterion, artefact under test, negative case for a rule-type requirement, no-match fall-through criterion, oracle for a Then clause, test type apex flow manual, criteria linter, check_ac_format.py, --manifest-dir.",1.1.0,Spring '25+,false,16,0,Reliability;User Experience;Operational Excellence,skills/admin/acceptance-criteria-given-when-then/SKILL.md,fe3f7e21989bed4e2fedae9e19faa6763afe4787fc816b85d02326a9dc7aa327,retain-knowledge-substrate,false,progressive-on-demand,Do not flatten into always-on host context; preserve package and evaluate through product context packs.
admin/activity-and-task-patterns,admin,activity-and-task-patterns,"Task and Event objects: polymorphic WhatId/WhoId, Activity object model, ActivityHistory vs OpenActivity, activity timeline customization, bulk task creation, Einstein Activity Capture boundaries. NOT for turning on EAC or calendar sync — use admin/einstein-activity-capture-setup. NOT for Email-to-Case — use admin/case-management-setup. Covers ActivitiesSettings metadata, enableActivities, shared Task/Event custom fields and FLS, TaskStatus value sets, Shared Activities and TaskRelation/EventRelation, recurring and child activities, and partial-success bulk DML on Task.",1.2.0,Spring '25+,false,15,0,Reliability;Performance,skills/admin/activity-and-task-patterns/SKILL.md,244758dbfa05c6a6aac11d7b79a015840f202ceffac0b09454bb1f0f30bfdcaa,retain-knowledge-substrate,false,progressive-on-demand,Do not flatten into always-on host context; preserve package and evaluate through product context packs.
admin/agent-conversation-design,admin,agent-conversation-design,"Use when writing or auditing the conversational copy layer of a Salesforce bot or Agentforce agent: utterance authoring strategy, fallback message copy, escalation-criteria phrasing, and persona-consistent dialog scripting across channels. NOT for designing the bot dialog structure, intent model, or handoff architecture — use architect/einstein-bot-architecture. NOT for encoding agent tone in Agentforce system instructions — use agentforce/agentforce-persona-design.",1.0.0,Spring '25+,false,5,0,User Experience;Operational Excellence,skills/admin/agent-conversation-design/SKILL.md,1dc3948fef4412648f329c9b80fce9aa91b606c12332d118b3d5cabad49efe60,retain-knowledge-substrate,false,progressive-on-demand,Do not flatten into always-on host context; preserve package and evaluate through product context packs.
admin/agent-output-formats,admin,agent-output-formats,"Convert the canonical markdown+JSON deliverable of any SfSkills runtime agent into Excel, PDF, CSV, Notion card, ServiceNow ticket, or similar downstream format without adding dependencies to the consumer's project. NOT for an Agentforce action's output — use agentforce/agent-actions. NOT for exporting Salesforce data — use integration/bulk-api-2-patterns.",1.0.0,Spring '25+,false,5,0,Operational Excellence;Reliability,skills/admin/agent-output-formats/SKILL.md,3ad8643636154892e910b7700316570f383903cc206f995e5e419811f5d0803f,retain-knowledge-substrate,false,progressive-on-demand,Do not flatten into always-on host context; preserve package and evaluate through product context packs.
admin/ai-adoption-change-management,admin,ai-adoption-change-management,"Use this skill when planning or executing the human side of an Agentforce or Einstein AI feature rollout — user trust-building, AI-specific training, structured feedback collection via the Feedback API, and adoption measurement via Agentforce Analytics. NOT for turning the Einstein for Sales features on — use agentforce/agentforce-sales-ai-setup. NOT for rollout training with no AI in scope — use admin/change-management-and-training.",1.0.0,Spring '25+,false,7,1,User Experience;Reliability;Operational Excellence,skills/admin/ai-adoption-change-management/SKILL.md,e6168913907a923bae931ca39d1879483a0533fafef1e1efde62a2e8ec00260b,retain-knowledge-substrate,false,progressive-on-demand,Do not flatten into always-on host context; preserve package and evaluate through product context packs.
admin/ai-ethics-and-governance-requirements,admin,ai-ethics-and-governance-requirements,"Use this skill when defining AI governance policies, designing human oversight workflows, documenting bias mitigation strategies, or meeting regulatory transparency requirements for Salesforce AI features. Trigger keywords: responsible AI, AI bias, AI audit trail, AI transparency, human-in-the-loop, AI risk inventory, AI disclosure. NOT for the MLOps pipeline or Policy-as-Code engine architecture — use architect/ai-governance-architecture. NOT for Trust Layer technical configuration — use agentforce/einstein-trust-layer.",1.0.0,Spring '25+,false,7,0,Security;Security;Operational Excellence,skills/admin/ai-ethics-and-governance-requirements/SKILL.md,13de9bb9e50e633d33bfd0efd86d4ac84e351a95df5bb424d0f8b35ea4b1b8b9,retain-knowledge-substrate,false,progressive-on-demand,Do not flatten into always-on host context; preserve package and evaluate through product context packs.
admin/ai-use-case-assessment,admin,ai-use-case-assessment,"Identify, score, and prioritize Salesforce AI use cases before any implementation begins — opportunity identification, Impact-Effort matrix scoring, feasibility evaluation across Technical/Operational/Data/Risk dimensions, and ROI framing. NOT for the license checks and enablement steps once a use case is approved — use agentforce/agentforce-service-ai-setup or agentforce/agentforce-sales-ai-setup. NOT for making the data model AI-ready — use architect/ai-ready-data-architecture.",1.0.0,Spring '25+,false,6,2,Security;Operational Excellence;Reliability,skills/admin/ai-use-case-assessment/SKILL.md,0510326159451773124529deea956d9e71dbb536edd541b30048f11d1edb6833,retain-knowledge-substrate,false,progressive-on-demand,Do not flatten into always-on host context; preserve package and evaluate through product context packs.
admin/analytics-adoption-strategy,admin,analytics-adoption-strategy,"Use this skill when driving adoption of CRM Analytics (Einstein Analytics) across an org — the Analytics Adoption App for measuring who uses which dashboards, embedding analytics into Lightning pages, pinning dashboards to the Analytics home page, self-service personas, and analytics success metrics. Triggers: analytics adoption, dashboard usage tracking, embedded analytics strategy, self-service analytics enablement, CRM Analytics rollout. NOT for building the dashboards — use admin/analytics-dashboard-design. NOT for the app, datasets and lenses — use admin/crm-analytics-app-creation. NOT for non-analytics rollout training — use admin/change-management-and-training.",1.0.0,Spring '25+,true,6,0,Operational Excellence;User Experience,skills/admin/analytics-adoption-strategy/SKILL.md,c3fb23bafa9660ee3c06954c6226fc9a66e9cb0f6bdc3bea059e77b4f5fa937e,retain-knowledge-substrate,false,progressive-on-demand,Do not flatten into always-on host context; preserve package and evaluate through product context packs.
admin/analytics-dashboard-design,admin,analytics-dashboard-design,"Use when designing or troubleshooting CRM Analytics dashboards — chart types, bindings, faceting, dashboard interactions, mobile layout, and filters. NOT for standard Salesforce reports and dashboards — use admin/reports-and-dashboards-fundamentals. NOT for hand-editing dashboard JSON or a SAQL step — use admin/analytics-dashboard-json.",1.0.0,Spring '25+,true,5,0,Operational Excellence;Reliability,skills/admin/analytics-dashboard-design/SKILL.md,282c9c24692f478fd880f648e93c102976106fea8136f6a2003d83485a0017b6,retain-knowledge-substrate,false,progressive-on-demand,Do not flatten into always-on host context; preserve package and evaluate through product context packs.
admin/analytics-dashboard-json,admin,analytics-dashboard-json,"Use this skill when editing CRM Analytics dashboard JSON directly to implement advanced bindings, custom SAQL/SOQL step queries, layout changes, step parameters, or cross-widget interactions. Trigger keywords: dashboard JSON, SAQL step, binding syntax, mustache binding, dashboard REST API, widget layout, step limit, datasetId, datasetVersionId. NOT for building the dashboard in the builder UI or picking chart types — use admin/analytics-dashboard-design. NOT for writing or tuning the SAQL itself — use admin/saql-query-development.",1.0.0,Spring '25+,true,3,0,Performance;Reliability,skills/admin/analytics-dashboard-json/SKILL.md,a674cc18a3a3d9ffa1f7829c0a5d62b4f94817bfb86f9ef4d7b53c99464ca5af,retain-knowledge-substrate,false,progressive-on-demand,Do not flatten into always-on host context; preserve package and evaluate through product context packs.
admin/analytics-data-manager,admin,analytics-data-manager,"Use this skill when configuring Data Manager in CRM Analytics: enabling objects for sync, scheduling data sync runs, setting up remote connections to external databases, monitoring sync status and error logs, or troubleshooting connected object issues. Trigger keywords: data sync, connected objects, Data Manager, sync schedule, remote connection, Snowflake connector, sync error, incremental sync, CRM Analytics data pipeline. NOT for pushing external data in programmatically via the External Data API — use data/analytics-external-data. NOT for authoring dataflow nodes — use admin/analytics-dataflow-development.",1.0.0,Spring '25+,true,6,0,Reliability;Performance;Operational Excellence,skills/admin/analytics-data-manager/SKILL.md,ce0142140faedf4453d3c057641650afb9681001363509e5b5ae314beeb29708,retain-knowledge-substrate,false,progressive-on-demand,Do not flatten into always-on host context; preserve package and evaluate through product context packs.
admin/analytics-dataflow-development,admin,analytics-dataflow-development,"Use this skill when building, debugging, or optimizing CRM Analytics dataflows — defining node types (sfdcDigest, Append, Augment, computeExpression, computeRelative, Flatten, dim2mea, sfdcRegister), scheduling runs, handling run failures, and tuning performance. NOT for doing the same transformation in a Data Prep recipe — use admin/analytics-recipe-design. NOT for dataset field types, refresh schedules, or row limits — use admin/analytics-dataset-management.",1.0.0,Spring '25+,true,5,0,Performance;Reliability,skills/admin/analytics-dataflow-development/SKILL.md,4f4d1e41a1260b2d24746b810a85ff81f42625255d9b0297ee466346aad708e1,retain-knowledge-substrate,false,progressive-on-demand,Do not flatten into always-on host context; preserve package and evaluate through product context packs.
admin/analytics-dataset-management,admin,analytics-dataset-management,"Use when creating or managing CRM Analytics datasets: configuring dataflows, scheduling refreshes, selecting fields, handling date types, managing row-count growth, or troubleshooting stale or broken datasets. Triggers: 'dataset creation', 'dataflow schedule', 'dataflow quota', 'date field not filterable', 'dataset row limit', 'CRM Analytics data refresh', 'field type mismatch in dataset'. NOT for making an existing dataset smaller or faster — use data/analytics-dataset-optimization. NOT for choosing between Reports, CRM Analytics and Tableau in the first place — use admin/einstein-analytics-basics.",1.0.0,Spring '25+,true,6,0,Reliability;Performance;Operational Excellence,skills/admin/analytics-dataset-management/SKILL.md,1c8dc81a7fbcc01e7039ddc193e6bb8bb38cbbd946e3f783d549cd529ca6ec4d,retain-knowledge-substrate,false,progressive-on-demand,Do not flatten into always-on host context; preserve package and evaluate through product context packs.
admin/analytics-kpi-definition,admin,analytics-kpi-definition,"Use this skill to define, document, and validate KPI metrics for CRM Analytics — covering metric formula design, dimension selection, target-dataset modeling, benchmark setting, and the KPI register that must exist before any dashboard or lens is built. Trigger keywords: KPI definition CRM Analytics, analytics metric design, analytics target attainment, CRM Analytics measures vs dimensions, analytics benchmark. NOT for laying out the dashboard or lens itself — use admin/analytics-dashboard-design. NOT for scoping data sources, audiences, and drill-down paths — use admin/analytics-requirements-gathering.",1.0.0,Spring '25+,true,5,0,Reliability;Operational Excellence,skills/admin/analytics-kpi-definition/SKILL.md,70bad1d5d1975cb85d40e03e28c6ccb4009bcaecaad1f7a7ddc76c6f2276a419,retain-knowledge-substrate,false,progressive-on-demand,Do not flatten into always-on host context; preserve package and evaluate through product context packs.
admin/analytics-permission-and-sharing,admin,analytics-permission-and-sharing,"Configure CRM Analytics (formerly Einstein Analytics) app sharing, dataset-level permissions, row-level security predicates, sharing inheritance, and license assignment. Trigger keywords: CRM Analytics security, row-level security predicate, dataset permissions, analytics sharing inheritance, Analytics Plus license. NOT for OWD and sharing rules — use admin/sharing-and-visibility. NOT for predicate design across many datasets — use architect/analytics-security-architecture.",1.0.0,Spring '25+,false,6,0,Security;Reliability,skills/admin/analytics-permission-and-sharing/SKILL.md,b6faebfaff0d3796bc4b82025a930ded0ad900dbfcc05642a0b565a1190061ca,retain-knowledge-substrate,false,progressive-on-demand,Do not flatten into always-on host context; preserve package and evaluate through product context packs.
admin/analytics-recipe-design,admin,analytics-recipe-design,"Use this skill when designing or building CRM Analytics Data Prep recipes — including node selection, join patterns, bucket field configuration, formula expressions, and scheduling. Triggers: 'build a recipe', 'join datasets in analytics', 'bucket a measure field', 'schedule a recipe', 'data prep transformation'. NOT for dataflow JSON and its node types — use admin/analytics-dataflow-development. NOT for tuning a slow or oversized dataset — use data/analytics-dataset-optimization.",1.0.0,Spring '25+,true,3,0,Performance;Reliability,skills/admin/analytics-recipe-design/SKILL.md,d9cb7d5cc700f5fae1c0c82a13c1b2c20888c7445868eb6aa3d02249f5770284,retain-knowledge-substrate,false,progressive-on-demand,Do not flatten into always-on host context; preserve package and evaluate through product context packs.
admin/analytics-requirements-gathering,admin,analytics-requirements-gathering,"Use this skill to elicit, document, and validate CRM Analytics requirements — covering data source mapping (Salesforce object sync vs external connector vs Data Cloud), transformation needs, audience-specific lens or dashboard views, and drill-down path specifications — before any dataset or dashboard is built. Trigger keywords: CRM Analytics requirements, analytics data source mapping, CRM Analytics audience requirements, analytics visualization requirements. NOT for the formula and target behind each KPI — use admin/analytics-kpi-definition. NOT for building the dashboard once requirements are agreed — use admin/analytics-dashboard-design.",1.0.0,Spring '25+,true,5,0,Reliability;Operational Excellence,skills/admin/analytics-requirements-gathering/SKILL.md,6b89b3fbae5ebc291ec738df130d7fc086d3bdf64bfcd62bfaa42393c26936be,retain-knowledge-substrate,false,progressive-on-demand,Do not flatten into always-on host context; preserve package and evaluate through product context packs.
admin/api-contract-documentation,admin,api-contract-documentation,"Produce or review API contract documentation for Salesforce integrations: versioning policy artifacts, request/response schema specs, error code catalogs, rate limit documentation, OpenAPI generation for sObjects. Trigger keywords: Salesforce API versioning policy, API end-of-life policy, document API endpoints, REST API rate limits, OpenAPI sObjects, API contract record, error contract, errorCode catalog, 410 GONE retired API version, HTTP 300 external ID upsert, idempotency key, deprecation notice, composite subrequest limit. NOT for building the endpoint or writing the Apex REST service — use apex/apex-rest-services. NOT for upgrading the API version on your own Apex, LWC or sfdx-project.json — use devops/api-version-management.",1.1.0,Spring '25+,false,12,0,Reliability;Security,skills/admin/api-contract-documentation/SKILL.md,0ec7dc4f40a073cb39dd706efa3629792bccc228865961241dcd894303039b34,retain-knowledge-substrate,false,progressive-on-demand,Do not flatten into always-on host context; preserve package and evaluate through product context packs.
admin/app-and-tab-configuration,admin,app-and-tab-configuration,"Create and configure Lightning apps in Salesforce Setup, add navigation items and tabs to apps, configure utility bar components, and control app visibility by profile or permission set. Also covers the deployable metadata behind all of that: CustomApplication, CustomTab, and the FlexiPage of type UtilityBar. Trigger keywords: Lightning app, App Manager, custom tab, navigation bar, utility bar, app visibility, CustomApplication, tabs element, standard- tab prefix, defaultLandingTab, formFactors, navType, uiType, workspaceConfig, applicationVisibilities, tabSettings, AppDefinition, TabDefinition, AppTabMember, app deployed but not visible. NOT for console navigation, workspace tabs and subtabs - use admin/service-console-configuration. NOT for the record page or app page inside the app - use admin/lightning-app-builder-advanced.",1.1.0,Spring '25+,false,10,0,Operational Excellence;Security,skills/admin/app-and-tab-configuration/SKILL.md,97a44ebef57f4ab6af7190c8f1b04ce5574ce868b07f847d53c3ae0171660897,retain-knowledge-substrate,false,progressive-on-demand,Do not flatten into always-on host context; preserve package and evaluate through product context packs.
admin/approval-process-apex-patterns,admin,approval-process-apex-patterns,"Programmatically driving Salesforce Approval Processes from Apex — `Approval.process(ProcessSubmitRequest)` to submit, `ProcessWorkitemRequest` to approve / reject / reassign, recall semantics, querying `ProcessInstance` and `ProcessInstanceWorkitem` to find pending approvals, and the bulk-submit / bulk-action error-row handling. Covers when to use Apex-driven approval (system-initiated submission, batch approvals, custom UIs) vs leaving the platform's standard buttons in place. NOT for the Approval Process metadata definition itself (that's admin / declarative — see admin/approval-processes), NOT for Flow-based approvals (use flow/flow-orchestration-patterns).",1.1.0,Spring '25+,false,12,0,Reliability;Operational Excellence;Security,skills/admin/approval-process-apex-patterns/SKILL.md,6308065662f07289dcedd4ed1706febba360daaa1b31bbbd995c0f0186c128d0,retain-knowledge-substrate,false,progressive-on-demand,Do not flatten into always-on host context; preserve package and evaluate through product context packs.
admin/approval-processes,admin,approval-processes,"Design, review, or troubleshoot Salesforce Approval Processes. Triggers: 'submit for approval', 'approver', 'record locked', 'recall approval', 'approval step', 'discount approval', 'approvalProcess metadata', 'ProcessInstanceWorkitem', 'recordEditability', 'process order', 'no approver found', 'pending approval'. NOT for submitting or acting on approvals from Apex - use admin/approval-process-apex-patterns. NOT for CPQ Advanced Approvals (SBAA rules and chains) - use admin/cpq-approval-workflows. NOT for multi-stage cross-object orchestration with SLAs - use flow/orchestration-flows.",1.1.0,Spring '25+,false,12,0,Reliability;User Experience;Operational Excellence,skills/admin/approval-processes/SKILL.md,54329a9c51fa3444063e69593542de3dbbb072e863018455b384e869099ad397,retain-knowledge-substrate,false,progressive-on-demand,Do not flatten into always-on host context; preserve package and evaluate through product context packs.
admin/assignment-rules,admin,assignment-rules,"Use this skill when configuring or troubleshooting Lead or Case assignment rules in Salesforce: creating rule entries, setting filter criteria, assigning records to users or queues, understanding when rules run, and implementing round-robin patterns with Apex. Trigger keywords: lead assignment, case assignment, assignment rule, queue assignment, auto-assign. NOT for creating the queue or public group a rule routes into — use admin/queues-and-public-groups. NOT for Omni-Channel or skills-based routing — use admin/omni-channel-routing-setup. NOT for approval routing — use admin/approval-processes.",1.1.2,Spring '25+,false,15,0,Operational Excellence;Reliability,skills/admin/assignment-rules/SKILL.md,589137379dda98c39c24c7d116141bcc3ac24d4dd4bead25a1df6903f125d6c7,retain-knowledge-substrate,false,progressive-on-demand,Do not flatten into always-on host context; preserve package and evaluate through product context packs.
admin/b2b-commerce-store-setup,admin,b2b-commerce-store-setup,"Use this skill to configure a Salesforce B2B Commerce storefront: creating the WebStore, linking BuyerGroups, assigning CommerceEntitlementPolicies, and granting buyer contacts transactional access. Trigger keywords: B2B Commerce, WebStore, BuyerGroup, entitlement policy, buyer account, storefront access. NOT for building the product catalog, categories, or variants — use admin/commerce-product-catalog. NOT for a B2C Commerce (SFCC) storefront — use admin/b2c-commerce-store-setup.",1.0.0,Spring '25+,false,7,0,Security;Scalability;Reliability,skills/admin/b2b-commerce-store-setup/SKILL.md,fc273707ef0346593ab5f19b67d421c563771a97a6cc2d1ce7c35332b5a7f477,retain-knowledge-substrate,false,progressive-on-demand,Do not flatten into always-on host context; preserve package and evaluate through product context packs.
admin/b2b-vs-b2c-requirements,admin,b2b-vs-b2c-requirements,"Use this skill to determine whether a Salesforce Commerce project should use B2B Commerce (account-gated, BuyerGroup-based, contract pricing) or D2C Commerce (consumer storefront, guest checkout, individual-based). Trigger keywords: B2B vs B2C, commerce platform selection, buyer journey, account-based purchasing, consumer storefront, licensing decision. NOT for implementation mechanics — use admin/b2b-commerce-store-setup or admin/b2c-commerce-store-setup for configuration work. NOT for Salesforce B2C Commerce (SFCC/Business Manager) setup.",1.0.0,Spring '25+,false,5,0,Security;Scalability;Reliability,skills/admin/b2b-vs-b2c-requirements/SKILL.md,00de472dc6d12be89402798035fa437e86e0a89fc21d27d4db683fb4406f1a7b,retain-knowledge-substrate,false,progressive-on-demand,Do not flatten into always-on host context; preserve package and evaluate through product context packs.
admin/b2c-commerce-store-setup,admin,b2c-commerce-store-setup,"Use when configuring or troubleshooting a Salesforce B2C Commerce (SFCC) storefront — including Business Manager site creation, SFRA cartridge path setup, customer groups, search index rebuilding, and key quota limits. Trigger keywords: SFCC, Commerce Cloud, Business Manager, storefront, cartridge, SFRA, site preferences, replication. NOT for B2B Commerce on Lightning (WebStore, BuyerGroup) — use admin/b2b-commerce-store-setup. NOT for choosing SFCC vs B2B Commerce — use architect/b2b-vs-b2c-architecture.",1.0.0,Spring '25+,false,5,0,Performance;Security;Reliability;Operational Excellence,skills/admin/b2c-commerce-store-setup/SKILL.md,58a1de9c1583474c90e209746d0bbae0609e3e36a06a689ffab429d2e9447f33,retain-knowledge-substrate,false,progressive-on-demand,Do not flatten into always-on host context; preserve package and evaluate through product context packs.
admin/batch-job-scheduling-and-monitoring,admin,batch-job-scheduling-and-monitoring,"Use when monitoring, diagnosing, or managing Batch Apex, Scheduled Apex, Queueable, and Flow scheduled jobs: Setup > Apex Jobs, AsyncApexJob queries, concurrent limits, failure detection, and notification patterns. NOT for writing the Batch or Schedulable class itself — use apex/batch-apex-patterns or apex/apex-scheduled-jobs. NOT for BatchApexErrorEvent alerting in code — use apex/scheduled-apex-failure-detection-and-monitoring. Trigger keywords: Setup > Scheduled Jobs, Apex Flex Queue, CronTrigger, CronJobDetail, FlowInterview, System.abortJob, System.schedule, CRON expression, Holding status, BLOCKED state, reschedule after sandbox refresh, scheduled job runbook.",1.1.0,Spring '25+,false,12,0,Operational Excellence;Reliability,skills/admin/batch-job-scheduling-and-monitoring/SKILL.md,3628375fa1f2fc9002edf8860413fb70fb579abaed660182a565b3af3e3650fb,retain-knowledge-substrate,false,progressive-on-demand,Do not flatten into always-on host context; preserve package and evaluate through product context packs.
admin/billing-schedule-setup,admin,billing-schedule-setup,"Configure Salesforce Billing (blng__ managed package) billing schedules, invoice plans, billing policies, and billing treatments on activated Orders. Triggers: 'billing schedule not generating invoices', 'blng__BillingSchedule__c missing after order activation', 'in-advance vs in-arrears billing', 'milestone billing', 'invoice run not picking up order products', 'evergreen billing setup', 'billing treatment configuration'. NOT for revenue schedules, GL transactions and ASC 606 - use admin/revenue-recognition-requirements. NOT for native Revenue Cloud (RLM) BillingSchedule objects - use data/revenue-cloud-data-model.",1.0.0,Spring '25+,false,7,0,Reliability;Performance;Operational Excellence,skills/admin/billing-schedule-setup/SKILL.md,d857252a3d4c0378dc3642195cf6782c109224268420fe2d26e92fa3ca6778f8,retain-knowledge-substrate,false,progressive-on-demand,Do not flatten into always-on host context; preserve package and evaluate through product context packs.
admin/business-hours-and-holidays,admin,business-hours-and-holidays,"Use this skill when creating, deploying, or troubleshooting Salesforce Business Hours and Holidays: the calendars that pause Case escalation rules, entitlement milestones, and Apex BusinessHours math outside working hours. Covers the BusinessHoursSettings metadata, the default calendar, per-region calendars, holiday attachment, the Case Business Hours field, and the BusinessHours Apex class. Trigger keywords: business hours, holidays, SLA clock, escalation not pausing, working hours, support hours, milestone timer weekend. NOT for the escalation rule entries themselves — use admin/escalation-rules. NOT for entitlement process design — use admin/entitlements-and-milestones. NOT for Field Service operating hours or shift scheduling — use admin/fsl-scheduling-setup.",1.1.0,Spring '25+,false,6,0,Reliability;Operational Excellence,skills/admin/business-hours-and-holidays/SKILL.md,fcee02bc130df827393d0e19c1a78cce1d9a52790b38f7dfe59b80c3bf27357d,retain-knowledge-substrate,false,progressive-on-demand,Do not flatten into always-on host context; preserve package and evaluate through product context packs.
admin/campaign-planning-and-attribution,admin,campaign-planning-and-attribution,"Designing Campaign Hierarchy for program-level ROI tracking, configuring Customizable Campaign Influence (CCI) attribution models, and interpreting multi-touch attribution from MCAE B2B Marketing Analytics. Trigger keywords: campaign ROI, attribution model, campaign hierarchy, first-touch, last-touch, multi-touch, CCI, campaign influence, revenue attribution, campaign member status. NOT for deciding which attribution model and KPIs to adopt before any config - use admin/marketing-reporting-requirements. NOT for MCAE connector setup or the campaign sync that writes Campaign Member records - use admin/mcae-pardot-setup. Also covers: CampaignSettings, enableCampaignInfluence2, enableAutoCampInfluenceDisabled, enableB2bmaCampaignInfluence2, enableAccountsAsCM, CampaignInfluenceModel metadata, isDefaultModel, isModelLocked, recordPreference, AllRecords, RecordsWithAttribution, CampaignInfluence.RevenueShare, ModelType, CampaignMemberStatus IsDefault HasResponded SortOrder, HierarchyActualCost, HierarchyAmountWonOpportunities, TotalNumberofResponses, Opportunity.CampaignId primary campaign source.",1.1.0,Spring '25+,false,11,0,Operational Excellence;Reliability;Scalability,skills/admin/campaign-planning-and-attribution/SKILL.md,58ec3d17713cc11409857ffd459d330c313fc411e4fc8f79bd8ae0fbcb2c60ec,retain-knowledge-substrate,false,progressive-on-demand,Do not flatten into always-on host context; preserve package and evaluate through product context packs.
admin/care-coordination-requirements,admin,care-coordination-requirements,"Use this skill when mapping care coordination process requirements for Health Cloud: designing care team workflows, transition of care handoffs, social determinants of health (SDOH) barrier tracking, and care gap identification. NOT for building care plan templates, problems, and goals — use admin/care-plan-configuration. NOT for referral routing and provider networks — use admin/referral-management-health.",1.0.0,Spring '25+,false,5,3,Operational Excellence;Security,skills/admin/care-coordination-requirements/SKILL.md,657e3e74b3d8315647907f8ef98573471b69c6bf2e078e5a145f38ba2d2a6f46,retain-knowledge-substrate,false,progressive-on-demand,Do not flatten into always-on host context; preserve package and evaluate through product context packs.
admin/care-plan-configuration,admin,care-plan-configuration,"Configure care plan templates, problems, goals, and tasks in Salesforce Health Cloud - the Integrated Care Management (ICM) model (Spring '23+, FHIR R4-aligned) and the legacy CarePlanTemplate__c + Case Tasks model. Trigger keywords: care plan template, ICM care plan, PGI library, action plan template, problem definition, goal definition. NOT for enrolling a patient into a clinical program - use admin/care-program-management. NOT for care team workflow, transition of care and SDOH barriers - use admin/care-coordination-requirements.",1.0.0,Spring '25+,false,7,1,Security;Reliability;Operational Excellence,skills/admin/care-plan-configuration/SKILL.md,c665b1eda7da4407612c815974882dfc70c56a6dce795701be32ca55826bce3e,retain-knowledge-substrate,false,progressive-on-demand,Do not flatten into always-on host context; preserve package and evaluate through product context packs.
admin/care-program-management,admin,care-program-management,"Configure or troubleshoot Health Cloud Care Programs: CareProgram hierarchy, patient enrollment (CareProgramEnrollee), consent prerequisites, program products (CareProgramEnrolleeProduct), provider associations (CareProgramProvider). Trigger keywords: care program, program enrollment, enrollee, program product, consent for enrollment, patient program outcome. NOT for care plan templates, problems and goals - use admin/care-plan-configuration. NOT for patient records, person accounts and care team roles - use admin/health-cloud-patient-setup.",1.0.0,Spring '25+,false,7,1,Security;Reliability;Operational Excellence,skills/admin/care-program-management/SKILL.md,39c2ad018b41c09e0a693d0e8e1fabaee9fc02e3cc97ecac1f1813e618f55278,retain-knowledge-substrate,false,progressive-on-demand,Do not flatten into always-on host context; preserve package and evaluate through product context packs.
admin/case-feed-send-email-action,admin,case-feed-send-email-action,"Use when configuring the outbound Send Email quick action in Lightning Case Feed — creating the action in Setup on Case (Action Type = Send Email), attaching a default Custom email template, setting predefined To/CC/BCC values, wiring QuickAction.QuickActionDefaultsHandler Apex defaults, respecting the Lightning Experience 10-file / 25 MB attachment limits, and letting agents move an email to a different case. Trigger keywords: Send Email quick action, case email composer, Email action missing from Case Feed, Don't Apply Template Subject, QuickActionDefaultsHandler, SendEmailQuickActionDefaults, move email to another case. NOT for Email-to-Case inbound routing, routing addresses, or thread-ID matching (use admin/email-to-case-configuration), NOT for authoring or migrating the templates themselves (use admin/email-templates-and-alerts and admin/classic-email-template-migration), and NOT for Apex Messaging.SingleEmailMessage sends outside Case Feed.",1.0.0,Spring '25+,false,5,0,Security;Operational Excellence,skills/admin/case-feed-send-email-action/SKILL.md,a49aeffe220735f5a7c76847d12bac60b1282584d358ec63647b2a1eb36f006b,retain-knowledge-substrate,false,progressive-on-demand,Do not flatten into always-on host context; preserve package and evaluate through product context packs.
admin/case-management-setup,admin,case-management-setup,"Configuring Salesforce case management: case queues, assignment rules, escalation rules, auto-response rules, Email-to-Case, Web-to-Case, case teams, entitlements, and milestones. Use when setting up or troubleshooting the Service Cloud case handling layer. Trigger keywords: email-to-case, web-to-case, escalation rules, case teams, entitlements, milestones, auto-response, case queue. NOT for Standard vs On-Demand Email-to-Case and routing-address setup — use admin/email-to-case-configuration. NOT for routing case work items to agents — use admin/omni-channel-routing-setup.",1.3.0,Spring '25+,false,17,0,Operational Excellence;Reliability,skills/admin/case-management-setup/SKILL.md,9832a840ff2879de0941440a6426fd329067cf79965aeaef3413ed57178e7d7d,retain-knowledge-substrate,false,progressive-on-demand,Do not flatten into always-on host context; preserve package and evaluate through product context packs.
admin/change-advisory-board-process,admin,change-advisory-board-process,"Design, implement, or audit a Change Advisory Board (CAB) process for Salesforce deployments: change classification (standard, normal, emergency), required approvals, deployment gate sequencing, and integration with external ITSM tooling. NOT for scoring how risky one release is - use admin/deployment-risk-assessment. NOT for executing or troubleshooting the deployment itself - use admin/change-management-and-deployment. Also covers: the CAB charter (membership, quorum, decision rights), the CAB decision record artefact and its linter, the change classification matrix, the deployOptions a CAB decision pins (checkOnly, testLevel, rollbackOnError, ignoreWarnings, runTests), the 10-day quick-deploy validity window, the deploy-window vs freeze-register check, and the emergency (ECAB) path with its mandatory retrospective.",1.1.0,Spring '25+,false,11,2,Security;Operational Excellence;Reliability,skills/admin/change-advisory-board-process/SKILL.md,b9adec45bf20e032b0c98c327086c407092f2c32a4b908d71770ff6adf2b9919,retain-knowledge-substrate,false,progressive-on-demand,Do not flatten into always-on host context; preserve package and evaluate through product context packs.
admin/change-data-capture-admin,admin,change-data-capture-admin,"Use when enabling, configuring, or monitoring Change Data Capture (CDC) entity selection, channel enrichment, and delivery usage limits from an admin perspective. Covers the PlatformEventChannel and PlatformEventChannelMember metadata, the standard ChangeEvents channel, custom __chn data channels, enrichedFields, filterExpression, destructive deselection, and PlatformEventUsageMetric / EventBusSubscriber monitoring. Trigger keywords: change data capture, CDC, entity selection, change event, platform event channel, channel member, enrichment, event delivery allocation. NOT for writing an Apex change-event trigger — use apex/change-data-capture-apex. NOT for subscribing an external system over Pub/Sub or CometD — use integration/change-data-capture-integration.",1.1.0,Spring '25+,false,12,0,Reliability;Operational Excellence,skills/admin/change-data-capture-admin/SKILL.md,b982d9c4e0167b2408daccd206316cb8cecaddc1ce8a1eff617e1a696c6c6428,retain-knowledge-substrate,false,progressive-on-demand,Do not flatten into always-on host context; preserve package and evaluate through product context packs.
admin/change-management-and-deployment,admin,change-management-and-deployment,"Use when planning, reviewing, or troubleshooting Salesforce metadata releases and admin deployment processes. Triggers: 'change set', 'deployment plan', 'rollback', 'DevOps Center', 'SFDX deploy', 'release checklist', 'production deployment', 'validation only deploy', 'quick deploy', 'test level', 'rollbackOnError', 'destructive changes', 'package.xml for an admin release', 'deployment status'. NOT for change set upload mechanics — use devops/change-set-deployment. NOT for scoring release risk up front — use admin/deployment-risk-assessment.",1.1.1,Spring '25+,false,14,0,Operational Excellence;Reliability;Security,skills/admin/change-management-and-deployment/SKILL.md,d9fd215565c26b5740b1b59e76bb8fe6b9a9b1da5d030d0c39c2061eb9ee647e,retain-knowledge-substrate,false,progressive-on-demand,Do not flatten into always-on host context; preserve package and evaluate through product context packs.
admin/change-management-and-training,admin,change-management-and-training,"Use this skill when planning user adoption, structuring Salesforce training materials, drafting release communications, or running a change impact assessment for a Salesforce rollout or update. Triggers: user adoption plan, training materials, release announcement, change impact, go-live communication, communication plan, training plan by persona, adoption metrics, LoginHistory adoption report, PromptAction, training sandbox, go-live checklist, post-go-live feedback, super user program, pilot group. NOT for org deployment mechanics or sandbox promotion — use admin/change-management-and-deployment. NOT for adoption of an Agentforce or Einstein AI feature — use admin/ai-adoption-change-management. NOT for configuring the in-app prompts themselves — use admin/in-app-guidance-and-walkthroughs.",1.1.0,Spring '25+,false,9,0,Operational Excellence;User Experience,skills/admin/change-management-and-training/SKILL.md,88fc81ef23e89cf4900bcfec65d7df6d971ea4f1646140892b4751c1b9ecacfe,retain-knowledge-substrate,false,progressive-on-demand,Do not flatten into always-on host context; preserve package and evaluate through product context packs.
admin/chatter-group-governance,admin,chatter-group-governance,"Use when admins are governing the Chatter group lifecycle — creation policy, public/private/unlisted visibility decisions, group ownership transfer when owners leave, archived vs inactive vs deleted state changes, auto-archive behavior, naming conventions, group templates (Information Templates), and orphan-group cleanup after user terminations. Triggers: 'we have 800 dead chatter groups', 'group owner left the company who owns it now', 'should this group be public private or unlisted', 'when does a chatter group auto-archive', 'how do I delete vs archive a chatter group', 'we need a chatter group naming convention'. NOT for Chatter notification / digest / feed-noise tuning (use admin/chatter-notification-tuning), NOT for Chatter REST API integration patterns (use apex/apex-connect-api-chatter), NOT for Custom Notifications API (use apex/apex-custom-notifications-from-apex), NOT for Experience Cloud / Customer Community group access (different sharing model).",1.1.0,Spring '25+,true,19,0,Operational Excellence;Security,skills/admin/chatter-group-governance/SKILL.md,5d02b62a415e1235db179415129fa21c7837dbe73677c4d34564ad0a873866f8,retain-knowledge-substrate,false,progressive-on-demand,Do not flatten into always-on host context; preserve package and evaluate through product context packs.
admin/chatter-notification-tuning,admin,chatter-notification-tuning,"Use when admins are reducing Chatter signal-to-noise across an org — covers org-level Chatter Email Settings, per-user Email Settings preferences, group-level email digest frequency (Daily / Weekly / Every post / Never), bell-icon Custom Notifications vs Chatter feed-post tradeoffs, automated-feed suppression on record types via Feed Tracking config, and the Chatter Settings org defaults that control whether new users start with everything-on. Triggers: 'chatter feed full of automated posts nobody reads', 'users complain about chatter email volume', 'turn off chatter notifications for a specific group', 'change default chatter digest frequency', 'stop process builder posts from filling the feed', 'NotificationFrequency invalid value', 'ChatterEmailsMD.settings will not deploy', 'custom notification recipient limit'. NOT for Custom Notifications API design (use apex/apex-custom-notifications-from-apex), NOT for Connect API / Chatter REST API integration patterns (use apex/apex-connect-api-chatter), NOT for Chatter group lifecycle, archiving, ownership and unlisted-group governance (use admin/chatter-group-governance).",1.1.0,Spring '25+,true,22,0,Operational Excellence;Security,skills/admin/chatter-notification-tuning/SKILL.md,4ce7dc9801496263e009c009015c40702c164be54b34040504425b276feb1bcf,retain-knowledge-substrate,false,progressive-on-demand,Do not flatten into always-on host context; preserve package and evaluate through product context packs.
admin/classic-email-template-migration,admin,classic-email-template-migration,"Migrating Classic email templates (Text, HTML with Letterhead, Custom HTML, Visualforce email) to Lightning Email Templates (LET) and the Email Template Builder. Covers merge-field translation, Letterhead-to-Enhanced-Letterhead conversion, Visualforce email retention strategy, folder reorganization, sender-context (OrgWideEmailAddress) preservation, and downstream Email Alert / Process Builder / Flow rewiring. NOT for transactional Apex email sending (use apex/apex-outbound-email-patterns) or marketing email broadcasts (use Marketing Cloud / Account Engagement).",1.0.0,Spring '25+,false,6,0,User Experience;Operational Excellence;Security,skills/admin/classic-email-template-migration/SKILL.md,e31cb70004fe789bbfd3c000730741c0ad334e7ef3399c15c00798c3b7a971b8,retain-knowledge-substrate,false,progressive-on-demand,Do not flatten into always-on host context; preserve package and evaluate through product context packs.
admin/client-onboarding-design,admin,client-onboarding-design,"Use this skill when designing the FSC client onboarding process — mapping document collection touchpoints, approval steps, compliance checkpoint sequencing, and welcome journey handoffs. Trigger keywords: client onboarding design, onboarding workflow requirements, document collection flow, compliance checkpoint, welcome journey, intake process design. NOT for configuring the Action Plan template itself — use admin/fsc-action-plans. NOT for OmniScript screen and branching requirements — use admin/omniscript-flow-design-requirements.",1.0.0,Spring '25+,false,5,0,Operational Excellence;Security;Reliability,skills/admin/client-onboarding-design/SKILL.md,9b8c8dda25866923c598bf9056a433d52a1123109a6b9864456a1229bf5210ab,retain-knowledge-substrate,false,progressive-on-demand,Do not flatten into always-on host context; preserve package and evaluate through product context packs.
admin/clinical-data-requirements,admin,clinical-data-requirements,"Use this skill when defining clinical data model requirements for Health Cloud: HL7/FHIR data mapping, interoperability requirements, FHIR R4-aligned object activation, CodeableConcept constraints, and middleware translation requirements. NOT for the field-level mapping work itself — use data/fhir-data-mapping. NOT for choosing legacy HC24__ EHR objects vs standard clinical objects — use data/health-cloud-data-model.",1.0.0,Spring '25+,false,5,2,Operational Excellence;Security,skills/admin/clinical-data-requirements/SKILL.md,d2e1981018653eda800b9642af9a60fa90e306350a4121bd7ddbcb209a3bd209,retain-knowledge-substrate,false,progressive-on-demand,Do not flatten into always-on host context; preserve package and evaluate through product context packs.
admin/collaborative-forecasts,admin,collaborative-forecasts,"Set up, configure or troubleshoot Salesforce Collaborative Forecasts: forecast types, forecast categories, rollup methods, quota management, forecast hierarchy, manager adjustments, pipeline inspection integration. Trigger keywords: forecast type, forecast category, cumulative rollup, individual rollup, quota, forecast adjustment, forecast hierarchy, opportunity splits forecasting, pipeline forecast. NOT for configuring the opportunity stages, sales processes or split types themselves — use admin/opportunity-management. NOT for territory-based forecasting setup — use admin/enterprise-territory-management. NOT for Classic/Customizable Forecasting.",1.1.0,Spring '25+,false,13,0,Operational Excellence;Reliability,skills/admin/collaborative-forecasts/SKILL.md,6fae09080cc665f3b10b780fc0a39fd78744ec7def7a6bd7701194af413cdce4,retain-knowledge-substrate,false,progressive-on-demand,Do not flatten into always-on host context; preserve package and evaluate through product context packs.
admin/commerce-catalog-strategy,admin,commerce-catalog-strategy,"Use this skill when designing a product catalog taxonomy, planning attribute strategy, or determining search and navigation structure for a B2B or B2C/D2C Commerce store. Triggers on: taxonomy design questions, attribute planning, search index strategy, category navigation structure, or merchandising hierarchy decisions. NOT for wiring the catalog itself — WebStoreCatalog, entitlement policies, product assignment — use admin/commerce-product-catalog. NOT for configuring searchable or facetable attributes, sort rules and index rebuilds — use apex/commerce-search-customization.",1.0.0,Spring '25+,false,6,0,Performance;Scalability;Operational Excellence,skills/admin/commerce-catalog-strategy/SKILL.md,76ad2b700fb973b746b890c3b32b76530f4de96288dca46a7da83e17be8827e0,retain-knowledge-substrate,false,progressive-on-demand,Do not flatten into always-on host context; preserve package and evaluate through product context packs.
admin/commerce-checkout-configuration,admin,commerce-checkout-configuration,"Use this skill when configuring Salesforce B2B or D2C Commerce checkout: payment methods, shipping/tax integration, guest checkout, order summary setup, and CartCheckoutSession state orchestration. Trigger keywords: checkout flow, payment adapter, shipping tax integration, guest checkout, order summary, CartCheckoutSession, Managed Checkout, Commerce checkout flow. NOT for deciding the checkout design before build (LWR vs Aura) — use admin/commerce-checkout-flow-design. NOT for writing the CommercePayments adapter class — use apex/commerce-payment-integration.",1.0.0,Spring '25+,false,7,0,Security;Reliability;Performance,skills/admin/commerce-checkout-configuration/SKILL.md,4c06fbed8d759c6a343d1e2194302a2a3a08700b3a7052e8bd92f9f249a9c250,retain-knowledge-substrate,false,progressive-on-demand,Do not flatten into always-on host context; preserve package and evaluate through product context packs.
admin/commerce-checkout-flow-design,admin,commerce-checkout-flow-design,"Use this skill when designing the checkout experience for a Salesforce B2B or D2C Commerce storefront — covering runtime model selection (LWR Managed Checkout vs Aura Flow Builder), cart and line-item requirements, payment option scoping, shipping rule definition, and guest vs. registered buyer experience design. Trigger keywords: checkout flow design, checkout UX requirements, LWR vs Aura checkout, guest checkout design, payment options design, shipping rules, checkout experience planning. NOT for configuring the checkout in Setup once designed — use admin/commerce-checkout-configuration. NOT for choosing B2B vs D2C Commerce — use admin/b2b-vs-b2c-requirements.",1.0.0,Spring '25+,false,7,0,Security;Reliability;User Experience,skills/admin/commerce-checkout-flow-design/SKILL.md,fd900a0d1303792b91ec994315816edb72167d6c46fd4118a8610bab9cf83417,retain-knowledge-substrate,false,progressive-on-demand,Do not flatten into always-on host context; preserve package and evaluate through product context packs.
admin/commerce-order-management,admin,commerce-order-management,"Use this skill for Salesforce Order Management (OMS) tasks: order lifecycle, OrderSummary creation and status, FulfillmentOrder creation and routing, returns, exchanges, cancellations, and platform event subscriptions. Trigger keywords: order management, OrderSummary, FulfillmentOrder, ReturnOrder, ensure-funds, ensure-refunds, submit-cancel, submit-return, adjust-item-submit. NOT for split-order routing or Omnichannel Inventory design — use architect/order-management-architecture. NOT for loading historical orders — use data/commerce-order-history-migration.",1.0.0,Spring '25+,false,5,0,Reliability;Security;Performance,skills/admin/commerce-order-management/SKILL.md,373f36135577b6f700eb23699449d0958b5211d5cdd8dee55b440c2007b75e6f,retain-knowledge-substrate,false,progressive-on-demand,Do not flatten into always-on host context; preserve package and evaluate through product context packs.
admin/commerce-pricing-and-promotions,admin,commerce-pricing-and-promotions,"Configure pricebooks, tiered pricing, promotions, coupon codes, and cart discounts for B2B or D2C Commerce stores. Trigger keywords: WebStorePricebook, BuyerGroupPricebook, PriceAdjustmentSchedule, PromotionsCartCalculator, commerce coupon, cart-level discount, tiered price, Commerce promotion. NOT for Sales Cloud pricebooks and PricebookEntry - use admin/products-and-pricebooks. NOT for CPQ quote pricing and discount schedules - use admin/cpq-pricing-rules.",1.0.0,Spring '25+,false,6,0,Reliability;Performance;Scalability,skills/admin/commerce-pricing-and-promotions/SKILL.md,1295817469aa057ebc5be34597aef34c0ef149ad1755cc19836f87aba4c74eb3,retain-knowledge-substrate,false,progressive-on-demand,Do not flatten into always-on host context; preserve package and evaluate through product context packs.
admin/commerce-product-catalog,admin,commerce-product-catalog,"Use when configuring or troubleshooting the B2B/B2C Commerce product catalog — ProductCatalog, ProductCategory, ProductCategoryProduct, WebStoreCatalog, CommerceEntitlementPolicy, product attributes, and product variants. Trigger keywords: product catalog, product category, commerce catalog, entitlement policy, product variants, product attributes, catalog visibility. NOT for taxonomy, attribute strategy or category navigation design — use admin/commerce-catalog-strategy. NOT for search ranking, facets or index rebuilds — use apex/commerce-search-customization. NOT for CPQ catalogs.",1.0.0,Spring '25+,false,5,0,Security;Performance;Scalability,skills/admin/commerce-product-catalog/SKILL.md,af7a1c8a881f451ffa8e5367551efaff8e70364ed08a0e68df980546cd644709,retain-knowledge-substrate,false,progressive-on-demand,Do not flatten into always-on host context; preserve package and evaluate through product context packs.
admin/community-engagement-strategy,admin,community-engagement-strategy,"Design the engagement model for an Experience Cloud community: reputation levels, ideation, and content contribution strategy. Triggers: 'community engagement strategy', 'gamification Experience Cloud', 'reputation levels setup', 'ideation community portal', 'member recognition program'. NOT for blocking, flagging or approving what members post — use admin/experience-cloud-moderation. NOT for measuring logins, page views or engagement after launch — use data/community-analytics-data. Also covers: the Network reputation elements that carry the ladder (enableReputation, reputationLevels/level/label/lowerThreshold, reputationPointsRules/pointsRule/eventType/points), the 16 documented reputation eventType values and their default points, ManagedTopics / ManagedTopic (Navigational vs Featured, position 0-24), NetworkMember.ReputationPoints seeding, and why FeedItem cannot carry the engagement dashboard.",1.1.0,Spring '25+,false,21,0,Operational Excellence,skills/admin/community-engagement-strategy/SKILL.md,0309723aa9eb093113234c31be3032e9958b1fcdb3d768c9b2fecfef23977daf,retain-knowledge-substrate,false,progressive-on-demand,Do not flatten into always-on host context; preserve package and evaluate through product context packs.
admin/compliance-documentation-requirements,admin,compliance-documentation-requirements,"Use when setting up or auditing how compliance documentation is structured, collected, and preserved for regulatory audit in Salesforce FSC — covering KYC data collection workflows, AML screening integration setup, audit trail configuration, and regulatory reporting readiness. Triggers: KYC form setup, AML integration configuration, compliance data collection, audit trail setup, regulatory documentation workflow, Field Audit Trail configuration, Setup Audit Trail, Event Monitoring, Discovery Framework, FSC KYC objects, Identity Document setup, Party Identity Verification. NOT for security implementation, NOT for designing AML/KYC architecture (use architect/aml-kyc-process-architecture), NOT for configuring who can access deal or client data (use admin/compliant-data-sharing-setup).",1.0.0,Spring '25+,false,5,0,Security;Operational Excellence;Reliability,skills/admin/compliance-documentation-requirements/SKILL.md,8d7a780e476e6757baf56eb9144e6479a29dcc690a9d84ba497601b33bc82389,retain-knowledge-substrate,false,progressive-on-demand,Do not flatten into always-on host context; preserve package and evaluate through product context packs.
admin/compliant-data-sharing-setup,admin,compliant-data-sharing-setup,"Declarative setup of Compliant Data Sharing (CDS) in Financial Services Cloud: enabling CDS per-object in IndustriesSettings, configuring OWDs, creating CDS permissions, adding the Financial Deal Participants related list, and defining Participant Roles. Trigger keywords: ethical walls, compliant data sharing setup, FSC sharing model, isolate banking teams, participant roles. NOT for participant record DML from Apex — use apex/fsc-compliant-sharing-api. NOT for the FSC sharing design decision — use architect/fsc-architecture-patterns.",1.0.0,Spring '25+,false,6,0,Security;Reliability,skills/admin/compliant-data-sharing-setup/SKILL.md,6666cfacc14e8c2f20568b29b4e2013512bc735e6f3da9dbbbcdc3620b10ada5,retain-knowledge-substrate,false,progressive-on-demand,Do not flatten into always-on host context; preserve package and evaluate through product context packs.
admin/compound-field-patterns,admin,compound-field-patterns,"Compound fields (Name, Address, Geolocation): SOQL access rules, DML semantics, component access in Apex/LWC, reporting column behavior, formula field restrictions. NOT for creating a new custom field — use admin/custom-field-creation. NOT for formula syntax and functions — use admin/formula-fields. Trigger keywords: BillingAddress, MailingAddress, ShippingAddress, StateCode, CountryCode, GeocodeAccuracy, Location field type, displayLocationInDecimal, __Latitude__s, __Longitude__s, DISTANCE, GEOLOCATION, Custom Address Fields, AddressSettings, System.Address, System.Location, Person Account name.",1.3.0,Spring '25+,false,16,0,Reliability;Performance,skills/admin/compound-field-patterns/SKILL.md,3a068db599e3ba6420f54a4030d9b8f51e39bc1bcfd06884d52834dbf309ae0b,retain-knowledge-substrate,false,progressive-on-demand,Do not flatten into always-on host context; preserve package and evaluate through product context packs.
admin/configuration-workbook-authoring,admin,configuration-workbook-authoring,"Author the Salesforce Configuration Workbook — the structured, reviewable handoff document an admin uses to execute a feature across Objects/Fields, Page Layouts, Profiles/PSGs, Sharing, Validation, Automation, List Views, Reports, Integrations, and Data. Triggers: 'salesforce configuration workbook', 'admin handoff document', 'implementation workbook'. NOT for object design itself (use admin/custom-field-creation, admin/lookup-and-relationship-design, agents/object-designer/AGENT.md), NOT for permission set design (use admin/permission-set-architecture, agents/permission-set-architect/AGENT.md), NOT for Flow construction (use skills/flow/* and agents/flow-builder/AGENT.md), and NOT for the deployment manifest (use skills/devops/metadata-api-retrieve-deploy). More triggers: workbook row schema, recommended_agent, recommended_skills, row_id, source_req_id, RTM linkage block, not-in-scope-this-release, descope ledger, version-lock the workbook, check_workbook.py.",1.1.1,Spring '25+,false,17,0,Operational Excellence;Reliability;Security,skills/admin/configuration-workbook-authoring/SKILL.md,7e03781797bdbab75947622aac716e2fec530bd30f628d6dd3b94803817a28ef,retain-knowledge-substrate,false,progressive-on-demand,Do not flatten into always-on host context; preserve package and evaluate through product context packs.
admin/connected-app-troubleshooting,admin,connected-app-troubleshooting,"Troubleshooting Connected App OAuth flows — IP relaxation vs IP restriction, refresh token policy traps (default kills the connection on first refresh), session-revocation semantics, the OAuth error-code catalog (`invalid_grant`, `invalid_client_id`, `unsupported_grant_type`), per-user vs admin-pre-approved flows, and the user-policy check (Connected App must be assigned to the user via profile / permset). Covers the Login History debug trail. NOT for designing the OAuth flow itself — use integration/oauth-flows-and-connected-apps. NOT for a SAML / SSO login failure — use security/sso-saml-troubleshooting. Trigger keywords: 'invalid_grant', 'OAUTH_APP_BLOCKED', 'redirect_uri_mismatch', 'LoginHistory Status', 'LoginSubType', 'OauthRefreshToken', 'ForwardedForIp', 'SetupAuditTrail connected app', 'refreshTokenPolicy zero', 'isSecretRequiredForRefreshToken', 'works once then fails', 'diagnosis record'.",1.1.0,Spring '25+,false,12,0,Security;Reliability;Operational Excellence,skills/admin/connected-app-troubleshooting/SKILL.md,78a16e007aec08362b4e4069ecec36ba1bcb7b56adc1d3f359ab8fadafa975ac,retain-knowledge-substrate,false,progressive-on-demand,Do not flatten into always-on host context; preserve package and evaluate through product context packs.
admin/connected-apps-and-auth,admin,connected-apps-and-auth,"Use when designing, reviewing, or troubleshooting Salesforce connected apps, External Client Apps, Named Credentials, External Credentials, and OAuth-based integration access. Triggers: 'connected app', 'OAuth flow', 'client credentials', 'JWT bearer', 'Named Credential', 'External Credential', 'integration user', 'IP restrictions', 'connectedApp-meta.xml', 'ExternalClientApplication', 'ExtlClntAppOauthSettings', 'isAdminApproved', 'refreshTokenPolicy', 'ipRelaxation', 'consumer key', 'consumer secret', 'permittedUsersPolicyType'. NOT for OAuth error codes you are already seeing — use admin/connected-app-troubleshooting. NOT for External Credential principal-type setup steps — use integration/named-credentials-setup.",1.3.0,Spring '25+,false,17,0,Security;Operational Excellence;Reliability,skills/admin/connected-apps-and-auth/SKILL.md,6f5094c2a40e58742df931af1e1b23bdbf13fa8f784b954e92b9980ccc5c91a8,retain-knowledge-substrate,false,progressive-on-demand,Do not flatten into always-on host context; preserve package and evaluate through product context packs.
admin/consent-management-marketing,admin,consent-management-marketing,"Email consent management in Marketing Cloud: configuring Subscription Centers, building Preference Centers on CloudPages, enforcing CAN-SPAM and GDPR requirements, and handling opt-out propagation. Trigger keywords: unsubscribe handling, CAN-SPAM compliance, GDPR consent tracking, publication lists, subscription center, preference center, opt-out, double opt-in, Privacy Center, MC consent. NOT for subscriber key and suppression lists — use data/subscriber-data-management. NOT for the CRM consent data model or MC-to-CRM sync — use architect/marketing-consent-architecture.",1.0.0,Spring '25+,false,7,0,Security;Reliability;Operational Excellence,skills/admin/consent-management-marketing/SKILL.md,518659586ac67fac3ed1f72218d9f36a17cf0f0c2e9672f2f235f168e42dd9f8,retain-knowledge-substrate,false,progressive-on-demand,Do not flatten into always-on host context; preserve package and evaluate through product context packs.
admin/consumer-goods-cloud-setup,admin,consumer-goods-cloud-setup,"Consumer Goods Cloud setup: visit execution, retail execution, route planning, in-store task management, compliance checks, off-shelf detection, image recognition. NOT for territory planning and route optimization for sales reps - use integration/salesforce-maps-setup. NOT for B2B Commerce storefronts - use admin/b2b-commerce-store-setup.",1.0.0,Spring '25+,false,6,0,Reliability;Operational Excellence;Scalability,skills/admin/consumer-goods-cloud-setup/SKILL.md,d2552ac68cd8b94745629d9880b5194bc57af6f3b747ff4bdfb4173f17ea1617,retain-knowledge-substrate,false,progressive-on-demand,Do not flatten into always-on host context; preserve package and evaluate through product context packs.
admin/contract-and-renewal-management,admin,contract-and-renewal-management,"Use when configuring or troubleshooting Salesforce CPQ contract creation, subscription management, amendment quotes, or renewal quotes. Trigger keywords: contract, amendment, renewal, subscription, co-termination, SBQQ__Subscription__c. NOT for designing the amendment/renewal architecture or swap pattern — use architect/subscription-management-architecture. NOT for amending or renewing contracts from Apex — use apex/cpq-api-and-automation. Also covers the standard Contract and Order objects underneath CPQ — Contract Status vs StatusCode, activation locking, EndDate auto-calculation, ContractSettings and OrderSettings, reduction orders, and renewal-reminder automation. Trigger keywords: Contract, ContractStatus, StatusCode, ActivatedDate, OwnerExpirationNotice, ContractTerm, EndDate, Order, OrderItem, reduction order, ContractSettings, OrderSettings, renewal reminder. NOT for Revenue Cloud or Subscription Management objects — use architect/revenue-cloud-architecture and architect/subscription-management-architecture.",1.1.0,Spring '25+,false,10,2,Reliability;Operational Excellence;Performance,skills/admin/contract-and-renewal-management/SKILL.md,7d3502c79db824159e33915cada79b992fb9bc2c7142fb1a7ccec9f7becebe73,retain-knowledge-substrate,false,progressive-on-demand,Do not flatten into always-on host context; preserve package and evaluate through product context packs.
admin/cpq-approval-workflows,admin,cpq-approval-workflows,"Configuring or troubleshooting Salesforce CPQ Advanced Approvals: SBAA__ApprovalRule__c, SBAA__ApprovalVariable__c for cross-line aggregation, SBAA__ApprovalChain__c for ordered approver sequences, escalation timeouts, Smart Approvals for re-quote skip logic, and the managed package's permission sets. Trigger keywords: CPQ Advanced Approvals, SBAA approval rule, approval variable, approval chain, discount approval, line-level approval, Smart Approvals, requote approval. NOT for standard non-CPQ Salesforce approval processes - use admin/approval-processes. NOT for CPQ price rules and discount schedules - use admin/cpq-pricing-rules.",1.0.0,Spring '25+,false,7,2,Security;Operational Excellence;Reliability,skills/admin/cpq-approval-workflows/SKILL.md,aea5a992b7786490656589b8594f14e8be4bd0e531ee0b1e92b67cae41a47316,retain-knowledge-substrate,false,progressive-on-demand,Do not flatten into always-on host context; preserve package and evaluate through product context packs.
admin/cpq-guided-selling,admin,cpq-guided-selling,"Use this skill when configuring or troubleshooting the Salesforce CPQ Guided Selling wizard: Quote Process records, ProcessInput questions that filter products by field value, mapping answers to Product2 classification fields, and search type choice (Standard, Enhanced, Custom). Trigger keywords: CPQ guided selling, quote process wizard, product selection wizard, SBQQ__QuoteProcess__c, SBQQ__ProcessInput__c, guided product selection, auto select product, product search plugin. NOT for bundles, product options, or product rules — use admin/cpq-product-catalog-setup. NOT for writing a custom ProductSearchPlugin in Apex — use apex/cpq-apex-plugins.",1.0.0,Spring '25+,false,7,2,Operational Excellence;Reliability,skills/admin/cpq-guided-selling/SKILL.md,3debeb621a7713510a0c51f8bd0d359e77d87034912ead20697ca44fe0cc9873,retain-knowledge-substrate,false,progressive-on-demand,Do not flatten into always-on host context; preserve package and evaluate through product context packs.
admin/cpq-pricing-rules,admin,cpq-pricing-rules,"Use when configuring or troubleshooting Salesforce CPQ pricing: Price Rules, Price Conditions, Price Actions, Lookup Queries, Discount Schedules, Block Pricing, Percent of Total, and Contracted Prices. Trigger keywords: CPQ price rule, price action, discount schedule, block pricing, percent of total, contracted price, SBQQ__PriceRule__c, CPQ quote calculation engine, price waterfall. NOT for picking the pricing method — use admin/pricing-model-design. NOT for pricebook pricing without CPQ — use admin/products-and-pricebooks.",1.0.0,Spring '25+,false,7,2,Operational Excellence;Performance;Reliability,skills/admin/cpq-pricing-rules/SKILL.md,ff2e4d1d0f6c43ecdd86ff90fdd37981bbf95202b37233efd029f403e73b9fa3,retain-knowledge-substrate,false,progressive-on-demand,Do not flatten into always-on host context; preserve package and evaluate through product context packs.
admin/cpq-product-catalog-setup,admin,cpq-product-catalog-setup,"Use this skill when setting up or modifying product bundles, product options, product rules, configuration attributes, and product features in Salesforce CPQ. Trigger keywords: CPQ product bundle, product rule, option constraint, feature configuration, dynamic bundle, filter rule, configuration attribute, bundle nesting. NOT for plain Products and Pricebooks without CPQ — use admin/products-and-pricebooks. NOT for moving an existing CPQ catalog between orgs — use data/product-catalog-migration-cpq. NOT for price rules, price actions or discount schedules — use admin/cpq-pricing-rules.",1.0.0,Spring '25+,false,6,1,Operational Excellence;Performance,skills/admin/cpq-product-catalog-setup/SKILL.md,bacfbeac32499b48efde8fda2eb1609617344a9a4bf425f00ac49411483f78de,retain-knowledge-substrate,false,progressive-on-demand,Do not flatten into always-on host context; preserve package and evaluate through product context packs.
admin/cpq-quote-templates,admin,cpq-quote-templates,"Use when designing or troubleshooting Salesforce CPQ (SBQQ) quote templates: building template sections, configuring line columns, conditionally showing sections, generating branded PDFs, or handling multi-language output. Triggers: 'CPQ quote template', 'SBQQ template', 'CPQ PDF', 'line columns', 'quote template sections', 'conditional section', 'CPQ quote document'. NOT for standard non-CPQ quote templates in Setup — use admin/quotes-and-quote-templates. NOT for a Visualforce-built quote PDF — use apex/quote-pdf-customization.",1.0.0,Spring '25+,false,6,0,Reliability;User Experience;Operational Excellence,skills/admin/cpq-quote-templates/SKILL.md,5d845abbeb7f65b9ba5b95bdf265770cf6bdb8be67371816be300f0654f9f276,retain-knowledge-substrate,false,progressive-on-demand,Do not flatten into always-on host context; preserve package and evaluate through product context packs.
admin/crm-analytics-app-creation,admin,crm-analytics-app-creation,"Use when creating or configuring a CRM Analytics (Einstein Analytics) app — including app containers, lenses, datasets, data source connections, app sharing, and the row-level security that gates whether users see any data. NOT for choosing Reports vs CRM Analytics vs Tableau — use admin/einstein-analytics-basics. NOT for security predicate syntax, sharing inheritance or Analytics license assignment — use admin/analytics-permission-and-sharing.",1.0.0,Spring '25+,true,5,0,Security;Performance,skills/admin/crm-analytics-app-creation/SKILL.md,a08cf308f90db7c8f3478299c6428c4bbcfb296845c869ff18a8992369e5322e,retain-knowledge-substrate,false,progressive-on-demand,Do not flatten into always-on host context; preserve package and evaluate through product context packs.
admin/custom-button-to-action-migration,admin,custom-button-to-action-migration,"Migrating Classic Custom Buttons (Detail Page Buttons, List Buttons, Mass Action Buttons) and JavaScript Buttons to Lightning Quick Actions, Screen Flow Actions, LWC Quick Actions, and headless Quick Actions. Covers JavaScript-button-to-action translation patterns (sforce.apex.execute → Apex action, navigation alerts → toast events, MassAction.update → record-collection processing), URL button translation, and the irreversible loss of Classic JavaScript button capability in Lightning. NOT for new Quick Action design (use admin/global-actions-and-quick-actions) or Lightning record page composition (use admin/lightning-app-builder-advanced).",1.0.0,Spring '25+,false,6,0,User Experience;Operational Excellence;Security,skills/admin/custom-button-to-action-migration/SKILL.md,04d5ca5e85594427e8fb7c64caf14b5b8cb639046b9b30378e06c7478daeeddf,retain-knowledge-substrate,false,progressive-on-demand,Do not flatten into always-on host context; preserve package and evaluate through product context packs.
admin/custom-field-creation,admin,custom-field-creation,"Use when creating a new custom field on any Salesforce object: choosing field type, setting API name, configuring Field-Level Security, adding to page layouts, and deploying. Triggers: 'add a field', 'new custom field', 'what field type should I use', 'FLS not working', 'field not showing on page layout'. NOT for creating the object itself - use admin/object-creation-and-design. NOT for formula field logic - use admin/formula-fields. NOT for picklist value set management - use admin/picklist-and-value-sets. Also covers: field-meta.xml, CustomField metadata, deleteConstraint, externalId, unique, precision and scale, relationshipOrder, writeRequiresMasterRead, fieldPermissions, package.xml for fields.",1.1.0,Spring '25+,false,21,0,Security;Operational Excellence,skills/admin/custom-field-creation/SKILL.md,9b66869f12d6004d36da1a8b1e5fbc67c7f30c5729b196c42210168cda00d480,retain-knowledge-substrate,false,progressive-on-demand,Do not flatten into always-on host context; preserve package and evaluate through product context packs.
admin/custom-label-management,admin,custom-label-management,"Custom Labels for i18n, configuration strings, and UI text: translation workbench, Apex System.Label, LWC @salesforce/label imports, 1,000-char limit. NOT for translating picklist values, field labels or layouts — use admin/multi-language-and-translation. NOT for config values in custom metadata or custom settings — use admin/custom-metadata-types.",1.2.0,Spring '25+,false,11,0,Operational Excellence;Scalability,skills/admin/custom-label-management/SKILL.md,83519c888fa367efc57792b2113aaad3c96c26f8d9c475447a53c569619d0d8e,retain-knowledge-substrate,false,progressive-on-demand,Do not flatten into always-on host context; preserve package and evaluate through product context packs.
admin/custom-metadata-types,admin,custom-metadata-types,"Use when designing deployable Salesforce configuration with Custom Metadata Types, especially when choosing between CMTs, Custom Settings, and Custom Objects, protecting packaged defaults, or exposing config to Apex, Flow, and formulas. Triggers: 'custom metadata vs custom settings', 'deployable config', 'protected custom metadata', 'feature flags in Salesforce'. NOT for hierarchical Custom Settings resolution, getInstance/getValues, or their SOQL cost — use admin/custom-metadata-types-and-settings. NOT for high-churn transactional or user-managed business records — use admin/object-creation-and-design. NOT for secrets — use integration/named-credentials-setup. More trigger keywords: __mdt, CustomMetadata .md file, customMetadata folder, getInstance, getAll, xsi:type, visibility PackageProtected, MetadataRelationship, EntityDefinition field, $CustomMetadata.",1.1.0,Spring '25+,false,13,0,Operational Excellence;Reliability;Security,skills/admin/custom-metadata-types/SKILL.md,b797853f7fd2c0e775f18a4b3174ea60b4c05d69ea4b9b8dc80c68357511c246,retain-knowledge-substrate,false,progressive-on-demand,Do not flatten into always-on host context; preserve package and evaluate through product context packs.
admin/custom-metadata-types-and-settings,admin,custom-metadata-types-and-settings,"Use when choosing between Custom Metadata Types and Custom Settings, understanding hierarchical vs list settings, deployment behavior, governor limit implications, or accessing either from Apex and Flow. Trigger keywords: 'custom metadata vs custom settings', 'hierarchical settings per user profile', 'deployable config vs runtime settings', 'getValues getInstance in apex', 'flow get records custom settings'. NOT for modelling the CMT itself or protecting packaged defaults — use admin/custom-metadata-types. NOT for records users edit as business data — use admin/object-creation-and-design. NOT for secrets — use integration/named-credentials-setup. More trigger keywords: customSettingsType, customSettingsVisibility, SetupOwnerId, getOrgDefaults, getAll, DUPLICATE_VALUE in test, SeeAllData custom settings, enableAdvancedCSSecurity, customSettingAccesses, org default profile user override.",1.1.0,Spring '25+,false,11,0,Operational Excellence;Reliability;Performance,skills/admin/custom-metadata-types-and-settings/SKILL.md,9944a637300eb45cd15a463bcae17a1c62ebbd0e308845fe91b29d352fbe50d4,retain-knowledge-substrate,false,progressive-on-demand,Do not flatten into always-on host context; preserve package and evaluate through product context packs.
admin/custom-notification-type-design,admin,custom-notification-type-design,"Use when designing Custom Notification Types that fire via Flow, Apex, or Process Builder to Lightning bell, desktop, mobile (push), and Slack. Covers channel enablement, targeting, deliverability, consent, and anti-spam discipline. NOT for actually sending one from Flow or Apex, or the recipient limit — use admin/custom-notification-types. NOT for email templates and alerts — use admin/email-templates-and-alerts.",1.0.1,Spring '25+,false,7,0,User Experience;Operational Excellence;Security,skills/admin/custom-notification-type-design/SKILL.md,b361babb1cb779082bd552d848a7ed2f4b5ed61aaeb25f2ddea45fa150869de3,retain-knowledge-substrate,false,progressive-on-demand,Do not flatten into always-on host context; preserve package and evaluate through product context packs.
admin/custom-notification-types,admin,custom-notification-types,"Custom Notification Types for desktop/mobile push alerts from Flow or Apex: type creation, target channels, Messaging.CustomNotification invocation, recipient limits, bulk notification patterns. NOT for choosing channels, consent, or notification-fatigue policy — use admin/custom-notification-type-design. NOT for email alerts — use admin/email-templates-and-alerts. Trigger keywords: notiftype, notificationtypes directory, customNotifTypeName, customNotificationAction, setNotificationTypeId, targetPageRef, NotificationTypeConfig.",1.2.0,Spring '25+,false,11,0,Reliability,skills/admin/custom-notification-types/SKILL.md,fbd98cf431efb8f3b04578e600cbf87857ea8e5eca62c635997f87808548b0a8,retain-knowledge-substrate,false,progressive-on-demand,Do not flatten into always-on host context; preserve package and evaluate through product context packs.
admin/custom-permissions,admin,custom-permissions,"Use when creating, assigning, or checking custom permissions to control feature access beyond CRUD and FLS. Trigger keywords: 'custom permission', 'FeatureManagement.checkPermission', '$Permission global variable', 'feature gate', 'named access grant', 'beta feature flag', 'SetupEntityAccess', 'requiredPermission', 'who has this custom permission'. NOT for gating Apex service code and its tests — use apex/apex-custom-permissions-check. NOT for permission set design — use admin/permission-set-architecture.",1.2.2,Spring '25+,false,11,0,Security;User Experience,skills/admin/custom-permissions/SKILL.md,a5d18eb8440c498a1e7e9dee909cf2e7c3dcb73df6503a19bed5c7f1d0eac579,retain-knowledge-substrate,false,progressive-on-demand,Do not flatten into always-on host context; preserve package and evaluate through product context packs.
admin/data-cloud-calculated-insights,admin,data-cloud-calculated-insights,"Create, design, and maintain Calculated Insights in Data Cloud: SQL authoring, dimension and measure definition, scheduling, streaming insights. Trigger keywords: calculated insight, CI SQL, insight measure, insight dimension, streaming insight, insight schedule, Data Cloud metric, insight refresh. NOT for segment filters, audiences and activation - use admin/data-cloud-segmentation. NOT for ingestion, DLO to DMO mapping and identity resolution - use data/data-cloud-data-streams.",1.0.0,Spring '25+,false,7,0,Performance;Reliability;Operational Excellence,skills/admin/data-cloud-calculated-insights/SKILL.md,099a2011c6f578b3f550969c8cd9e1d6d5be90a49c5bcf5292d792d90023b8fb,retain-knowledge-substrate,false,progressive-on-demand,Do not flatten into always-on host context; preserve package and evaluate through product context packs.
admin/data-cloud-identity-resolution,admin,data-cloud-identity-resolution,"Use this skill when configuring or troubleshooting Data Cloud identity resolution rulesets — matching rules, reconciliation rules, unified profiles, and cross-device identity linking. Trigger keywords: identity resolution ruleset, unified individual, match rule, reconciliation rule, unified profile, cross-device identity, Data Cloud deduplication, cluster creation. NOT for CRM duplicate and matching rules — use admin/duplicate-management. NOT for overall Data Cloud layer and activation design — use architect/data-cloud-architecture.",1.0.0,Spring '25+,false,7,0,Security;Performance;Reliability,skills/admin/data-cloud-identity-resolution/SKILL.md,9b5336a178e97bdfb4bb3f0101b991c0fa9dad4dfeee9bf9af4c01ffbef728e1,retain-knowledge-substrate,false,progressive-on-demand,Do not flatten into always-on host context; preserve package and evaluate through product context packs.
admin/data-cloud-provisioning,admin,data-cloud-provisioning,"Use when enabling Data Cloud (Data 360) in an org, creating data spaces, assigning permission sets, registering ingestion API sources, or configuring activation targets. Triggers: 'enable data cloud', 'data spaces setup', 'data cloud permission sets', 'ingestion API connected app', 'activation target setup', 'data cloud licensing', 'dedicated home org vs existing org'. NOT for data streams or DLO-to-DMO mapping — use data/data-cloud-data-streams. NOT for identity resolution rulesets — use admin/data-cloud-identity-resolution.",1.0.0,Spring '25+,false,7,0,Security;Operational Excellence;Reliability,skills/admin/data-cloud-provisioning/SKILL.md,f268610e2a23ba52d3d06e7794125a0497d817f67dd055bb0e8e3beff9a37ca2,retain-knowledge-substrate,false,progressive-on-demand,Do not flatten into always-on host context; preserve package and evaluate through product context packs.
admin/data-cloud-segmentation,admin,data-cloud-segmentation,"Create, filter, refresh, and activate audience segments in Salesforce Data Cloud: segment types (Standard, Real-Time, Waterfall, Dynamic, Data Kit), segment refresh schedules, activation field mapping, audience publishing. NOT for the SQL metrics a segment filters on - use admin/data-cloud-calculated-insights. NOT for ingestion, DLO to DMO mapping and identity resolution - use data/data-cloud-data-streams.",1.0.0,Spring '25+,false,7,2,Performance;Reliability;Operational Excellence,skills/admin/data-cloud-segmentation/SKILL.md,c743f4e8a63869a9681fa4301fc53a91a8c91e8243979fd985753dadb05a20c5,retain-knowledge-substrate,false,progressive-on-demand,Do not flatten into always-on host context; preserve package and evaluate through product context packs.
admin/data-export-service,admin,data-export-service,"Use when configuring or operating the native Salesforce Data Export Service (Setup → Data Export) — weekly or monthly CSV export, attachment inclusion, file-size split, the 48-hour download window, and the gap between this free utility and the paid Salesforce Backup and Restore product. Triggers: 'data export service', 'weekly export', 'export attachments', 'data export 48 hour download', 'data export missing objects', 'is weekly export a backup', 'bulk api 2.0 query job export', 'data loader extract batch', 'process-conf.xml export', 'incremental export systemmodstamp', 'export inventory retention owner'. NOT for the paid Salesforce Backup and Restore product (use that as a separate tool), NOT for Bulk API extraction (use data/bulk-api-patterns), NOT for HA/DR architecture (use architect/ha-dr-architecture).",1.1.0,Spring '25+,false,14,0,Reliability;Operational Excellence;Security,skills/admin/data-export-service/SKILL.md,feea9730d9cb0b8fd19d614b4b6ef316343fd18b52b973cc9d5821964d1e8e89,retain-knowledge-substrate,false,progressive-on-demand,Do not flatten into always-on host context; preserve package and evaluate through product context packs.
admin/data-import-and-management,admin,data-import-and-management,"Use when planning, reviewing, or troubleshooting Salesforce data imports, migrations, and bulk updates. Triggers: 'Data Loader', 'Data Import Wizard', 'Bulk API', 'upsert', 'cutover', 'load failed', 'reconcile data'. NOT for sequencing a whole multi-object migration with automation bypass and rollback — use data/data-migration-planning. NOT for choosing the upsert key itself — use data/external-id-strategy. Also triggers on 'process-conf.xml', 'sdl mapping file', 'sfdc.loadBatchSize', 'insert null values', 'insertNulls', '#N/A', 'serial mode', 'hard delete', 'assignmentRuleId', 'lineEnding', 'unprocessedrecords', 'failedResults', 'load order'.",1.1.0,Spring '25+,false,16,0,Reliability;Scalability;Operational Excellence,skills/admin/data-import-and-management/SKILL.md,0b8da1bd6cff5e3eda2d10e96d12dbb062b9db21314fc76773c8ba03597487ab,retain-knowledge-substrate,false,progressive-on-demand,Do not flatten into always-on host context; preserve package and evaluate through product context packs.
admin/data-model-documentation,admin,data-model-documentation,"Use when a BA or admin needs to document the Salesforce data model: creating field inventories, object relationship maps, ER diagrams, or analyzing field usage across objects. Triggers: 'data dictionary', 'document our data model', 'object relationship map', 'field inventory', 'ER diagram for Salesforce'. NOT for designing the model or choosing lookup vs master-detail — use data/data-model-design-patterns. NOT for generating the Mermaid or PlantUML diagram — use architect/salesforce-erd-and-diagramming. More trigger keywords: field inventory CSV, describe API, getGlobalDescribe, DescribeFieldResult, sObject describe, schema snapshot, schema drift, blank field descriptions, undocumented fields, field ownership, data dictionary review cadence.",1.1.0,Spring '25+,false,11,0,Operational Excellence,skills/admin/data-model-documentation/SKILL.md,254e2cef825ede0f6d1ef43267b563431758d25c0d020914432112da1c5cb21b,retain-knowledge-substrate,false,progressive-on-demand,Do not flatten into always-on host context; preserve package and evaluate through product context packs.
admin/data-skew-and-sharing-performance,admin,data-skew-and-sharing-performance,"Diagnose and mitigate Salesforce data skew — ownership skew (single user owns >10,000 records) and parent-child skew (>10,000 children under one parent) — that cause sharing recalculation slowness, group membership lock errors, and record-level locking failures. Covers lookup skew and UNABLE_TO_LOCK_ROW, Defer Sharing Calculation (deferGroupMembership / deferSharingRules in Sharing.settings), ownership bucket groups, Controlled by Parent OWD, Bulk API serial vs parallel concurrency for skewed loads, and the documented load ordering for roles, groups and sharing rules. NOT for planning and batching a recalculation job — use data/sharing-recalculation-performance. NOT for designing the sharing model itself — use admin/sharing-and-visibility.",1.1.1,Spring '25+,false,16,0,Reliability;Scalability,skills/admin/data-skew-and-sharing-performance/SKILL.md,31cdb2557e4d41a366ad207252da4655a65c14d40f00508b05b010d663e77c3c,retain-knowledge-substrate,false,progressive-on-demand,Do not flatten into always-on host context; preserve package and evaluate through product context packs.
admin/data-storytelling-design,admin,data-storytelling-design,"Designing data stories and narrative-driven analytics in Salesforce: structuring CRM Analytics dashboards for executive communication, text widgets and conditional highlights for annotation, sequential narrative in Tableau Story sheets, and Einstein Discovery narrative REST endpoints. Trigger keywords: data storytelling dashboard, executive analytics narrative, CRM Analytics text widget annotation, Tableau story sheet, smart data discovery narrative API. NOT for building the Einstein Discovery story or prediction definition - use admin/einstein-discovery-setup. NOT for choosing between Reports, CRM Analytics and Tableau - use admin/einstein-analytics-basics.",1.0.0,Spring '25+,false,6,0,Operational Excellence,skills/admin/data-storytelling-design/SKILL.md,2401362dd235b76477ac97d923dee48b5c0a32d834c7b73873d261896a01c311,retain-knowledge-substrate,false,progressive-on-demand,Do not flatten into always-on host context; preserve package and evaluate through product context packs.
admin/delegated-administration,admin,delegated-administration,"Use when configuring delegated administration to allow non-system-admin users to manage specific user groups, reset passwords, assign permission sets, or administer custom objects. Covers the DelegateGroup metadata type (delegateGroups/*.delegateGroup-meta.xml), its roles / profiles / permissionSets / permissionSetGroups / groups / customObjects / loginAccess fields, delegate-group log-in-as, and the deploy and review path for them. NOT for creating, deactivating or licensing users yourself — use admin/user-management. NOT for auto-assigning permission sets from user attributes — use admin/user-access-policies.",1.1.0,Spring '25+,false,14,0,Security;Operational Excellence,skills/admin/delegated-administration/SKILL.md,1d1069da83bb3e60763c4c2aa5eaf66e7cfc5afbd6ebf302cf1d35beb4b6b1ce,retain-knowledge-substrate,false,progressive-on-demand,Do not flatten into always-on host context; preserve package and evaluate through product context packs.
admin/deployment-risk-assessment,admin,deployment-risk-assessment,"Use when a practitioner needs to classify the risk level of an upcoming Salesforce deployment, define rollback trigger conditions, or assign decision authority before the release window opens. Triggers: 'how risky is this release', 'what needs rollback planning', 'classify deployment risk', 'pre-deployment risk checklist', 'rollback decision authority', 'high risk metadata types'. NOT for executing the deployment itself, writing CI/CD pipeline code, or troubleshooting failures after a deployment has already run — use admin/change-management-and-deployment for execution planning and devops/deployment-error-troubleshooting for post-failure diagnosis.",1.0.0,Spring '25+,false,6,0,Reliability;Operational Excellence;Security,skills/admin/deployment-risk-assessment/SKILL.md,e853b33a42a062fa85c514105d3eb3286ab1eab76d3d182d069c7f5cc4607a29,retain-knowledge-substrate,false,progressive-on-demand,Do not flatten into always-on host context; preserve package and evaluate through product context packs.
admin/devops-process-documentation,admin,devops-process-documentation,"Use when authoring, reviewing, or maintaining Salesforce DevOps operational documents — runbooks, environment matrices, deployment guides, and post-deploy validation checklists. Triggers: 'runbook', 'environment matrix', 'deployment guide', 'pre-deploy checklist', 'post-deploy validation', 'how do I document a deployment', 'rollback procedure template'. NOT for what actually belongs on the pre-deploy gate — use devops/pre-deployment-checklist. NOT for release calendar, versioning, or go/no-go governance — use devops/release-management. Also covers: the devops-process YAML artefact (environment ladder, change-request state machine, deploy contract, deploy order, RACI), the deployOptions the runbook must record (checkOnly, testLevel, rollbackOnError, ignoreWarnings, purgeOnDelete, singlePackage, runTests), destructiveChangesPre/Post ordering, and the change-request emergency path.",1.1.0,Spring '25+,false,19,0,Operational Excellence;Reliability,skills/admin/devops-process-documentation/SKILL.md,5eaecdbda311ad0e995a4118da1f69d9db8576e58b563e14b00befb4f713f2d2,retain-knowledge-substrate,false,progressive-on-demand,Do not flatten into always-on host context; preserve package and evaluate through product context packs.
admin/digital-storefront-requirements,admin,digital-storefront-requirements,"Use when gathering or evaluating requirements for a Salesforce Commerce Cloud digital storefront — branding strategy, content management approach, personalization, mobile experience, and accessibility compliance. Trigger keywords: SFRA branding, PWA Kit storefront, composable storefront, storefront accessibility, WCAG Commerce Cloud, overlay cartridge branding, mobile storefront, storefront personalization, content slots. NOT for building the site in Business Manager — use admin/b2c-commerce-store-setup. NOT for SCAPI design, Managed Runtime and caching strategy — use architect/headless-commerce-architecture.",1.0.0,Spring '25+,false,5,0,Performance;Security;User Experience,skills/admin/digital-storefront-requirements/SKILL.md,185a5ec5cc87383665c44dd273608ddfa8608d96f7b6ebcfb50ee38b287e0dee,retain-knowledge-substrate,false,progressive-on-demand,Do not flatten into always-on host context; preserve package and evaluate through product context packs.
admin/donor-lifecycle-requirements,admin,donor-lifecycle-requirements,"Requirements mapping for the full donor lifecycle in NPSP or Nonprofit Cloud: acquisition stage design, moves management, upgrade paths, lapsed donor re-engagement, and portfolio segmentation. NOT for mapping the Opportunity sales processes and stage picklists — use admin/fundraising-process-mapping. NOT for stewardship task automation — use admin/npsp-engagement-plans.",1.0.0,Spring '25+,false,5,0,Operational Excellence,skills/admin/donor-lifecycle-requirements/SKILL.md,e7f72ed83007542461ba1457def5c3fc91a39e58439bed062ad5084688609946,retain-knowledge-substrate,false,progressive-on-demand,Do not flatten into always-on host context; preserve package and evaluate through product context packs.
admin/duplicate-management,admin,duplicate-management,"Use when designing, reviewing, or troubleshooting Salesforce duplicate prevention, matching rules, duplicate rules, and merge governance. Covers cleaning up duplicates that already exist at ordinary volume: merge sequencing, survivorship, stewardship ownership. Also covers the deployable MatchingRule / DuplicateRule metadata, the Alert-vs-Block action pair, DuplicateRecordSet reporting, and the Apex DMLOptions.DuplicateRuleHeader.allowSave bypass. Triggers: 'duplicate rule', 'matching rule', 'merge strategy', 'dedupe', 'survivorship', 'D&B', 'same contact twice', 'clean up duplicate records', 'clean up duplicate accounts', 'DUPLICATES_DETECTED', 'allowSave', 'FindDuplicates'. NOT for cleanup at volume — hundreds of thousands of records, batch merge jobs, DemandTools/Cloudingo — use data/large-scale-deduplication. NOT for which field values and child records the platform keeps in a merge - use data/record-merge-implications.",1.1.0,Spring '25+,false,18,0,Reliability;Operational Excellence;User Experience,skills/admin/duplicate-management/SKILL.md,04be8bcd76ac578a7a395c2cd8d3c01ef24e8c10e1dc15ee180295beac10231e,retain-knowledge-substrate,false,progressive-on-demand,Do not flatten into always-on host context; preserve package and evaluate through product context packs.
admin/dynamic-forms-and-actions,admin,dynamic-forms-and-actions,"Configure Dynamic Forms (field and section visibility on Lightning record pages) and Dynamic Actions (button and action visibility rules) in Lightning App Builder — enabling Dynamic Forms, converting page layout fields with the Upgrade Now wizard, writing field visibility rules (field value, profile, permission, record type, device), and controlling action bar visibility. NOT for page layout design or record type assignment — use admin/record-types-and-page-layouts. NOT for a full layout-to-Dynamic-Forms migration across record types or profiles — use admin/dynamic-forms-migration. Keywords: flexipage, fieldInstance, fieldItem, uiBehavior, visibilityRule, booleanFilter, UiFormulaCriterion, actionOverrides, profileActionOverrides, page activation, org default page, App Builder Upgrade Now.",1.1.0,Spring '25+,false,11,1,User Experience;Operational Excellence;Security,skills/admin/dynamic-forms-and-actions/SKILL.md,2134b070d44968d6dbfad1cb8c60a8297ce2a7808ca8803501bfc0800b59a7c9,retain-knowledge-substrate,false,progressive-on-demand,Do not flatten into always-on host context; preserve package and evaluate through product context packs.
admin/dynamic-forms-migration,admin,dynamic-forms-migration,"Migrating standard Lightning Record Page layouts (Page Layouts on the Record Detail component) to Dynamic Forms — converting fields and sections to component-level placement, replacing record-type-driven layouts with field-visibility filters, retaining or replacing Quick Action layouts, planning custom-object vs standard-object rollout, and verifying field-level security and Reading View parity. NOT for Dynamic Forms initial setup (use admin/dynamic-forms-and-actions) or Lightning Record Page design from scratch (use admin/lightning-app-builder-advanced).",1.0.0,Spring '25+,false,5,0,User Experience;Operational Excellence;Security,skills/admin/dynamic-forms-migration/SKILL.md,75b62ab470b4d3590ae15c621a99bacd3987adb080b9c2adecf560037f59c758,retain-knowledge-substrate,false,progressive-on-demand,Do not flatten into always-on host context; preserve package and evaluate through product context packs.
admin/education-cloud-eda-setup,admin,education-cloud-eda-setup,"Education Cloud (EDA — Education Data Architecture) setup: student success hub, advisor workflows, enrollment management, academic data model. NOT for the EDA object model in depth (Affiliations, Course_Connection__c) — use data/eda-data-model-and-patterns. NOT for SIS enrollment sync — use integration/sis-integration-patterns.",1.0.0,Spring '25+,false,6,0,Security;Reliability;Scalability,skills/admin/education-cloud-eda-setup/SKILL.md,1125b510beeb8cf4692b9ce46009898454fc62e06e295b23b60e4df044e36ed5,retain-knowledge-substrate,false,progressive-on-demand,Do not flatten into always-on host context; preserve package and evaluate through product context packs.
admin/einstein-activity-capture-setup,admin,einstein-activity-capture-setup,"Configure Einstein Activity Capture (EAC) for an org: enable the feature, create Configuration profiles, set auth type (User-Level or Org-Level OAuth), define email and calendar sync scope, excluded domains and privacy settings, assign users, verify sync health. NOT for querying synced emails or events in SOQL, Apex or reports — use apex/einstein-activity-capture-api. NOT for Opportunity Scoring or Pipeline Inspection — use agentforce/einstein-copilot-for-sales.",1.0.0,Spring '25+,false,5,0,Security;Operational Excellence;Reliability,skills/admin/einstein-activity-capture-setup/SKILL.md,97cc662410b848aa5e5ddc0c832ab5c4a2f82e4f9bf070ccd5f2f93e3880e426,retain-knowledge-substrate,false,progressive-on-demand,Do not flatten into always-on host context; preserve package and evaluate through product context packs.
admin/einstein-analytics-basics,admin,einstein-analytics-basics,"Use when deciding whether Salesforce Reports, CRM Analytics, or Tableau is the right level of analytics tooling, and when reviewing or troubleshooting basic CRM Analytics designs. Triggers: 'CRM Analytics', 'Einstein Analytics', 'Tableau CRM', 'lens', 'dataset', 'dataflow', 'analytics dashboard', 'license requirement'. NOT for a detailed CRM Analytics vs Tableau licensing and platform comparison — use architect/crm-analytics-vs-tableau-decision. NOT for building the app, lenses and datasets — use admin/crm-analytics-app-creation.",1.0.0,Spring '25+,false,6,0,User Experience;Operational Excellence;Scalability,skills/admin/einstein-analytics-basics/SKILL.md,9e54c0903e4a6ae2463ad7a6f4ef2653e586de305124e652746b8b7334cf8fe1,retain-knowledge-substrate,false,progressive-on-demand,Do not flatten into always-on host context; preserve package and evaluate through product context packs.
admin/einstein-discovery-deployment,admin,einstein-discovery-deployment,"Use this skill when deploying a trained Einstein Discovery model to production records declaratively — activating a prediction definition, mapping output fields to page layouts, adding the Einstein Discovery Action to a Flow, running bulk predict jobs, and monitoring model health via Model Manager UI. Trigger keywords: prediction definition activation, bulk predict job, Einstein Discovery Flow action, Model Manager, prediction field mapping, model refresh activation, scoring job, Einstein Discovery recommendations on record. NOT for authoring the story in CRM Analytics Studio — use admin/einstein-discovery-setup. NOT for programmatic scoring through the API — use agentforce/einstein-discovery-development.",1.0.0,Spring '25+,true,6,0,Reliability;Operational Excellence;Performance,skills/admin/einstein-discovery-deployment/SKILL.md,b30c86e07049dbf4a1690ae67542a49c5ba078a7bfc1248de62af7855f337e85,retain-knowledge-substrate,false,progressive-on-demand,Do not flatten into always-on host context; preserve package and evaluate through product context packs.
admin/einstein-discovery-setup,admin,einstein-discovery-setup,"Use this skill when an admin needs to create an Einstein Discovery story in CRM Analytics Studio, configure prediction definitions, deploy writeback fields, set up what-if analysis, or manage model refresh and activation. Trigger keywords: Einstein Discovery story, prediction definition, writeback field, CRM Analytics Studio, model refresh, what-if analysis, bulk scoring, prediction field, 1OR prefix. NOT for the Einstein Discovery Flow action or model-health monitoring in Model Manager — use admin/einstein-discovery-deployment. NOT for Einstein Prediction Builder, a separate product needing no CRM Analytics license — use agentforce/einstein-prediction-builder. NOT for programmatic scoring through the Connect REST API — use agentforce/einstein-discovery-development.",1.0.0,Spring '25+,true,5,0,Security;Reliability;Operational Excellence,skills/admin/einstein-discovery-setup/SKILL.md,d79993d668b57f37d3aaf5d657ea4c0bfc289ed4783d00948eb95c34b0fd4651,retain-knowledge-substrate,false,progressive-on-demand,Do not flatten into always-on host context; preserve package and evaluate through product context packs.
admin/email-deliverability-strategy,admin,email-deliverability-strategy,"Use when configuring or troubleshooting email deliverability for Marketing Cloud or Salesforce orgs: sender authentication (SPF, DKIM, DMARC), private sending domain setup, dedicated IP warm-up, list hygiene practices, and sender reputation monitoring. NOT for building a Marketing Cloud email — use admin/email-studio-administration. NOT for unsubscribe and consent — use admin/consent-management-marketing. Also covers the Salesforce Core deliverability surface: EmailAdministrationSettings, EmailAuthorizationSettings, EmailDomainKey (DKIM), EmailRelay, EmailDomainFilter, OrgWideEmailAddress verification, bounce management, and the 5,000-a-day outbound email cap.",1.1.0,Spring '25+,false,19,0,Security;Reliability;Operational Excellence,skills/admin/email-deliverability-strategy/SKILL.md,b1d867edb924da9d54d5a48ea2987e076bf028676de506f6d2556534edf406ca,retain-knowledge-substrate,false,progressive-on-demand,Do not flatten into always-on host context; preserve package and evaluate through product context packs.
admin/email-service-inbound,admin,email-service-inbound,"Inbound email processing in Salesforce via Email Services + the `Messaging.InboundEmailHandler` Apex interface. Covers EmailService configuration (running user, accept-from address, attachment handling, error / failure routing), the EmailServicesAddress per-routing-address pattern, the handler's `Messaging.InboundEmail` payload (text body, HTML body, headers, attachments, in-reply-to threading), and the canonical Email-to-Case alternative for case creation. NOT for outbound email (use admin/email-templates-and-alerts), NOT for Email-to-Case flow customization itself (use admin/email-to-case-configuration). Trigger keywords: EmailServicesFunction, EmailServicesAddress, runAsUser, localPart, EmailDomainName, attachmentOption, overLimitAction, errorRoutingAddress, routing address, inbound email limit.",1.1.0,Spring '25+,false,14,0,Reliability;Security;Operational Excellence,skills/admin/email-service-inbound/SKILL.md,26cd4c21e3b3e48f40f9c549abe11543add9f984ae89de2642860ca50a7d62ca,retain-knowledge-substrate,false,progressive-on-demand,Do not flatten into always-on host context; preserve package and evaluate through product context packs.
admin/email-studio-administration,admin,email-studio-administration,"Use when building, configuring, or troubleshooting email sends in Marketing Cloud Email Studio and Content Builder. Triggers: 'dynamic content', 'send classification', 'A/B test email', 'Content Builder template', 'triggered send', 'suppression list', 'Commercial vs Transactional'. NOT for MCAE (Pardot) — use admin/mcae-pardot-setup. NOT for Journey Builder orchestration — use admin/journey-builder-administration.",1.0.0,Spring '25+,false,7,0,Security;Reliability;Operational Excellence,skills/admin/email-studio-administration/SKILL.md,41f3aded186a6d2862386290efdd53a4fab4b6609166a70ace8a305d6708ec9f,retain-knowledge-substrate,false,progressive-on-demand,Do not flatten into always-on host context; preserve package and evaluate through product context packs.
admin/email-templates-and-alerts,admin,email-templates-and-alerts,"Use when designing, reviewing, or troubleshooting Salesforce email templates, email alerts, and declarative notification design. Triggers: 'Lightning Email Template', 'email alert', 'merge field', 'org-wide email', 'too many emails', 'mass email limit'. NOT for migrating Classic templates to Lightning — use admin/classic-email-template-migration. NOT for sending email from Apex — use apex/apex-outbound-email-patterns.",1.2.2,Spring '25+,false,11,0,User Experience;Reliability;Operational Excellence,skills/admin/email-templates-and-alerts/SKILL.md,977b037dbfa7004961308b93657bb8e77519ea2828004fc579c8a283b233e34c,retain-knowledge-substrate,false,progressive-on-demand,Do not flatten into always-on host context; preserve package and evaluate through product context packs.
admin/email-to-case-configuration,admin,email-to-case-configuration,"Configuring Salesforce Email-to-Case: Standard vs On-Demand mode selection, routing address setup, email threading via Lightning tokens, auto-response rules, attachment limits, and per-address case field defaults. Trigger keywords: email-to-case, routing address, on-demand email-to-case, email threading, case from email, email agent, routing address setup, Case.settings-meta.xml, EmailToCaseRoutingAddress, emailServicesAddress, isVerified, caseOrigin, enableThreadTokenInBody, useEmailHeadersForThreading, overEmailLimitAction, unauthorizedSenderAction, enableE2CAttachmentAsFile, saveEmailHeaders, newEntityRecordType, casePriority, EmailMessage.EmailRoutingAddressId, auto-response loop. NOT for the wider case layer (queues, escalation rules, case teams, entitlements) - use admin/case-management-setup. NOT for routing case work items to agents after creation - use admin/omni-channel-routing-setup. NOT for the email templates or letterheads themselves - use admin/email-templates-and-alerts.",1.2.0,Spring '25+,false,16,0,Reliability;Security;Operational Excellence,skills/admin/email-to-case-configuration/SKILL.md,2b41c4b292eacca8023bf9b1ea6cc80ae2d421d75e1592cd74f241c8d86f581f,retain-knowledge-substrate,false,progressive-on-demand,Do not flatten into always-on host context; preserve package and evaluate through product context packs.
admin/enterprise-territory-management,admin,enterprise-territory-management,"Use when configuring or troubleshooting Salesforce Enterprise Territory Management (ETM): territory models, territory types, territory hierarchies, account assignment rules, opportunity territory assignment, and forecast by territory. Trigger keywords: territory model, territory hierarchy, ETM, assign accounts to territories, territory forecast, territory activation. NOT for choosing the coverage model first — use admin/territory-design-requirements. NOT for role hierarchy — use admin/sharing-and-visibility. NOT for Field Service ServiceTerritory — use admin/fsl-service-territory-setup. Trigger keywords: Territory2, Territory2Model, Territory2Rule, territory2Model-meta.xml, ObjectTerritory2Association, UserTerritory2Association, territory assignment rule, run assignment rules, territory access level, Manage Territories permission.",1.1.0,Spring '25+,false,15,0,Scalability;Operational Excellence,skills/admin/enterprise-territory-management/SKILL.md,0db46eafaf5ffba111e990d8810dc768c7ea48babe245ec1a05e4fd6bebc1a0d,retain-knowledge-substrate,false,progressive-on-demand,Do not flatten into always-on host context; preserve package and evaluate through product context packs.
admin/entitlements-and-milestones,admin,entitlements-and-milestones,"Use this skill to design, configure, and troubleshoot Salesforce Entitlement Management on Cases: entitlement processes, milestone definitions, recurrence types, milestone actions (success/warning/violation), business hours assignment, and entitlement templates. Covers the deployable EntitlementProcess / MilestoneType / EntitlementTemplate / EntitlementSettings metadata, signed timeLength time triggers, recurrenceType semantics, process versioning, and how a milestone actually completes. Trigger keywords: entitlement process, milestone, SLA timer, milestone tracker, first response SLA, time trigger, recursChained, CaseMilestone, EntitlementId, SlaProcess, stopped clock. NOT for SLA milestones on Field Service work orders — use admin/fsl-sla-configuration-requirements. NOT for time-based case escalation rules — use admin/escalation-rules. NOT for the business-hours calendar itself — use admin/business-hours-and-holidays.",1.1.2,Spring '25+,false,11,0,Reliability;Operational Excellence;User Experience,skills/admin/entitlements-and-milestones/SKILL.md,6f414cfa8d15875e952537842db4ef4bc26dda080c5404b7dd6fe73a6f5d0ffc,retain-knowledge-substrate,false,progressive-on-demand,Do not flatten into always-on host context; preserve package and evaluate through product context packs.
admin/escalation-rules,admin,escalation-rules,"Configure and troubleshoot Salesforce Case Escalation Rules: time-based escalation entries, business hours configuration, escalation actions (email alerts and reassignment), and diagnosing why cases are not escalating. Covers the EscalationRules metadata shape, businessHoursSource and escalationStartTime semantics, staged escalationAction thresholds, deploy-inactive parallel-run cutover, and monitoring escalated cases. Trigger keywords: escalation rule, case not escalating, SLA breach notification, escalate after X hours, reassign case automatically, IsEscalated. NOT for SLA milestone timers — use admin/entitlements-and-milestones. NOT for case routing on creation — use admin/assignment-rules. NOT for the calendar itself — use admin/business-hours-and-holidays.",1.1.2,Spring '25+,false,10,0,Reliability;Operational Excellence,skills/admin/escalation-rules/SKILL.md,e65c6af7c41cbf1d3451875d563fda082f8bf60a9856e8a9f6b83c824eb1859a,retain-knowledge-substrate,false,progressive-on-demand,Do not flatten into always-on host context; preserve package and evaluate through product context packs.
admin/experience-cloud-cms-content,admin,experience-cloud-cms-content,"Use when setting up CMS workspaces, creating or publishing content types for Experience Cloud sites, managing content scheduling, or configuring audience targeting on content variants. Triggers: 'set up CMS workspace', 'publish content to Experience Cloud site', 'content scheduling community', 'audience targeting content', 'managed content vs unmanaged', 'custom content type metadata', 'CMS channel configuration'. NOT for moderating member-posted content — use admin/experience-cloud-moderation. NOT for Knowledge vs an external CMS or CMS Connect — use architect/knowledge-vs-external-cms.",1.0.0,Spring '25+,false,5,0,Operational Excellence;User Experience;Reliability,skills/admin/experience-cloud-cms-content/SKILL.md,10afb5f048cdd73d61eef983327d9cc4ea404eac1196f65de29f70061200eff6,retain-knowledge-substrate,false,progressive-on-demand,Do not flatten into always-on host context; preserve package and evaluate through product context packs.
admin/experience-cloud-guest-access,admin,experience-cloud-guest-access,"Use when designing or configuring public pages on an Experience Cloud site — guest user profile setup, page-level access settings in Experience Builder, object/field visibility for unauthenticated visitors, and explicit sharing rules that expose data on public pages. Triggers: 'configure public pages Experience Cloud', 'guest user profile setup', 'unauthenticated site access', 'public community page visibility', 'make page visible without login'. NOT for authenticated user features (use admin/experience-cloud-member-management). NOT for security hardening or remediation of guest user exposure (use security/guest-user-security). Also covers the deployable shape: pageAccess on the route file, the guest Profile's objectPermissions and fieldPermissions, sharingGuestRules, siteGuestRecordDefaultOwner on CustomSite, and the Network guest flags.",1.1.0,Spring '25+,false,12,0,Security;Operational Excellence,skills/admin/experience-cloud-guest-access/SKILL.md,c72d7fd18a633145c5d076810d8d27dfd4f343360428b46d5d6fc5afa2b3da3a,retain-knowledge-substrate,false,progressive-on-demand,Do not flatten into always-on host context; preserve package and evaluate through product context packs.
admin/experience-cloud-member-management,admin,experience-cloud-member-management,"Use this skill when adding external users to an Experience Cloud site, configuring self-registration, managing external user licenses, or customising the login and registration pages. Trigger keywords: add members to community, external user license, self-registration, customer portal login, partner user onboarding, ConfigurableSelfRegHandler. NOT for choosing which external user license to buy — use architect/experience-cloud-licensing-model. Also covers the networkMemberGroups membership block, NetworkMemberGroup assignment status, external-user creation from contacts, offboarding, and LoginHistory diagnosis for site logins. NOT for what records external users can see — use security/experience-cloud-security.",1.1.0,Spring '25+,false,11,0,Security;Operational Excellence,skills/admin/experience-cloud-member-management/SKILL.md,785f3ef73685aacc7200959f16332de62b4a9f99fddc0dca09cf162528eaa123,retain-knowledge-substrate,false,progressive-on-demand,Do not flatten into always-on host context; preserve package and evaluate through product context packs.
admin/experience-cloud-moderation,admin,experience-cloud-moderation,"Set up or tune Experience Cloud content moderation: keyword/criteria rules, member reputation system, moderation queue. Triggers: 'set up community content moderation', 'configure reputation levels', 'flagging rules Experience Cloud', 'moderation queue setup', 'keyword blocking community', 'approve community posts before publishing'. NOT for publishing or scheduling CMS articles on the site — use admin/experience-cloud-cms-content. NOT for deciding which behaviours to reward or how to name reputation tiers — use admin/community-engagement-strategy.",1.0.0,Spring '25+,false,5,0,Security;Operational Excellence,skills/admin/experience-cloud-moderation/SKILL.md,7d403f65f065792dcd4f6c4f2e3b10edd2c4e28628f9a5ed8cdb6fe1f418b7e8,retain-knowledge-substrate,false,progressive-on-demand,Do not flatten into always-on host context; preserve package and evaluate through product context packs.
admin/experience-cloud-seo-settings,admin,experience-cloud-seo-settings,"Configure SEO for Experience Cloud sites: per-page titles and meta descriptions, sitemap.xml generation, robots.txt, and URL structure. Triggers: 'configure SEO for community site', 'Experience Cloud page titles meta descriptions', 'sitemap generation community portal', 'robots.txt Experience Cloud', 'noindex Experience Builder page'. NOT for creating the site, LWR vs Aura, or custom domain setup — use admin/experience-cloud-site-setup. NOT for pages a crawler cannot reach because the guest user lacks access — use admin/experience-cloud-guest-access.",1.0.0,Spring '25+,false,6,0,Operational Excellence;Security,skills/admin/experience-cloud-seo-settings/SKILL.md,a0f581b27cf14863be53a7fc0c4966ba51ea01fda66cfffce0bc69013fe1a541,retain-knowledge-substrate,false,progressive-on-demand,Do not flatten into always-on host context; preserve package and evaluate through product context packs.
admin/experience-cloud-site-setup,admin,experience-cloud-site-setup,"Use when creating a new Experience Cloud site: selecting LWR vs Aura template, configuring branding and navigation, setting up a custom domain, and using Experience Builder. Trigger keywords: create new Experience Cloud site, LWR vs Aura template, set up community portal domain, Experience Builder page builder, branding sets, navigation menu configuration, Microsite LWR, Build Your Own LWR. NOT for coding LWR themes or custom components — use lwc/lwr-site-development. NOT for deploying a finished site to another org — use devops/experience-cloud-deployment-admin. Also covers the deployable metadata: Network, CustomSite, NavigationMenu, ExperienceBundle, DigitalExperienceBundle, urlPathPrefix, networkMemberGroups, emailSenderAddress, site status Live vs UnderConstruction.",1.1.0,Spring '25+,false,11,0,Security;Performance,skills/admin/experience-cloud-site-setup/SKILL.md,be2937d048cecdfa90bdf8b5baf9f378b20c2f21f784f0a139d7aff3290fc796,retain-knowledge-substrate,false,progressive-on-demand,Do not flatten into always-on host context; preserve package and evaluate through product context packs.
admin/field-dependency-and-controlling,admin,field-dependency-and-controlling,"Dependent picklists in Salesforce: controlling field (picklist or checkbox), dependent picklist, valueSettings matrix in metadata, API behavior via SOAP/REST, LWC lightning-combobox with dependency. NOT for creating picklist fields or Global Value Sets and replacing retired values - use admin/picklist-and-value-sets. NOT for filtering picklist values per record type or layout - use admin/record-types-and-page-layouts. Keywords: controllingField, valueSettings, controllingFieldValue, valueName, checked/unchecked checkbox controller, RecordTypePicklistValue, isDependentPicklist, getController, validFor, controllerValues.",1.1.0,Spring '25+,false,10,0,Operational Excellence;User Experience,skills/admin/field-dependency-and-controlling/SKILL.md,1ee992af294f752561a6b7ab455019a5eb609afa541b471b6d899aed5c6ae009,retain-knowledge-substrate,false,progressive-on-demand,Do not flatten into always-on host context; preserve package and evaluate through product context packs.
admin/financial-account-setup,admin,financial-account-setup,"Use when configuring Financial Services Cloud (FSC) financial accounts — including account types, FinancialHolding positions, FinancialGoal records, FinancialAccountRole assignments (Primary Owner, Joint Owner, Beneficiary), and household balance rollup behavior. Triggers: configure financial accounts in FSC, set up financial account roles Financial Services Cloud, FSC household balance rollup not working, add holdings to financial account, FinancialAccountType picklist setup, FSC brokerage or retirement account configuration. NOT for household group setup and rollup scheduling — use admin/household-model-configuration. NOT for the FinServ object graph and SOQL — use data/fsc-data-model.",1.0.0,Spring '25+,false,6,0,Security;Reliability;Operational Excellence,skills/admin/financial-account-setup/SKILL.md,048a66858fca3fe51f07efccc6ce5650d07a1714197883880561786ccbe5e71d,retain-knowledge-substrate,false,progressive-on-demand,Do not flatten into always-on host context; preserve package and evaluate through product context packs.
admin/financial-planning-process,admin,financial-planning-process,"Use this skill when configuring FSC financial planning objects, designing periodic review cycles, modeling risk assessment workflows, or tracking goal progress in Financial Services Cloud. Trigger keywords: FinancialGoal, FinancialPlan, goal tracking, risk tolerance, review cycle, financial planning workflow, Discovery Framework, Revenue Insights. NOT for wealth management process discovery — use admin/wealth-management-requirements. NOT for Action Plan template mechanics — use admin/fsc-action-plans.",1.0.0,Summer '25+,false,5,1,Reliability;Security;Operational Excellence,skills/admin/financial-planning-process/SKILL.md,f5720d16e4a1bd3574fdb4cf4fc10ca75578c22f63d9f5f6eb781d6491c73181,retain-knowledge-substrate,false,progressive-on-demand,Do not flatten into always-on host context; preserve package and evaluate through product context packs.
admin/fit-gap-analysis-against-org,admin,fit-gap-analysis-against-org,"Use when scoring a list of business or solution requirements against the *actual* capabilities of a specific Salesforce org so each row can be classified Standard / Configuration / Low-Code / Custom / Unfit, given an effort tier (S/M/L/XL), a risk tag, and an AppExchange suggestion when applicable. Trigger keywords: fit gap salesforce requirements, score requirements against salesforce capabilities, salesforce capability matrix, classify requirement as standard config custom, fit-gap effort tier, AppExchange alternative for requirement. NOT for requirements elicitation (use admin/requirements-gathering-for-sf). NOT for architecture decisions on the GAP rows (use architect/solution-design-patterns and standards/decision-trees/). NOT for license or edition selection (use architect/license-optimization-strategy and architect/org-edition-and-feature-licensing). NOT for OmniStudio-specific fit-gap (use architect/omnistudio-vs-standard-decision).",1.0.0,Spring '25+,false,8,0,Operational Excellence;Scalability;Reliability,skills/admin/fit-gap-analysis-against-org/SKILL.md,9738bc7afe075e1908e8c6363419e2f90f324bc377f6472562caa5c131fb611f,retain-knowledge-substrate,false,progressive-on-demand,Do not flatten into always-on host context; preserve package and evaluate through product context packs.
admin/flexcard-requirements,admin,flexcard-requirements,"Specify a FlexCard before a developer opens Card Designer: the card-state set and the condition that selects each state, the data source type behind each card (DataRaptor, Integration Procedure, Apex remote, SOQL), the action menu users get (navigate, launch OmniScript, Apex, DataRaptor), and every embedded child FlexCard or custom LWC. Produces the artifacts a BA hands to the builder. Trigger keywords: FlexCard requirements, FlexCard BA, FlexCard layout design, FlexCard data sources, FlexCard actions, FlexCard card states, OmniStudio FlexCard scoping. NOT for building the card in Card Designer, NOT for OmniScript step and branching requirements (use admin/omniscript-flow-design-requirements), NOT for standard Lightning record-page component requirements.",1.0.1,Spring '25+,false,5,0,Reliability;Operational Excellence,skills/admin/flexcard-requirements/SKILL.md,51fd61a5ed8e84d61ea42ff1eecb9f9f38f75e9f64f5d2d5f1a4e6041f3161ca,retain-knowledge-substrate,false,progressive-on-demand,Do not flatten into always-on host context; preserve package and evaluate through product context packs.
admin/flow-for-admins,admin,flow-for-admins,"Use when designing, reviewing, or debugging Salesforce Flows from an Admin perspective. Triggers: 'flow', 'automation', 'record-triggered flow', 'screen flow', 'scheduled flow', 'flow error', 'flow interview', 'before-save vs after-save', 'flow deployed as draft', 'entry criteria', 'fault connector', 'flow-meta.xml', 'FlowDefinitionView'. NOT for Flow debug mode, Run As user, or Flow test suites — use flow/flow-debugging. NOT for building an OmniStudio OmniScript — use omnistudio/omniscript-design-patterns.",1.1.0,Spring '25+,false,13,0,Scalability;Reliability;Operational Excellence,skills/admin/flow-for-admins/SKILL.md,2b94e031c5e9334fb5c4a747339f90dae5226441a99f5c4cf0cd39b2923e7cd0,retain-knowledge-substrate,false,progressive-on-demand,Do not flatten into always-on host context; preserve package and evaluate through product context packs.
admin/flow-orchestration-admin,admin,flow-orchestration-admin,"Flow Orchestration admin: stage configuration, step assignment, background steps, interactive steps, evaluation flows, work items, pause/resume. NOT for approval routing a standard approval process would handle — use admin/approval-processes.",1.0.0,Spring '25+,false,7,0,Reliability;Operational Excellence;User Experience,skills/admin/flow-orchestration-admin/SKILL.md,1eb64c8643fca7a1a3ede8ca3dc4781a7d3d1fa674b0b8cfd4b6f3bccd98a9fc,retain-knowledge-substrate,false,progressive-on-demand,Do not flatten into always-on host context; preserve package and evaluate through product context packs.
admin/formula-fields,admin,formula-fields,"Use when designing, reviewing, or troubleshooting Salesforce formula fields. Triggers: 'formula field', 'cross-object formula', 'null handling', 'compile size', 'HYPERLINK', 'IMAGE', 'why is formula slow', 'formulaTreatBlanksAs', 'BlankAsZero', 'blank field handling', 'field-meta.xml formula', 'CustomField formula deploy', 'formula returns blank', 'formula field read-only on data load'. NOT for a formula field slowing a SOQL query or blocking an index — use apex/formula-field-performance-and-limits. NOT for Formula resources inside a Flow — use flow/flow-formula-and-expression-patterns.",1.1.0,Spring '25+,false,12,0,Performance;Reliability;Operational Excellence,skills/admin/formula-fields/SKILL.md,d37ab9f86496d495bea0ac3f5909e24b3b7d66a4932970e8ca89e4814b210c8a,retain-knowledge-substrate,false,progressive-on-demand,Do not flatten into always-on host context; preserve package and evaluate through product context packs.
admin/fsc-action-plans,admin,fsc-action-plans,"Use this skill when designing, building, or troubleshooting FSC Action Plan templates for client-facing task sequences such as client onboarding, account opening, annual review preparation, and compliance tasks. Trigger keywords: Action Plan template, ActionPlanTemplate, ActionPlan object, FSC task sequence, onboarding checklist, review prep tasks. NOT for designing the onboarding process itself — use admin/client-onboarding-design. NOT for Health Cloud care plan templates — use admin/care-plan-configuration.",1.0.0,Spring '25+,false,5,0,Reliability;Operational Excellence;Security,skills/admin/fsc-action-plans/SKILL.md,48bebefbff29d246acecad80bc8f9b9dc2d579d355099414493560710b96366b,retain-knowledge-substrate,false,progressive-on-demand,Do not flatten into always-on host context; preserve package and evaluate through product context packs.
admin/fsc-referral-management,admin,fsc-referral-management,"Use this skill when configuring or troubleshooting FSC Referral Management: setting up referral types via ReferralRecordTypeMapping custom metadata, routing referrals through Lead Assignment Rules keyed on the Expressed Interest picklist, tracking Referrer Score, and partner referral visibility in Experience Cloud. Trigger keywords: referral routing, FSC referral types, ReferralRecordTypeMapping, Expressed Interest picklist, partner referral Contact, Referrer Score Experience Cloud. NOT for clinical referrals in Health Cloud — use admin/referral-management-health. NOT for standard Lead capture and conversion outside FSC — use admin/lead-management-and-conversion.",1.0.0,Spring '25+,false,6,0,Security;Reliability;Operational Excellence,skills/admin/fsc-referral-management/SKILL.md,3a78827ba6e38bf714142ce8f84ddc298245cbabd953f2eaf0232a5299d5b51f,retain-knowledge-substrate,false,progressive-on-demand,Do not flatten into always-on host context; preserve package and evaluate through product context packs.
admin/fsc-relationship-groups,admin,fsc-relationship-groups,"Use this skill when creating, configuring, or troubleshooting FSC Relationship Groups — including Household, Professional Group, and Trust group types; member role assignment via AccountContactRelation FSC fields; Primary Group designation; and group-level wealth aggregation rollups. NOT for standard account relationships, Contact-Account relationships outside FSC, NPSP household configuration, or Financial Account role setup (use admin/financial-account-setup).",1.0.0,Spring '25+,false,6,3,Reliability;Operational Excellence;Security,skills/admin/fsc-relationship-groups/SKILL.md,07ab9ae6e336705c704b6a8ad5cea770d6f3f10e5093908643fc81a9f19b346c,retain-knowledge-substrate,false,progressive-on-demand,Do not flatten into always-on host context; preserve package and evaluate through product context packs.
admin/fsl-capacity-planning,admin,fsl-capacity-planning,"Use this skill to configure and manage Field Service Lightning workforce capacity — covering ServiceResourceCapacity for individual resource caps, WorkCapacityLimit for territory-level demand throttling, and reporting strategies for capacity vs. utilization analysis. NOT for resource skills, certifications, or preference setup — use admin/fsl-resource-management. NOT for work rules and service objectives — use admin/fsl-scheduling-policies. NOT for Omni-Channel agent capacity — use architect/omni-channel-capacity-model.",1.0.0,Spring '25+,false,7,2,Operational Excellence;Reliability;Performance,skills/admin/fsl-capacity-planning/SKILL.md,8fc0c049b9c22d8a1259e27bdda8e5307ce05d556823a3b7aca1c28b9e54138b,retain-knowledge-substrate,false,progressive-on-demand,Do not flatten into always-on host context; preserve package and evaluate through product context packs.
admin/fsl-inventory-management,admin,fsl-inventory-management,"Configure and manage Field Service Lightning inventory: ProductItem (stock at locations), ProductTransfer (stock movement), ProductConsumed (parts used on work orders), ProductRequest/ProductRequestLineItem (replenishment ordering), ProductItemTransaction (audit trail). NOT for work orders, work types, or service appointments — use admin/fsl-work-order-management. NOT for ERP parts and inventory sync — use architect/fsl-integration-patterns. NOT for Omnichannel Inventory (OCI) — use architect/order-management-architecture.",1.0.0,Spring '25+,false,7,0,Reliability;Operational Excellence,skills/admin/fsl-inventory-management/SKILL.md,99368de534668e587ff04c31165e05dd6039e50d8097f8f518e57e90c2afcd39,retain-knowledge-substrate,false,progressive-on-demand,Do not flatten into always-on host context; preserve package and evaluate through product context packs.
admin/fsl-mobile-app-setup,admin,fsl-mobile-app-setup,"Use this skill when configuring, extending, or troubleshooting the Salesforce Field Service (FSL) Mobile app for field technicians — including offline priming strategy, app extensions, deep linking, and custom branding. Trigger keywords: FSL mobile, Field Service mobile app, offline priming, mobile extension toolkit, app extensions for field service. NOT for coding the LWC quick action or offline extension itself — use apex/fsl-mobile-app-extensions. NOT for technician job lifecycle, signature capture, or parts consumption — use admin/fsl-mobile-workflow-design.",1.0.0,Spring '25+,false,7,0,Reliability;Performance;Security;Operational Excellence,skills/admin/fsl-mobile-app-setup/SKILL.md,32c6ef3cc4904fca27e65d401fd6f64e96ea84e554428e764ef03078aa21b722,retain-knowledge-substrate,false,progressive-on-demand,Do not flatten into always-on host context; preserve package and evaluate through product context packs.
admin/fsl-mobile-workflow-design,admin,fsl-mobile-workflow-design,"Use this skill when designing, troubleshooting, or reviewing FSL Mobile worker workflows — job lifecycle management, offline data capture, customer signature collection, parts consumption, and geolocation-triggered status transitions. Trigger keywords: FSL mobile, field service mobile workflow, offline job lifecycle, technician mobile, service appointment status, briefcase priming, parts consumption mobile, signature capture FSL. NOT for installing, branding, or extending the mobile app itself — use admin/fsl-mobile-app-setup. NOT for offline priming limits and sync conflict resolution — use architect/fsl-offline-architecture.",1.0.0,Spring '25+,false,6,0,Reliability;Security;Operational Excellence,skills/admin/fsl-mobile-workflow-design/SKILL.md,cbaeeae612f629ee5be8bdffb3075b1c517a05c56da46d75c17485ce0e4d61d4,retain-knowledge-substrate,false,progressive-on-demand,Do not flatten into always-on host context; preserve package and evaluate through product context packs.
admin/fsl-resource-management,admin,fsl-resource-management,"Use this skill to configure Field Service Lightning service resources — including ServiceResource types, skill assignments via ServiceResourceSkill, capacity-based resource setup, and ResourcePreference rules. NOT for territory-level WorkCapacityLimit throttling or capacity-vs-utilization reporting — use admin/fsl-capacity-planning. NOT for service territory setup — use admin/fsl-service-territory-setup. NOT for work rules and service objectives — use admin/fsl-scheduling-policies.",1.0.0,Spring '25+,false,8,0,Operational Excellence;Reliability,skills/admin/fsl-resource-management/SKILL.md,2d4ccd13180541e61e0768cbf517de82c956a3086998b170ef3960a816757181,retain-knowledge-substrate,false,progressive-on-demand,Do not flatten into always-on host context; preserve package and evaluate through product context packs.
admin/fsl-scheduling-optimization-design,admin,fsl-scheduling-optimization-design,"Use this skill to design, configure, and troubleshoot the Field Service Lightning (FSL) Optimizer — including selecting optimization type (Global, In-Day, Resource Schedule), understanding the priority-score model, configuring travel mode (Aerial vs Street-Level Routing), and tuning optimizer behavior for specific scheduling objectives. NOT for work rules and service-objective weights on a scheduling policy — use admin/fsl-scheduling-policies. NOT for ESO adoption and territory sizing — use architect/fsl-optimization-architecture.",1.0.0,Spring '25+,false,8,1,Operational Excellence;Performance;Reliability,skills/admin/fsl-scheduling-optimization-design/SKILL.md,d670345d8a4a1fd5b8da8959932c4bd6ac6289d1498bb20832bd002bd08a6569,retain-knowledge-substrate,false,progressive-on-demand,Do not flatten into always-on host context; preserve package and evaluate through product context packs.
admin/fsl-scheduling-policies,admin,fsl-scheduling-policies,"Use this skill to create, configure, or tune Field Service Lightning scheduling policies — including work rules (pass/fail filters) and service objectives (weighted ranking criteria). Covers the four default policies, custom policy design, work rule type selection, and objective weighting strategy. NOT for running or tuning the Optimizer itself — use admin/fsl-scheduling-optimization-design. NOT for resource skills and preferences — use admin/fsl-resource-management. NOT for resource capacity records — use admin/fsl-capacity-planning.",1.0.0,Spring '25+,false,7,1,Operational Excellence;Reliability;Performance,skills/admin/fsl-scheduling-policies/SKILL.md,7662940179e7fdb8fe058ec9c128a82558e08feccf2b963eb35a64a05946fe2e,retain-knowledge-substrate,false,progressive-on-demand,Do not flatten into always-on host context; preserve package and evaluate through product context packs.
admin/fsl-service-territory-setup,admin,fsl-service-territory-setup,"Use this skill to configure Field Service Lightning service territories — including territory types, operating hours, time slots, territory hierarchy, member types, and polygon boundaries. NOT for Enterprise Territory Management (Territory2) in Sales Cloud — use admin/enterprise-territory-management. NOT for bulk-loading territory polygons or members — use data/fsl-territory-data-setup.",1.0.0,Spring '25+,false,7,0,Operational Excellence;Reliability,skills/admin/fsl-service-territory-setup/SKILL.md,2061afdb16b309c2e362588a68194e60feaf9199de0e3ffe6acd6d8f8980e4c9,retain-knowledge-substrate,false,progressive-on-demand,Do not flatten into always-on host context; preserve package and evaluate through product context packs.
admin/fsl-shifts-and-crew,admin,fsl-shifts-and-crew,"Configure FSL Shifts, ShiftTemplates, ShiftPatterns, and Crew ServiceResources — availability windows layered on Operating Hours, bulk shift generation via ShiftPattern + ShiftPatternEntry, and the two Crew models (Static vs. Shell/Dynamic). NOT for setting up the resources themselves — types, skills, ResourcePreference — use admin/fsl-resource-management. NOT for capping how many hours or appointments a resource can take — use admin/fsl-capacity-planning.",1.0.0,Spring '25+,false,7,2,Operational Excellence;Reliability,skills/admin/fsl-shifts-and-crew/SKILL.md,a75e6b829e1b257db88ba3b63273f3992f8e35d64ccfd4a7158f5d4f9311a3f1,retain-knowledge-substrate,false,progressive-on-demand,Do not flatten into always-on host context; preserve package and evaluate through product context packs.
admin/fsl-sla-configuration-requirements,admin,fsl-sla-configuration-requirements,"Use this skill to configure SLA enforcement for Salesforce Field Service (FSL) using Work Order entitlement processes: designing entitlement processes of type Work Order, defining FSL milestones (response time, on-site arrival, resolution), wiring milestone actions, and aligning Business Hours with service territory Operating Hours. NOT for Case SLAs and Case entitlement processes — use admin/entitlements-and-milestones. NOT for defining the SLA tier table and escalation matrix — use architect/sla-design-and-escalation-matrix.",1.0.0,Spring '25+,false,6,0,Reliability;Operational Excellence;User Experience,skills/admin/fsl-sla-configuration-requirements/SKILL.md,a9819f06d94b5d795e83c15f1a439342ecd33f8d16250251ce0c055f7b84d248,retain-knowledge-substrate,false,progressive-on-demand,Do not flatten into always-on host context; preserve package and evaluate through product context packs.
admin/fsl-work-order-management,admin,fsl-work-order-management,"Configure and manage Field Service Lightning work orders: work types, work order line items, service appointments, status flow, and auto-creation via maintenance plans. NOT for choosing which technician gets the appointment (work rules, scheduling policies) — use admin/fsl-scheduling-policies. NOT for setting up the technicians, their skills or capacity — use admin/fsl-resource-management.",1.0.0,Spring '25+,false,6,0,Operational Excellence;Reliability,skills/admin/fsl-work-order-management/SKILL.md,4c8329f2043ca5cb8e01bb06ba3c23e2904ddccfc6c224e8772b262baba57805,retain-knowledge-substrate,false,progressive-on-demand,Do not flatten into always-on host context; preserve package and evaluate through product context packs.
admin/fundraising-process-mapping,admin,fundraising-process-mapping,"Use when designing nonprofit fundraising lifecycle stages, donor pipeline workflows, cultivation-to-stewardship cycles, or Salesforce Opportunity sales process configuration for NPSP or Nonprofit Cloud. Trigger keywords: fundraising lifecycle, donor pipeline, cultivation stage, solicitation workflow, major gift process, moves management, NPSP Opportunity stages, stewardship cycle, NPC fundraising stages. NOT for lapsed donor re-engagement or portfolio segmentation — use admin/donor-lifecycle-requirements. NOT for Engagement Plan setup — use admin/npsp-engagement-plans.",1.0.0,Spring '25+,false,6,0,Operational Excellence;Reliability,skills/admin/fundraising-process-mapping/SKILL.md,297a5e88769f5ff0394583009554f033e0bc44c330c80c08e7ee2c7c72592524,retain-knowledge-substrate,false,progressive-on-demand,Do not flatten into always-on host context; preserve package and evaluate through product context packs.
admin/gift-entry-and-processing,admin,gift-entry-and-processing,"Configure and operate NPSP Gift Entry: gift entry templates, batch gift entry, payment processing, donation allocation, and receipting workflows. NOT for a one-time migration of historical gift data — use data/gift-history-import. NOT for soft credits or matching gifts — use admin/soft-credits-and-matching.",1.0.0,Spring '25+,false,5,0,Operational Excellence;Reliability,skills/admin/gift-entry-and-processing/SKILL.md,6d022d53a8907732626f6c309ec10702db238691f33d778cd23b645fcaddf1fc,retain-knowledge-substrate,false,progressive-on-demand,Do not flatten into always-on host context; preserve package and evaluate through product context packs.
admin/global-actions-and-quick-actions,admin,global-actions-and-quick-actions,"Use this skill when configuring object-specific quick actions or global actions in Salesforce: choosing between action types, editing action layouts, pre-filling fields with predefined values, and adding actions to Lightning page layouts or mobile navigation. Trigger keywords: quick action, global action, action layout, pre-fill fields, predefined values, Salesforce mobile actions. NOT for building an LWC that runs as a quick action — use lwc/lwc-quick-actions. NOT for converting Classic JavaScript or URL buttons — use admin/custom-button-to-action-migration. NOT for Dynamic Actions visibility rules on a Lightning record page — use admin/dynamic-forms-and-actions. Also covers the QuickAction metadata type: quickAction-meta.xml, quickActionLayout, fieldOverrides, targetObject, targetParentField, targetRecordType, flowDefinition, and the Layout platformActionList and quickActionList entries that place an action.",1.1.0,Spring '25+,false,10,0,Operational Excellence;User Experience,skills/admin/global-actions-and-quick-actions/SKILL.md,360626a0bd2e689779087bb4c1ccfd49ab01edbf2986ecab214a17d3d0452fe7,retain-knowledge-substrate,false,progressive-on-demand,Do not flatten into always-on host context; preserve package and evaluate through product context packs.
admin/global-search-configuration,admin,global-search-configuration,"Configure platform-level global search in a Salesforce org — per-object Search Layouts (Search Results, Lookup Dialogs, Lookup Phone Dialogs, Tab columns), the Setup → Search Settings page (Sidebar Search, Lookup Auto-Completion, Drop-Down List size), and Synonym Groups (Setup → User Interface → Synonyms). NOT for Einstein Search personalization signals or Natural Language Search (use agentforce/einstein-search-personalization), NOT for Experience Cloud site Search Manager (use lwc/experience-cloud-search-customization), NOT for SOSL query authoring (use data/sosl-search-patterns), NOT for Commerce storefront search tuning.",1.0.0,Spring '25+,false,7,0,Operational Excellence;Security;Performance,skills/admin/global-search-configuration/SKILL.md,a87768d416673766fec0278751d5d0d72a26164042b489c560b2121ea7fab7b6,retain-knowledge-substrate,false,progressive-on-demand,Do not flatten into always-on host context; preserve package and evaluate through product context packs.
admin/grant-management-setup,admin,grant-management-setup,"Use when configuring grant tracking in a Salesforce nonprofit org — NPSP Outbound Funds Module (Opportunity-based, managed package) or Nonprofit Cloud for Grantmaking (separate license). Trigger keywords: grant management, funding awards, disbursement tranches, grantmaking setup, OFM, FundingAward, FundingDisbursement, FundingAwardRequirement. NOT for recording donor gifts and receipts — use admin/gift-entry-and-processing. NOT for reporting program outcomes to a funder — use admin/program-outcome-tracking-design.",1.0.0,Spring '25+,false,3,0,Reliability;Operational Excellence,skills/admin/grant-management-setup/SKILL.md,f23fb8cb7a64de6594f05991c7baa64222b3ac10bc85271807c07ef0624e7b6c,retain-knowledge-substrate,false,progressive-on-demand,Do not flatten into always-on host context; preserve package and evaluate through product context packs.
admin/health-cloud-consent-management,admin,health-cloud-consent-management,"Use this skill when configuring Health Cloud patient consent management: setting up HIPAA authorization forms, consent templates, consent tracking per patient, and withdrawal handling. NOT for querying the AuthorizationFormConsent object hierarchy or its required field values — use data/consent-data-model-health. NOT for GDPR/CCPA marketing opt-out on ContactPointTypeConsent — use security/gdpr-data-privacy.",1.0.0,Spring '25+,false,5,2,Security;Operational Excellence,skills/admin/health-cloud-consent-management/SKILL.md,3c111a5d5b653ab22eaf5f691938539196eb59b4e3fb05b9fc7335d78d7ac29a,retain-knowledge-substrate,false,progressive-on-demand,Do not flatten into always-on host context; preserve package and evaluate through product context packs.
admin/health-cloud-patient-setup,admin,health-cloud-patient-setup,"Configure patient or member records in Salesforce Health Cloud: Person Account enablement, patient record types, care team role configuration, patient card customization, clinical data display. Trigger keywords: patient setup, Health Cloud person account, patient card component, care team roles, clinical data display. NOT for Person Accounts outside Health Cloud - use data/person-accounts. NOT for enrolling a patient into a care program - use admin/care-program-management.",1.0.0,Spring '25+,false,6,0,Security;Reliability;Operational Excellence,skills/admin/health-cloud-patient-setup/SKILL.md,084ecef3cff65471f9faa3a7ccd4e4c588fe6c6168b614e21f706fb4f445012a,retain-knowledge-substrate,false,progressive-on-demand,Do not flatten into always-on host context; preserve package and evaluate through product context packs.
admin/health-cloud-timeline,admin,health-cloud-timeline,"Configure the Industries Enhanced Timeline in Health Cloud to display clinical events, custom object records, and activity history on a patient or member record. Trigger keywords: Enhanced Timeline, TimelineObjectDefinition, Industries Timeline, timeline categories, clinical event display, timeline configuration. NOT for building a custom timeline or patient-card LWC — use apex/health-cloud-lwc-components. NOT for the standard Task and Event activity timeline — use admin/activity-and-task-patterns.",1.0.0,Spring '25+,false,6,1,Security;Operational Excellence;Performance,skills/admin/health-cloud-timeline/SKILL.md,8a3d9ff07176fa799e4ec76d58c60c678afd98a922b95f3775cadb1c8dd10ae7,retain-knowledge-substrate,false,progressive-on-demand,Do not flatten into always-on host context; preserve package and evaluate through product context packs.
admin/hipaa-workflow-design,admin,hipaa-workflow-design,"Use this skill when designing HIPAA-compliant workflow requirements for Health Cloud: minimum necessary access design, audit trail requirements mapping, access control patterns, and BAA dependency identification. NOT for org-level HIPAA architecture or Shield encryption configuration — use architect/hipaa-compliance-architecture. NOT for care team and SDOH process design — use admin/care-coordination-requirements.",1.0.0,Spring '25+,false,5,2,Security;Operational Excellence,skills/admin/hipaa-workflow-design/SKILL.md,5c1a243af74223e2284090de52218f6d3a05fff9522d4410a0daf02f5dfa4e4f,retain-knowledge-substrate,false,progressive-on-demand,Do not flatten into always-on host context; preserve package and evaluate through product context packs.
admin/household-model-configuration,admin,household-model-configuration,"Use this skill when configuring the Financial Services Cloud (FSC) household data model — including Household record type setup, Primary Group assignment, ACR-based membership, rollup field inclusion, and batch rollup scheduling. NOT for NPSP household account configuration (use admin/npsp-household-accounts), non-FSC Account hierarchies, or standard Contact-Account relationships outside of FSC.",1.0.0,Spring '25+,false,6,2,Reliability;Operational Excellence,skills/admin/household-model-configuration/SKILL.md,18bdc312cfefd10b48d71c0f41f67eaf23e684ff36ec2cd24649e44b10df8f52,retain-knowledge-substrate,false,progressive-on-demand,Do not flatten into always-on host context; preserve package and evaluate through product context packs.
admin/in-app-guidance-and-walkthroughs,admin,in-app-guidance-and-walkthroughs,"Configuring Salesforce In-App Guidance: floating, docked, and targeted prompts, multi-step walkthroughs, audience targeting, scheduling, and adoption analytics. Use when designing user onboarding or feature adoption programs in Lightning Experience. Covers the Prompt metadata type, promptVersions, displayType, uiFormulaRule, stepNumber, isPublished, PromptAction and PromptError. NOT for guidance on a record's Path — use admin/path-and-guidance. NOT for adoption and training — use admin/change-management-and-training.",1.1.0,Spring '25+,false,11,0,Operational Excellence,skills/admin/in-app-guidance-and-walkthroughs/SKILL.md,4ec5492c04a26846dd81738c3bf48b2fd86b243f46b5bf2a15c89c441df59f2f,retain-knowledge-substrate,false,progressive-on-demand,Do not flatten into always-on host context; preserve package and evaluate through product context packs.
admin/industries-communications-setup,admin,industries-communications-setup,"Configure Communications Cloud for the first time: org setup sequence, permission sets, Enterprise Product Catalog (EPC) service catalog, TM Forum-aligned order decomposition setup, Account record-type segmentation, contract lifecycle activation. NOT for designing the commercial-to-technical order process itself - use admin/industries-process-design. NOT for calling TM Forum Open APIs (TMF622, TMF679) - use omnistudio/industries-api-extensions.",1.1.0,Spring '25+,false,8,0,Security;Operational Excellence;Reliability,skills/admin/industries-communications-setup/SKILL.md,a0f02c5a03d97cf45d8acccb2c204450fbd5fb19ad8b272b04ac5a3ebe24cc98,retain-knowledge-substrate,false,progressive-on-demand,Do not flatten into always-on host context; preserve package and evaluate through product context packs.
admin/industries-energy-utilities-setup,admin,industries-energy-utilities-setup,"Operational setup guide for Salesforce Energy and Utilities Cloud: license activation, permission sets, industry-specific object configuration (ServicePoint, Meter, MeterReading, Consumption, ServiceAccount, ServiceContract, RatePlan), CIS/billing system integration, and service order management. NOT for generic admin setup, NOT for reading or querying the E&U data model schema (use architect/industries-data-model for that).",1.0.0,Spring '26+,false,5,1,Reliability;Security;Operational Excellence,skills/admin/industries-energy-utilities-setup/SKILL.md,3ebdb4b22e48f7e8417575cfa8371d405bc5f922c3c2958f799689f670e29989,retain-knowledge-substrate,false,progressive-on-demand,Do not flatten into always-on host context; preserve package and evaluate through product context packs.
admin/industries-insurance-setup,admin,industries-insurance-setup,"Configure Salesforce Industries Insurance (Financial Services Cloud Insurance): permission set licenses, irreversible org settings, core insurance objects, coverage types, claim configuration, and OmniScript-based quoting via the Insurance Product Administration API. Trigger keywords: insurance setup, FSC Insurance, InsurancePolicy object, InsurancePolicyCoverage, policy quoting OmniScript, claim type configuration, InsProductService, Digital Insurance Platform, many-to-many policy, multiple producers. NOT for which FSC Insurance modules to license or how to architect claims and underwriting — use architect/insurance-cloud-architecture. NOT for generic OmniStudio setup, CPQ/Pricebook quoting or Health Cloud.",1.0.0,Spring '25+,false,6,0,Security;Reliability;Operational Excellence,skills/admin/industries-insurance-setup/SKILL.md,09ba9e29492ded60c8705cd29e966e3c6263711862012e2a7179e610ba19933a,retain-knowledge-substrate,false,progressive-on-demand,Do not flatten into always-on host context; preserve package and evaluate through product context packs.
admin/industries-process-design,admin,industries-process-design,"Use when designing or customizing industry-specific guided processes in Salesforce Industries clouds: insurance claims lifecycle (FNOL through closure), telecom order management decomposition, and utility service request workflows. Trigger keywords: FNOL process design, claims OmniScript customization, Industries order decomposition workflow, utility service order design, insurance claim lifecycle stages, telecom commercial-to-technical order flow. NOT for the Industries object model — use architect/industries-data-model. NOT for Insurance Cloud licensing and policy architecture — use architect/insurance-cloud-architecture.",1.0.0,Spring '25+,false,7,4,Reliability;Operational Excellence,skills/admin/industries-process-design/SKILL.md,610a12510419df29f3e22ab331f42dcb86f14630db8940d3db93c28fdbbe50ff,retain-knowledge-substrate,false,progressive-on-demand,Do not flatten into always-on host context; preserve package and evaluate through product context packs.
admin/industries-public-sector-setup,admin,industries-public-sector-setup,"Public Sector Solutions (PSS) setup: licensing, permits, inspections, benefits, case management for government, citizen portals, and grant management. NOT for standard Service Cloud cases — use admin/case-management-setup. NOT for a plain portal site — use admin/experience-cloud-site-setup.",1.0.0,Spring '25+,false,7,0,Security;Reliability;Operational Excellence,skills/admin/industries-public-sector-setup/SKILL.md,124ae03975cc0e603f12d2626e9feabef0d3b63f249012f3c0be0bee39f66acc,retain-knowledge-substrate,false,progressive-on-demand,Do not flatten into always-on host context; preserve package and evaluate through product context packs.
admin/integration-admin-connected-apps,admin,integration-admin-connected-apps,"Use when managing Connected Apps for integration purposes — configuring OAuth policies, IP restrictions, refresh token expiry, pre-authorization assignment via profile or permission set, and monitoring connected app usage via EventLogFile. Also covers the running-integration operations: revoking a grant, rotating the consumer key or secret, pairing the app to an integration user's permission set, and the periodic review. Trigger keywords: 'revoke OAuth token', 'DeleteToken', 'OauthToken query returns nothing', 'ipRelaxation ENFORCE', 'permissionSetName', 'PermissionSetAssignment ExpirationDate', 'LoginHistory Application', 'connected app quarterly review', 'rotate consumer secret'. NOT for choosing which OAuth grant flow to implement — use integration/oauth-flows-and-connected-apps. NOT for decoding a specific OAuth error such as invalid_grant — use admin/connected-app-troubleshooting. NOT for authoring the full connectedApp / External Client App / Named Credential file or choosing the auth artefact — use admin/connected-apps-and-auth.",1.1.0,Spring '25+,false,11,0,Security;Operational Excellence,skills/admin/integration-admin-connected-apps/SKILL.md,dc2757c64f4af007bd1e48143252777816215b27379a50ee0c0135b968c53f55,retain-knowledge-substrate,false,progressive-on-demand,Do not flatten into always-on host context; preserve package and evaluate through product context packs.
admin/integration-pattern-selection,admin,integration-pattern-selection,"Use this skill to select the right Salesforce integration pattern — from point-to-point to event-driven to hub-and-spoke — by applying the official Salesforce two-axis decision framework (integration type × timing) to a business integration scenario. Trigger keywords: integration pattern decision, choose integration approach, Salesforce integration architecture, when to use platform events vs API, integration type selection. NOT for implementation of any specific integration pattern (use domain-specific integration skills), MuleSoft architecture (use architect/mulesoft-anypoint-architecture), or middleware vendor selection. More triggers: integration decision record, Bulk API vs REST for a nightly load, external Id upsert, Named Credential vs Remote Site Setting, platform event vs CDC, who calls whom.",1.1.0,Spring '25+,false,13,0,Reliability;Security;Operational Excellence,skills/admin/integration-pattern-selection/SKILL.md,e93b675782094666cbc2861cf6871bb3a7524dbf9d6087d6498a1aec8990635c,retain-knowledge-substrate,false,progressive-on-demand,Do not flatten into always-on host context; preserve package and evaluate through product context packs.
admin/integration-user-management,admin,integration-user-management,"Use when setting up or auditing a dedicated Salesforce integration user — Salesforce Integration user license, API-only profile, permission set layering, MFA waiver, and login monitoring. NOT for creating human users, roles, or login hours — use admin/user-management. NOT for login IP ranges, session lifetime, or OAuth client-credential hardening — use security/api-only-user-hardening. Trigger keywords: service account, API-only user, run-as user, client credentials execution user, LoginHistory, REQUEST_LIMIT_EXCEEDED, integration login failure.",1.1.0,Spring '25+,false,13,0,Security;Operational Excellence,skills/admin/integration-user-management/SKILL.md,a027fd5b0cdb8431bae1ea07ede6fc16be93007b4d78fcff5f813811d2161346,retain-knowledge-substrate,false,progressive-on-demand,Do not flatten into always-on host context; preserve package and evaluate through product context packs.
admin/journey-builder-administration,admin,journey-builder-administration,"Use when setting up, configuring, or troubleshooting Marketing Cloud Journey Builder — including entry sources, activities, decision splits, wait activities, goals, exit criteria, journey versions, test mode, or journey analytics. Triggers: 'journey builder setup', 'entry source configuration', 'decision split not routing', 'exit criteria not removing contacts', 'goal not tracking conversion', 'journey version publishing', 'journey re-entry settings', 'wait activity date field'. NOT for coding a custom activity or entry source — use apex/marketing-cloud-custom-activities. NOT for business units and sender profiles — use admin/marketing-cloud-engagement-setup.",1.0.0,Spring '25+,false,7,0,Reliability;Operational Excellence;Performance,skills/admin/journey-builder-administration/SKILL.md,c51f06bfa96090ffac3c5167af5f5424c97bdc9c5e3878d3380ddbdb4ddc0d49,retain-knowledge-substrate,false,progressive-on-demand,Do not flatten into always-on host context; preserve package and evaluate through product context packs.
admin/knowledge-base-administration,admin,knowledge-base-administration,"Use this skill when setting up, configuring, or managing Salesforce Lightning Knowledge — enabling the feature, designing record types on Knowledge__kav, configuring Data Categories for organization and visibility control, setting up publishing workflows, and layering approval processes. Trigger keywords: Lightning Knowledge setup, Knowledge article record types, Data Category visibility, Knowledge publishing workflow, Knowledge__kav configuration. NOT for converting Classic Article Types to Lightning — use admin/knowledge-classic-to-lightning. NOT for bulk-loading articles from an external help center — use data/knowledge-article-import. NOT for sizing the taxonomy itself (how many groups, how deep) — use architect/knowledge-taxonomy-design.",1.1.0,Spring '25+,false,13,0,Security;Operational Excellence;Reliability,skills/admin/knowledge-base-administration/SKILL.md,4e1e1399c06cc076a5fa664ac4622a5c546e3061ca210d55f7eb58ce2ebc8765,retain-knowledge-substrate,false,progressive-on-demand,Do not flatten into always-on host context; preserve package and evaluate through product context packs.
admin/knowledge-classic-to-lightning,admin,knowledge-classic-to-lightning,"Migrating Classic Knowledge (KnowledgeArticleVersion / Article Types) to Lightning Knowledge (Knowledge__kav with record types): article-type-to-record-type mapping, multi-language translation preservation, data category re-architecture, file attachment porting, version and publication-state retention, channel visibility translation, and downstream Case Feed / Community / Bot rewiring. NOT for new Lightning Knowledge setup or editorial publishing workflow design (use admin/knowledge-base-administration).",1.0.0,Spring '25+,false,5,0,User Experience;Operational Excellence;Reliability,skills/admin/knowledge-classic-to-lightning/SKILL.md,1a1e5e9960f09daa94bbd948347a8a0b2085c5d7c7104419e19f0936f5e0a171,retain-knowledge-substrate,false,progressive-on-demand,Do not flatten into always-on host context; preserve package and evaluate through product context packs.
admin/lead-management-and-conversion,admin,lead-management-and-conversion,"Configuring Salesforce lead management and conversion in Setup: lead settings, web-to-lead, conversion field mapping, lead queues, auto-response rules, lead processes. Trigger keywords: web-to-lead, lead conversion, lead field mapping, lead settings, lead process, lead queue, lead auto-response. NOT for Apex that controls what conversion creates - use apex/lead-conversion-customization. NOT for lead assignment rule logic - use admin/assignment-rules. NOT for duplicate rule configuration - use admin/duplicate-management. Also covers: LeadConvertSettings objectMapping XML, LeadConfigSettings, LeadStatus StandardValueSet converted flag, lead process BusinessProcess, Database.convertLead bulk conversion limits.",1.2.0,Spring '25+,false,15,0,Operational Excellence,skills/admin/lead-management-and-conversion/SKILL.md,7ea64b3ef64bb2d453e7e7319b048079e5418ea3bb61eba1e01edfac3617a4c2,retain-knowledge-substrate,false,progressive-on-demand,Do not flatten into always-on host context; preserve package and evaluate through product context packs.
admin/lead-nurture-journey-design,admin,lead-nurture-journey-design,"Use this skill when designing lead nurture journeys in MCAE (Account Engagement / Pardot) Engagement Studio — mapping content to funnel stages (Awareness, Consideration, Decision), behavioral trigger rules, branching program paths, and MQL handoff criteria to Sales. NOT for building a journey in Marketing Cloud Journey Builder — use admin/journey-builder-administration. NOT for the scoring and grading model behind MQL — use admin/mcae-lead-scoring-and-grading.",1.0.0,Spring '25+,false,6,2,Operational Excellence;Reliability;Scalability,skills/admin/lead-nurture-journey-design/SKILL.md,4ab42ae0cd80bb8e5b4ad0e965c9de7f96c5376ab6f215bda00fa215995ec20b,retain-knowledge-substrate,false,progressive-on-demand,Do not flatten into always-on host context; preserve package and evaluate through product context packs.
admin/lead-scoring-requirements,admin,lead-scoring-requirements,"Use this skill when designing or documenting a lead scoring model in Salesforce Sales Cloud or Account Engagement: qualifying criteria, MQL/SQL threshold definitions, scoring dimensions (demographic, firmographic, behavioral), and sales handoff SLA. NOT for configuring the scoring, grading, and automation rules in Account Engagement — use admin/mcae-lead-scoring-and-grading. NOT for the whole marketing program's lifecycle stages and platform scope — use admin/marketing-automation-requirements.",1.0.0,Spring '25+,false,6,0,Operational Excellence;Reliability;Security,skills/admin/lead-scoring-requirements/SKILL.md,ef8472e01e5be16d625e4a6024e59ecedb7460f7f0e415e87fb32a4a1afc4d82,retain-knowledge-substrate,false,progressive-on-demand,Do not flatten into always-on host context; preserve package and evaluate through product context packs.
admin/lightning-app-builder-advanced,admin,lightning-app-builder-advanced,"Advanced Lightning App Builder usage: component visibility filters, custom page templates, Dynamic Forms, Dynamic Actions, page performance optimization, LWC targetConfig constraints on record pages. Use when building complex record pages or custom app templates. NOT for Dynamic Forms basics — use admin/dynamic-forms-and-actions. NOT for exposing an LWC via js-meta.xml targets — use lwc/lwc-app-builder-config.",1.0.0,Spring '25+,false,6,2,Performance;Security,skills/admin/lightning-app-builder-advanced/SKILL.md,d346a9504a78d45aeceb354bf21f8d325e2c6ed86d691c7f3a797fd23dfadcf5,retain-knowledge-substrate,false,progressive-on-demand,Do not flatten into always-on host context; preserve package and evaluate through product context packs.
admin/lightning-bolt-template-authoring,admin,lightning-bolt-template-authoring,"Use when an admin or partner needs to package an Experience Cloud (Community) site as a reusable Lightning Bolt Solution for distribution — covers the export workflow from Experience Builder, what gets bundled (ExperienceBundle, custom apps, flow categories, theme, layouts, navigation menus) versus what does NOT (data, CMS content, files), choosing Bolt vs managed package vs unlocked package vs cloning a site, sandbox-to-production promotion, multi-org distribution, AppExchange listing as a Bolt, and template versioning via the LightningBolt metadata `versionNumber`. Triggers: 'turn this community into a reusable template', 'package an Experience Cloud site to ship to multiple orgs', 'export Experience Builder template for AppExchange', 'should we use a Bolt or a managed package for this community', 'create an industry-specific community starter', 'how do we version our partner portal template', 'distribute branded Experience site across business units'. NOT for general Experience Cloud site build, content, or member setup (use admin/experience-cloud-site-setup, admin/experience-cloud-cms-content, admin/experience-cloud-member-management). NOT for shipping Apex / LWC / data-model functionality as a product (use devops/managed-package-development, devops/second-generation-managed-packages, devops/unlocked-package-development). NOT for moving a single Experience site between sandbox and prod as a one-off (use devops/experience-cloud-deployment-admin, devops/cicd-for-experience-cloud).",1.0.0,Spring '25+,false,8,0,Operational Excellence;Reliability,skills/admin/lightning-bolt-template-authoring/SKILL.md,5a1e23b56f964840f6dace7aa324ea7d3a7e4864637cb2bab0fc5866feb90756,retain-knowledge-substrate,false,progressive-on-demand,Do not flatten into always-on host context; preserve package and evaluate through product context packs.
admin/lightning-experience-transition,admin,lightning-experience-transition,"Use when planning, sequencing, or troubleshooting an org-wide migration from Salesforce Classic to Lightning Experience. Covers the LEX Transition Assistant Readiness Check, asset triage matrix (Visualforce, JavaScript buttons, page layouts, Knowledge, email templates, list views, AppExchange), pilot/wave rollout sequencing, end-user adoption telemetry, and cutover criteria. Triggers: 'lightning experience transition', 'classic to lightning migration plan', 'LEX readiness check', 'why are some users still on Classic', 'turning on Lightning for everyone'. NOT for individual asset migrations like a single VF page (use lwc/visualforce-to-lwc-migration), a single JavaScript button (use admin/custom-button-to-action-migration), or Knowledge article migration (use admin/knowledge-classic-to-lightning) — this skill orchestrates the program. NOT for Lightning App Builder page design (use admin/lightning-app-builder-advanced).",1.0.0,Spring '25+,false,5,0,Operational Excellence;Reliability;User Experience,skills/admin/lightning-experience-transition/SKILL.md,c4f94f050352b25be9baf825c9eb2593bf36879aa32c0d4adc03165067a9fcc8,retain-knowledge-substrate,false,progressive-on-demand,Do not flatten into always-on host context; preserve package and evaluate through product context packs.
admin/lightning-page-performance-tuning,admin,lightning-page-performance-tuning,"Use when a Lightning record page, home page, or app page is slow to load or render — covers Experienced Page Time (EPT) analysis, component count reduction, progressive disclosure via tabs and conditional rendering, Lightning Experience Insights diagnostics, and DOM/XHR minimization strategies. Triggers: 'Lightning page is slow', 'EPT is high', 'record page takes too long to load', 'too many components on page', 'Lightning Experience Insights shows slow page', 'how to optimize Lightning page performance'. NOT for Visualforce page performance (separate concern). NOT for Apex or SOQL query optimization (use apex/apex-cpu-and-heap-optimization or data/soql-query-optimization). NOT for report or dashboard performance (use admin/report-performance-tuning).",1.0.0,Spring '25+,false,7,0,Performance;Scalability,skills/admin/lightning-page-performance-tuning/SKILL.md,7c71d5cb8b6228ddcfa4efa46797040f24000703bc636c23a00dd2d72e347220,retain-knowledge-substrate,false,progressive-on-demand,Do not flatten into always-on host context; preserve package and evaluate through product context packs.
admin/lightning-record-page-configuration,admin,lightning-record-page-configuration,"Use when building a Lightning record page in App Builder or when the page users see is not the one you assigned. Trigger keywords: configure lightning record page, lightning app builder, flexipage, record page assignment, org default vs app default, activate lightning page. NOT for page speed - use admin/lightning-page-performance-tuning. NOT for page layout to Dynamic Forms migration - use admin/dynamic-forms-migration. NOT for related list columns - use admin/related-list-configuration.",1.0.0,Spring '25+,false,9,0,User Experience;Operational Excellence;Performance;Security,skills/admin/lightning-record-page-configuration/SKILL.md,d27149e788128108fb2dda4db8887d5e7c7aaafb2cddd5bf11b56abaa1708353,retain-knowledge-substrate,false,progressive-on-demand,Do not flatten into always-on host context; preserve package and evaluate through product context packs.
admin/list-views-and-compact-layouts,admin,list-views-and-compact-layouts,"Use when designing or reviewing list views, compact layouts, highlights panels, and search-result presentation so users can scan, find, and act on records quickly across desktop and mobile. Covers the deployable ListView, CompactLayout, SearchLayouts and ProfileSearchLayouts metadata: filterScope, booleanFilter, sharedTo, compactLayoutAssignment, and the package.xml shapes for each. Triggers: 'too many list views', 'compact layout not showing the right fields', 'search layouts vs list views', 'mobile highlights panel', 'list view missing after sandbox refresh', 'deploy a list view between orgs', 'list view column deployed blank', 'compact layout deploy failed', 'compact layout was named in package.xml but was not found in zipped directory'. NOT for page layouts or record types — use admin/record-types-and-page-layouts. NOT for Dynamic Forms — use admin/dynamic-forms-and-actions.",1.2.0,Spring '25+',false,13,0,User Experience;Operational Excellence;Reliability,skills/admin/list-views-and-compact-layouts/SKILL.md,22fa9450213069e502dd1aacbece2cc9a8dcc44ffec4f495a177df5505530e52,retain-knowledge-substrate,false,progressive-on-demand,Do not flatten into always-on host context; preserve package and evaluate through product context packs.
admin/lookup-and-relationship-design,admin,lookup-and-relationship-design,"Designing Lookup vs Master-Detail vs Hierarchical vs External relationships: cascade delete, roll-up summaries, ownership, sharing implications, polymorphic lookups, junction objects, relationship depth limits. NOT for restricting which records a lookup can pick — use admin/lookup-filter-cross-object-patterns. NOT for a roll-up across a plain lookup — use data/roll-up-summary-alternatives.",1.0.0,Spring '25+,false,7,0,Reliability;Scalability,skills/admin/lookup-and-relationship-design/SKILL.md,2943a8f88760eb8681074cb7dad6b3613dacb6216a4db8dc6417e518aa9fc41a,retain-knowledge-substrate,false,progressive-on-demand,Do not flatten into always-on host context; preserve package and evaluate through product context packs.
admin/lookup-filter-cross-object-patterns,admin,lookup-filter-cross-object-patterns,"Design or repair lookup filters that constrain a child lookup using fields from the parent record (or a sibling record on the same object). Triggers: 'limit lookup based on another field', 'cross-object lookup filter', 'lookup filter $Source vs $User', 'lookupFilter block in field-meta.xml', 'booleanFilter with three filterItems', 'picker still shows every record after deploy', 'lookup filter error message not translated'. NOT for choosing lookup vs master-detail - use admin/lookup-and-relationship-design. NOT for duplicate matching rule criteria - use admin/duplicate-management. NOT for the rest of the CustomField element set - use admin/custom-field-creation.",1.1.0,Spring '25+,false,11,0,Reliability;User Experience,skills/admin/lookup-filter-cross-object-patterns/SKILL.md,5efe7599f85fd84addbf594c3cc59174b379e24a387310a2ff27b30e09d7b4d8,retain-knowledge-substrate,false,progressive-on-demand,Do not flatten into always-on host context; preserve package and evaluate through product context packs.
admin/managed-package-installation-and-upgrade,admin,managed-package-installation-and-upgrade,"Use when a subscriber admin is installing, upgrading, or rolling back a managed package (1GP or 2GP) sourced from AppExchange or a private install URL — covers pre-install evaluation, sandbox dry runs, license and dependency checks, the install/upgrade audit trail, post-install configuration the package's InstallHandler cannot perform, and uninstall fallback. NOT for building managed packages as an ISV (use devops/managed-package-development), unlocked-package development (use devops/unlocked-package-development), or AppExchange listing setup. Trigger keywords: InstalledPackage, installedPackages, securityType, activateRSS, sf package install, sf package installed list, PackageLicense, UserPackageLicense, AllowedLicenses, UsedLicenses, push upgrade, PackageSubscriber, namespace prefix, 04t, certified managed package limits.",1.1.0,Spring '25+,false,16,0,Operational Excellence;Security;Reliability,skills/admin/managed-package-installation-and-upgrade/SKILL.md,a32b7a4bcf7c69506f473b9433c6679b8a4635cc62b6bc8c8217480c5a9255eb,retain-knowledge-substrate,false,progressive-on-demand,Do not flatten into always-on host context; preserve package and evaluate through product context packs.
admin/marketing-automation-requirements,admin,marketing-automation-requirements,"Use this skill when gathering, documenting, or validating requirements for a Salesforce marketing automation program — covering MCAE (Account Engagement / Pardot) lifecycle stages, MQL/SQL threshold definitions, scoring model specifications (sources, weights, decay, ceiling), handoff notification design, CRM field updates on status change, and sales SLA. Trigger keywords: MQL criteria, marketing-to-sales handoff, lead lifecycle, scoring requirements, automation program requirements, Marketing Cloud Automation Studio scope. NOT for building the scoring and grading rules in MCAE — use admin/mcae-lead-scoring-and-grading. NOT for a Sales-Cloud composite score built from formula fields — use admin/lead-scoring-requirements.",1.0.0,Spring '25+,false,7,0,Operational Excellence;Reliability;Security,skills/admin/marketing-automation-requirements/SKILL.md,3440adfb5a1f10186049badf611209c75ce32f617e3efcd4c8822b811cf223f0,retain-knowledge-substrate,false,progressive-on-demand,Do not flatten into always-on host context; preserve package and evaluate through product context packs.
admin/marketing-cloud-connect,admin,marketing-cloud-connect,"Use this skill when configuring or troubleshooting Marketing Cloud Connect (MC Connect) — the managed package that links a Salesforce org to a Marketing Cloud account. Covers connector user setup, synchronized data sources, scope configuration, tracking sync, and triggered sends. NOT for MCAE/Pardot connector setup — use admin/mcae-pardot-setup. NOT for synced data extension failures — use data/marketing-cloud-data-sync.",1.0.0,Spring '25+,false,7,0,Security;Reliability;Operational Excellence,skills/admin/marketing-cloud-connect/SKILL.md,6e8999885afdfb7ddbb54b5067d6cd47bf70d1b5270baa46945efff45c44743e,retain-knowledge-substrate,false,progressive-on-demand,Do not flatten into always-on host context; preserve package and evaluate through product context packs.
admin/marketing-cloud-engagement-setup,admin,marketing-cloud-engagement-setup,"Use this skill when configuring Marketing Cloud Engagement (formerly ExactTarget): business units, user roles, sender profiles, delivery profiles, send classifications, and account-level settings. NOT for MCAE / Account Engagement (Pardot) setup — use admin/mcae-pardot-setup. NOT for designing a multi-brand parent/child BU hierarchy — use architect/multi-bu-marketing-architecture.",1.0.0,Spring '25+,false,8,0,Security;Operational Excellence;Reliability,skills/admin/marketing-cloud-engagement-setup/SKILL.md,2c91ea2857a3bf817ad8ab793de82518d5cb287b9f9ca8ab381e8365b8d0e9ca,retain-knowledge-substrate,false,progressive-on-demand,Do not flatten into always-on host context; preserve package and evaluate through product context packs.
admin/marketing-reporting-requirements,admin,marketing-reporting-requirements,"Gathering and documenting Salesforce marketing reporting requirements: defining KPIs, choosing an attribution model (First Touch / Last Touch / Even Distribution / Multi-Touch), selecting the right Campaign Influence configuration, and mapping business questions to report types and dashboard features. NOT for actually building the Campaign Hierarchy and CCI models - use admin/campaign-planning-and-attribution. NOT for CRM Analytics dataset and dashboard requirements - use admin/analytics-requirements-gathering.",1.0.0,Spring '25+,true,7,0,Operational Excellence;Reliability;Performance,skills/admin/marketing-reporting-requirements/SKILL.md,1dbf4baed1be8f7333bcd20a2856d040d9481a2bf9a985736bb6b18b59408057,retain-knowledge-substrate,false,progressive-on-demand,Do not flatten into always-on host context; preserve package and evaluate through product context packs.
admin/mass-transfer-ownership,admin,mass-transfer-ownership,"Use when re-assigning record OwnerId across many records — territory realignment, employee departure, region split, integration cleanup. Triggers: 'mass transfer accounts', 'reassign opportunities to new owner', 'transfer all records on user deactivation', 'OwnerId migration', 'mass transfer records tool', 'bulk owner change', 'transfer before deactivating user', 'account team lost after owner change', 'assignment rule overrode my OwnerId column', 'defer sharing calculations', 'roll back an owner transfer'. NOT for auto-assigning new records — use admin/assignment-rules. NOT for territory assignment data — use data/territory-data-alignment.",1.1.0,Spring '25+,false,12,0,Reliability;Operational Excellence,skills/admin/mass-transfer-ownership/SKILL.md,63416001ea62d392e9518b7ceced5ea9d00406294738d3623b18ab795583990f,retain-knowledge-substrate,false,progressive-on-demand,Do not flatten into always-on host context; preserve package and evaluate through product context packs.
admin/mcae-lead-scoring-and-grading,admin,mcae-lead-scoring-and-grading,"Use this skill when configuring MCAE (Account Engagement / Pardot) lead scoring models, grading profiles, score decay rules, or automation rules that fire on score/grade thresholds. Covers: scoring point values per activity, score decay for inactivity, Profiles for fit grading, combined MQL definitions (Score + Grade), and automation rules vs completion actions. NOT for defining the MQL model before build — use admin/lead-scoring-requirements. NOT for Engagement Studio nurture programs — use admin/lead-nurture-journey-design.",1.0.0,Spring '25+,false,6,1,Operational Excellence;Reliability;Security,skills/admin/mcae-lead-scoring-and-grading/SKILL.md,230e6886f3bf9b727bb23b8b3dbd2bcf9617e7581617e4ca930033c406c30e86,retain-knowledge-substrate,false,progressive-on-demand,Do not flatten into always-on host context; preserve package and evaluate through product context packs.
admin/mcae-pardot-setup,admin,mcae-pardot-setup,"Use this skill when configuring a new or existing Marketing Cloud Account Engagement (MCAE, formerly Pardot) business unit: Salesforce v2 connector activation, connector user permissions, Salesforce User Sync, prospect field sync rules, tracking domain setup, and Account Engagement Lightning App installation. NOT for connecting Marketing Cloud Engagement (email studio, journeys) to Salesforce - use admin/marketing-cloud-connect. NOT for calling the Account Engagement REST API from code - use apex/mcae-pardot-api.",1.0.0,Spring '25+,false,6,0,Security;Operational Excellence;Reliability,skills/admin/mcae-pardot-setup/SKILL.md,900783e8cbb610994bf7e4bd0039d37fec9206245010173613b37da1f1497436,retain-knowledge-substrate,false,progressive-on-demand,Do not flatten into always-on host context; preserve package and evaluate through product context packs.
admin/media-cloud-setup,admin,media-cloud-setup,"Media Cloud setup for advertising sales management, audience segmentation, campaign management, revenue management, and cross-channel ad products. NOT for Marketing Cloud setup — use admin/marketing-cloud-engagement-setup. NOT for Data Cloud segments — use admin/data-cloud-segmentation.",1.0.0,Spring '25+,false,6,0,Reliability;Scalability;Operational Excellence,skills/admin/media-cloud-setup/SKILL.md,dd4f80950c0c24158a442dfb242229aa4c69c4ea8654e7de88eb547f9c4a814f,retain-knowledge-substrate,false,progressive-on-demand,Do not flatten into always-on host context; preserve package and evaluate through product context packs.
admin/messaging-and-chat-setup,admin,messaging-and-chat-setup,"Configure Messaging for In-App and Web (MIAW) channels in Service Cloud: Messaging Channel, Embedded Service Deployment, CORS/CSP Trusted Sites, pre-chat fields, session routing by Queue or Omni-Channel Flow, Status-Based capacity, Live Agent migration. Trigger keywords: MessagingChannel, EmbeddedServiceConfig, messagingChannelType, EmbeddedMessaging, sessionHandlerQueue, sessionHandlerFlow, embeddedConfig, automatedResponses, CorsWhitelistOrigin, CspTrustedSite, BrandingSet, MessagingSession, MessagingEndUser, enhanced chat, embedded messaging, chat widget, pre-chat form, auto-response. NOT for an Agentforce agent in the chat window - use agentforce/agent-channel-deployment. NOT for Omni-Channel enablement, Service Channels or skills-based routing - use admin/omni-channel-routing-setup.",1.1.0,Spring '25+,false,16,0,Security;Reliability;Operational Excellence,skills/admin/messaging-and-chat-setup/SKILL.md,a587dca8f6c060027f00b3cd158b48dd9f6cadebca3bc08674baf4df2d0c0c5d,retain-knowledge-substrate,false,progressive-on-demand,Do not flatten into always-on host context; preserve package and evaluate through product context packs.
admin/mobile-publisher,admin,mobile-publisher,"Use when planning, configuring, or maintaining a Salesforce Mobile Publisher branded app — a customer-facing or partner-facing mobile app distributed through Apple App Store or Google Play, built on either the Experience Cloud (LWR/Aura) Mobile Publisher template or the Field Service Mobile Publisher template. Triggers: 'salesforce mobile publisher branded app', 'experience cloud mobile app store distribution', 'mobile publisher push notifications certificate', 'app store review rejection salesforce', 'mobile publisher version policy update'. NOT for the standard mobile app — use admin/lightning-app-builder-advanced. NOT for Field Service mobile — use admin/fsl-mobile-app-setup.",1.0.0,Spring '25+,false,6,0,Operational Excellence;Security,skills/admin/mobile-publisher/SKILL.md,b6128d47df5a5788a7e07775f170915dbf27a0f923c4f3639b2f9012d5ceac35,retain-knowledge-substrate,false,progressive-on-demand,Do not flatten into always-on host context; preserve package and evaluate through product context packs.
admin/moscow-prioritization-for-sf-backlog,admin,moscow-prioritization-for-sf-backlog,"Use this skill when prioritizing a Salesforce backlog with the MoSCoW method (Must / Should / Could / Won't) plus an effort + value lens, deciding what fits in the next sprint or release, and using WSJF as a tie-break when MoSCoW alone produces ties. Trigger keywords: MoSCoW prioritization, must should could won't, WSJF salesforce, prioritize salesforce stories, sprint commit, backlog grooming. NOT for story writing or splitting (use admin/user-story-writing-for-salesforce). NOT for release train planning (use agents/release-train-planner). NOT for sizing/estimation method debates — this skill assumes a sizing convention is already in place.",1.0.0,Spring '25+,false,7,0,Operational Excellence;Reliability,skills/admin/moscow-prioritization-for-sf-backlog/SKILL.md,c8ac6e7276eea620632dcb118b24e5b2692631cc7ea9fc576d3e62cbf714dd54,retain-knowledge-substrate,false,progressive-on-demand,Do not flatten into always-on host context; preserve package and evaluate through product context packs.
admin/multi-language-and-translation,admin,multi-language-and-translation,"Configure Salesforce Translation Workbench and translate custom labels, picklist values, field labels, page layout sections, or the Experience Cloud language switcher. Triggers: 'how to add a language to Salesforce', 'translate custom labels', 'Translation Workbench setup', 'picklist value translation', 'RTL language support'. NOT for creating the Custom Label records or referencing them from Apex/LWC — use admin/custom-label-management. NOT for locale formatting and RTL layout inside a component — use lwc/lwc-internationalization. Also: CustomObjectTranslation, objectTranslation file, GlobalValueSetTranslation, StandardValueSetTranslation, LanguageSettings, enableTranslationWorkbench, locale code, end-user language, platform-only language, data translation.",1.2.0,Spring '25+,false,17,0,User Experience;Operational Excellence,skills/admin/multi-language-and-translation/SKILL.md,c4a4dd5fa5f128cadd713f100abd6ac4ec2b39f59778fc4b050657a6236b34e5,retain-knowledge-substrate,false,progressive-on-demand,Do not flatten into always-on host context; preserve package and evaluate through product context packs.
admin/npsp-engagement-plans,admin,npsp-engagement-plans,"Use this skill when configuring, applying, or troubleshooting NPSP Engagement Plans — the framework that automatically generates standard Salesforce Task records on a timed schedule to guide donor stewardship and constituent outreach. Trigger keywords: engagement plan, donor stewardship tasks, NPSP task automation, engagement template, major donor follow-up. NOT for designing the cultivation and stewardship stages — use admin/fundraising-process-mapping. NOT for recording and receipting gifts — use admin/gift-entry-and-processing.",1.0.0,Spring '25+,false,3,0,Operational Excellence;Reliability,skills/admin/npsp-engagement-plans/SKILL.md,909bb61ec6c361bbff0bdfa1983e5ceb4f29f5ebaa8e4b54a680ce4f985116c8,retain-knowledge-substrate,false,progressive-on-demand,Do not flatten into always-on host context; preserve package and evaluate through product context packs.
admin/npsp-household-accounts,admin,npsp-household-accounts,"Use this skill to configure and manage NPSP Household Accounts: household naming rules, formal/informal greeting formats, primary contact designation, household merges, and household splits. Trigger keywords: NPSP household naming, household account not updating, merge duplicate households NPSP, household greeting customization, primary affiliation NPSP. NOT for FSC (Financial Services Cloud) households — use admin/household-model-configuration. NOT for bulk-loading constituents and households into NPSP — use data/constituent-data-migration.",1.0.0,Spring '25+,false,5,0,Operational Excellence;Reliability,skills/admin/npsp-household-accounts/SKILL.md,5873606708847fc7c80cd06b21fa541db5e0b5ce1387be926f37e9cac8d032cd,retain-knowledge-substrate,false,progressive-on-demand,Do not flatten into always-on host context; preserve package and evaluate through product context packs.
admin/npsp-program-management,admin,npsp-program-management,"Configuring or troubleshooting the Nonprofit Success Pack Program Management Module (PMM) - program delivery, cohort setup, service scheduling, service delivery recording, and attendance tracking for beneficiaries. Trigger keywords: program management module, PMM, Program__c, ProgramEngagement__c, ServiceDelivery__c, cohort setup, bulk service delivery, service schedule, service participant. NOT for designing which outcomes and indicators to measure - use admin/program-outcome-tracking-design. NOT for NPSP donor, household and giving-rollup data - use data/nonprofit-data-architecture.",1.0.0,Spring '25+,false,6,0,Reliability;Operational Excellence;Security,skills/admin/npsp-program-management/SKILL.md,a09015cedd3b9a1f14de4c322250b349b5b4a3114ab4387d06c715c7221f48a6,retain-knowledge-substrate,false,progressive-on-demand,Do not flatten into always-on host context; preserve package and evaluate through product context packs.
admin/object-creation-and-design,admin,object-creation-and-design,"Use when creating a new Salesforce custom object: naming the object and setting its API name, selecting optional features (Activities, Chatter, History Tracking), choosing an org-wide default sharing model, and creating a tab. Triggers: 'create a custom object', 'new custom object setup', 'what sharing model should I choose', 'how do I create a tab for my object', 'object features like activities and history tracking'. NOT for designing the fields on the object - use admin/custom-field-creation. NOT for sharing rules or role hierarchy configuration - use admin/sharing-and-visibility. NOT for lookup-vs-master-detail and junction design - use data/data-model-design-patterns. More triggers: 'custom object records not showing in search', 'sharing model greyed out on my object', 'auto number restarted at 1 after deploy', 'cannot create a queue for my custom object', 'CustomObject deploy failed enableBulkApi', 'field history tracking shows no rows'.",1.2.1,Spring '25+,false,13,0,Security;Scalability;Operational Excellence,skills/admin/object-creation-and-design/SKILL.md,dbf4160161f518345a6d05917105935e748792434d907f2d15b80a347697568b,retain-knowledge-substrate,false,progressive-on-demand,Do not flatten into always-on host context; preserve package and evaluate through product context packs.
admin/omni-channel-routing-setup,admin,omni-channel-routing-setup,"Configuring Salesforce Omni-Channel routing from scratch or updating existing routing: enabling Omni-Channel, creating Service Channels, configuring Routing Configurations (queue-based and skills-based), setting up Presence Statuses and Presence Configurations, assigning skills to Service Resources, and defining Skills-Based Routing Rules. Trigger keywords: Omni-Channel setup, routing configuration, queue-based routing, skills-based routing, presence status, service channel, routing rules. NOT for agent capacity units and channel weighting — use architect/omni-channel-capacity-model. NOT for Apex routing via PendingServiceRouting — use apex/omni-channel-custom-routing.",1.1.2,Spring '25+,false,6,0,Reliability;Operational Excellence;Scalability,skills/admin/omni-channel-routing-setup/SKILL.md,0ef644befe047e651686555cf63068c022ae5df992d1789a94e0e3be580ec9c3,retain-knowledge-substrate,false,progressive-on-demand,Do not flatten into always-on host context; preserve package and evaluate through product context packs.
admin/omniscript-flow-design-requirements,admin,omniscript-flow-design-requirements,"Use this skill to gather, document, and validate OmniScript flow design requirements before development begins — covering screen layout requirements, branching logic, data source requirements, and user journey mapping. Trigger keywords: OmniScript requirements, OmniScript BA, OmniScript screen design, OmniScript user journey, OmniScript branching requirements. NOT for building the OmniScript or moving logic into an Integration Procedure — use omnistudio/omniscript-design-patterns. NOT for FlexCard requirements — use admin/flexcard-requirements.",1.0.0,Spring '25+,false,6,0,Reliability;Operational Excellence,skills/admin/omniscript-flow-design-requirements/SKILL.md,2fdc7aa6a6f8cfb9d5ef2fd51b5a99fa224d9ec73a1848433a8f836971464257,retain-knowledge-substrate,false,progressive-on-demand,Do not flatten into always-on host context; preserve package and evaluate through product context packs.
admin/omnistudio-admin-configuration,admin,omnistudio-admin-configuration,"Use when configuring OmniStudio at the org level: enabling Standard Runtime, selecting the Runtime Namespace, assigning Permission Set Licenses, toggling feature settings, and granting Experience Cloud community access. Trigger keywords: OmniStudio Settings, Standard OmniStudio Runtime, managed package runtime, runtime namespace, OmniStudio Permission Set, OmniStudio PSL. NOT for moving an org off the vlocity namespace — use omnistudio/vlocity-to-native-omnistudio-migration. NOT for deciding whether to adopt OmniStudio — use architect/omnistudio-vs-standard-decision.",1.0.0,Spring '25+,false,6,0,Security;Operational Excellence;Reliability,skills/admin/omnistudio-admin-configuration/SKILL.md,92165711793ae74199b081f99e70a6dfa72fa2eb77e06c6ba547b3a3c0593d12,retain-knowledge-substrate,false,progressive-on-demand,Do not flatten into always-on host context; preserve package and evaluate through product context packs.
admin/opportunity-management,admin,opportunity-management,"Configuring Salesforce opportunity management: sales stages, sales processes, opportunity record types, Path configuration, opportunity teams, opportunity splits, and forecasting categories. Use when setting up or restructuring the opportunity lifecycle for Sales Cloud. NOT for forecast types, rollup methods, quotas or manager adjustments — use admin/collaborative-forecasts. NOT for agreeing what the stages and exit criteria should be before any build — use admin/sales-process-mapping. NOT for CPQ pricing or product configuration. Keywords: BusinessProcess, sales process, OpportunityStage, ForecastCategoryName, PathAssistant, OpportunitySplit, OpportunitySplitType, OpportunityTeamMember, Opportunity.settings, enableOpportunityTeam, IsClosed, IsWon, IsPrivate.",1.1.1,Spring '25+,false,11,0,Operational Excellence,skills/admin/opportunity-management/SKILL.md,c18c817b66aca96225cb283e769484ba12259fc2ff9def35254aa8b1d8f96adf,retain-knowledge-substrate,false,progressive-on-demand,Do not flatten into always-on host context; preserve package and evaluate through product context packs.
admin/org-cleanup-and-technical-debt,admin,org-cleanup-and-technical-debt,"Use when executing admin-level cleanup in a Salesforce org: deleting unused fields, removing inactive Flow versions, deactivating legacy automation, running Salesforce Optimizer or Org Check, and performing destructive metadata deploys. Triggers: 'clean up unused fields', 'delete inactive flows', 'run Optimizer', 'org has too many custom fields', 'remove old workflow rules', 'Flow version limit'. NOT for assessing or reporting on technical debt (use architect/technical-debt-assessment). NOT for code-level refactoring or Apex cleanup (use apex/ skills).",1.0.0,Spring '25+,false,6,0,Operational Excellence;Reliability,skills/admin/org-cleanup-and-technical-debt/SKILL.md,4787b2e1fb103c319ae88bef6d0f4d78a9d4a5c949f0e5506398792436e67ac2,retain-knowledge-substrate,false,progressive-on-demand,Do not flatten into always-on host context; preserve package and evaluate through product context packs.
admin/org-setup-and-configuration,admin,org-setup-and-configuration,"Use when configuring org-wide platform settings: MFA enforcement, My Domain setup and deployment, session timeout and security settings, password policies, trusted IP ranges (Network Access), and CSP Trusted Sites. Owns these settings as deployable Settings metadata (Security.settings, MyDomain.settings, Company.settings, Language.settings) and the order in which a new org is stood up. Trigger keywords: 'MFA setup', 'My Domain', 'session settings', 'password policy', 'trusted IP ranges', 'CSP trusted sites', 'Security.settings', 'SecuritySettings metadata', 'MyDomainSettings', 'settings-meta.xml', 'enhanced domains', 'deploy org settings', 'new org setup order', 'sessionTimeout enum', 'lockSessionsToIp', 'enableAdminLoginAsAnyUser'. NOT for user-level login restrictions (use user-management), NOT for permission model design (use permission-sets-vs-profiles), NOT for security audit and hardening review (use security/org-hardening-and-baseline-config).",1.1.0,Spring '25+,false,14,0,Security;Operational Excellence,skills/admin/org-setup-and-configuration/SKILL.md,546efbf570e6178febc0e0e5f087a50a77c192791df9b864cea9e91fa47726ed,retain-knowledge-substrate,false,progressive-on-demand,Do not flatten into always-on host context; preserve package and evaluate through product context packs.
admin/outbound-message-setup,admin,outbound-message-setup,"Use when configuring Workflow-based Outbound Messages to push SOAP payloads to external endpoints — endpoint setup, field selection, retry behavior, and delivery monitoring. NOT for the listener's session ID callback into Salesforce — use integration/outbound-messages-and-callbacks. NOT for JSON webhooks or Flow-triggered pushes — use integration/outbound-webhook-from-salesforce. Keywords: WorkflowOutboundMessage, outboundMessages, endpointUrl, includeSessionId, integrationUser, useDeadLetterQueue, apiVersion, SOAP Ack, .workflow file, approval outbound message action.",1.1.0,Spring '25+,false,12,0,Reliability;Operational Excellence,skills/admin/outbound-message-setup/SKILL.md,eff7a2043dffab956a6bb2494e181f098c179ac61b01bf013c307311977da98a,retain-knowledge-substrate,false,progressive-on-demand,Do not flatten into always-on host context; preserve package and evaluate through product context packs.
admin/partner-community-requirements,admin,partner-community-requirements,"Use this skill to define and validate the requirements for a Salesforce Partner Relationship Management (PRM) implementation: deal registration flows, lead distribution models, partner tier hierarchies, MDF budget tracking, and co-marketing content entitlement. Trigger keywords: partner community requirements, PRM deal registration setup, channel partner portal requirements, lead distribution partner, partner tier management, MDF tracking, co-marketing entitlement. NOT for implementing the partner sharing model — use data/partner-data-access-patterns. NOT for building the portal in Experience Builder — use admin/experience-cloud-site-setup. More trigger keywords: partner portal design worksheet, partner tier licence and role depth, PartnerAccountId blank on opportunity, portal role Executive Manager User, sharing set does not support Lead, enable partner user greyed out, offboard a partner firm, PartnerMarketingBudget PartnerFundRequest PartnerFundClaim, ChannelProgramLevel partner tier, deal registration acceptance step.",1.1.0,Spring '25+,false,14,0,Security;Operational Excellence;Reliability,skills/admin/partner-community-requirements/SKILL.md,19a6b1bc4b4edc3342f2e86e03a389d26bf7f37b3801d3a45bae1ea36d927fbf,retain-knowledge-substrate,false,progressive-on-demand,Do not flatten into always-on host context; preserve package and evaluate through product context packs.
admin/path-and-guidance,admin,path-and-guidance,"Use when setting up, customizing, or troubleshooting the Salesforce Path component on Opportunity, Lead, Case, or custom objects. Triggers: 'add guidance to stages', 'key fields on path', 'celebrate closed won', 'path not showing', 'configure path steps', 'confetti on stage change'. NOT for creating the stage picklist — use admin/opportunity-management. NOT for in-app prompts — use admin/in-app-guidance-and-walkthroughs. Metadata: PathAssistant, PathAssistantStep, PathAssistantSettings, pathAssistantEnabled, canOverrideAutoPathCollapseWithUserPref, runtime_sales_pathassistant:pathAssistant, picklistValueName, recordTypeName, BusinessProcess.",1.1.2,Spring '25+,false,14,0,User Experience;Operational Excellence,skills/admin/path-and-guidance/SKILL.md,ab542b270272442a4d98052d3d8bb6c6735aa13e73aa604200196039f6d388b9,retain-knowledge-substrate,false,progressive-on-demand,Do not flatten into always-on host context; preserve package and evaluate through product context packs.
admin/patient-engagement-requirements,admin,patient-engagement-requirements,"Use this skill when defining patient engagement portal requirements for Health Cloud: appointment scheduling, secure in-portal messaging, health assessments, patient education, and self-service features. NOT for care team workflows, SDOH barriers and care gaps — use admin/care-coordination-requirements. NOT for patient portal licensing and cloud topology — use architect/health-cloud-multi-cloud-strategy.",1.0.0,Spring '25+,false,5,2,Security;Operational Excellence,skills/admin/patient-engagement-requirements/SKILL.md,ebe4fd1f2b3dde27d0bc7c51640bedd82b21e1bbf235a9821a748acfa19edf1e,retain-knowledge-substrate,false,progressive-on-demand,Do not flatten into always-on host context; preserve package and evaluate through product context packs.
admin/permission-set-architecture,admin,permission-set-architecture,"Use when designing or refactoring Salesforce access architecture around minimal profiles, permission sets, permission set groups, muting, and assignment governance. Triggers: 'profile sprawl', 'permission set strategy', 'PSG architecture', 'access bundle design', 'least privilege', 'how to slice permission sets', 'permission set naming convention', 'permission set license restriction', 'PSG status Outdated', 'permissionset-meta.xml'. NOT for PSG muting mechanics and recalculation order — use admin/permission-set-group-composition. NOT for record-sharing model design — use admin/sharing-and-visibility. NOT for time-boxing an assignment — use admin/permission-set-expiration.",1.2.3,Spring '25+,false,11,0,Security;Operational Excellence;Reliability,skills/admin/permission-set-architecture/SKILL.md,202a6b4c7e773f36ca20bb4aa47406cb205266f6e225e1e9d2cd3a853b186c4c,retain-knowledge-substrate,false,progressive-on-demand,Do not flatten into always-on host context; preserve package and evaluate through product context packs.
admin/permission-set-expiration,admin,permission-set-expiration,"Use when an assignment must expire on a date, not stand forever. Trigger keywords: permission set expiration date, permission set group expiry, temporary access, time-boxed elevation, contractor access, ExpirationDate. NOT for PSG composition - use admin/permission-set-group-composition. NOT for muting mechanics - use security/permission-set-groups-and-muting. NOT for criteria-based auto-assignment - use admin/user-access-policies.",1.0.0,Spring '25+,false,9,0,Security;Operational Excellence;Reliability,skills/admin/permission-set-expiration/SKILL.md,3b88a45c0760991d8a806ba0cda693f1e3ad6e895b621c6efb70a33b07a8f369,retain-knowledge-substrate,false,progressive-on-demand,Do not flatten into always-on host context; preserve package and evaluate through product context packs.
admin/permission-set-group-composition,admin,permission-set-group-composition,"Tactical guidance for composing Permission Set Groups: layering permission sets, applying Mute Permission Sets to subtract narrow capabilities, sequencing the recalculation lifecycle, deletion order, and assignment-vs-activation lifecycle. Triggers: 'PSG composition', 'mute permission set', 'PSG recalculation', 'cannot delete permission set in PSG', 'PSG explosion', 'expired PSG assignment'. NOT for the strategic profile-vs-PSG choice or migrating off profiles - use admin/permission-set-architecture. NOT for record-sharing design (OWD, role hierarchy, sharing rules) - use admin/sharing-and-visibility.",1.2.1,Spring '25+,false,8,0,Security;Reliability;Operational Excellence,skills/admin/permission-set-group-composition/SKILL.md,192490fed8338ac160405e4aeec1213b01eeff0424c037cc12565d595c05384f,retain-knowledge-substrate,false,progressive-on-demand,Do not flatten into always-on host context; preserve package and evaluate through product context packs.
admin/permission-sets-vs-profiles,admin,permission-sets-vs-profiles,"Use when designing or auditing Salesforce access control — deciding between Profiles, Permission Sets, and Permission Set Groups. Triggers: 'user can't see field', 'too many profiles', 'permission model', 'least privilege', 'profile migration', 'what stays on the profile', 'profile only settings', 'login hours permission set', 'layout assignment permission set', 'IsOwnedByProfile', 'profile retrieve empty'. NOT for sharing rules or record-level access — use admin/sharing-and-visibility for that.",1.2.4,Spring '25+,false,18,0,Security;Operational Excellence,skills/admin/permission-sets-vs-profiles/SKILL.md,aa20158679a99a7b2114db542fb0899727822d646cb56002e42d6101e5fa4199,retain-knowledge-substrate,false,progressive-on-demand,Do not flatten into always-on host context; preserve package and evaluate through product context packs.
admin/persona-and-journey-mapping-sf,admin,persona-and-journey-mapping-sf,"Build Salesforce-anchored personas and journey maps where every persona ties to a Permission Set Group, primary record types, list views, dashboards, automation, and a measured mobile/desktop posture, and journeys walk each task end-to-end with friction tags that drive UX decisions. NOT for stakeholder authority / RACI (use admin/stakeholder-raci-for-sf-projects), NOT for system-side process flows (use admin/process-flow-as-is-to-be), NOT for Lightning page design itself (use admin/lightning-app-builder-advanced or the lightning-record-page-auditor agent), NOT for pure design / UX research disconnected from org artifacts.",1.0.0,Spring '25+,false,7,0,User Experience;Operational Excellence;Performance,skills/admin/persona-and-journey-mapping-sf/SKILL.md,2e827297559a83b697741396d0ded1a4b3bd1e0aa8f2266d9a9cf7d17d827816,retain-knowledge-substrate,false,progressive-on-demand,Do not flatten into always-on host context; preserve package and evaluate through product context packs.
admin/picklist-and-value-sets,admin,picklist-and-value-sets,"Use when creating or managing picklist fields: choosing between Global Value Sets and object-local picklists, configuring controlling and dependent field relationships, managing picklist values, and replacing values in existing data records. NOT for why the API or an integration ignores a dependency matrix - use admin/field-dependency-and-controlling. NOT for cleaning up degraded, unrestricted or orphaned picklist values - use admin/picklist-field-integrity-issues. NOT for record type picklist filtering - use admin/record-types-and-page-layouts. Keywords: GlobalValueSet, StandardValueSet, __gvs suffix, customValue, valueSetName, valueSetDefinition, restricted picklist, GlobalValueSetTranslation, OpportunityStage, CaseStatus.",1.1.0,Spring '25+,false,23,0,Operational Excellence;Reliability,skills/admin/picklist-and-value-sets/SKILL.md,93f2ce585e9a49bea88cf78c24c5bf3c3bc5fba14564cda280e2a501721f48c9,retain-knowledge-substrate,false,progressive-on-demand,Do not flatten into always-on host context; preserve package and evaluate through product context packs.
admin/picklist-data-integrity,admin,picklist-data-integrity,"Picklist governance for Salesforce admins — Restricted vs Unrestricted, Global Value Sets vs local picklists, value deactivation that breaks reports, dependent picklists with deactivated controllers, and the 'value not in picklist' phantom-data problem. Covers the per-record-type value selection model, the API-vs-label mismatch trap, and the mass-replace-values runbook. NOT for auditing an org where invalid values already exist or record-type mappings have drifted — use admin/picklist-field-integrity-issues. NOT for creating a picklist field or wiring up a dependent picklist — use admin/picklist-and-value-sets.",1.1.0,Spring '25+,false,13,0,Reliability;Operational Excellence;Security,skills/admin/picklist-data-integrity/SKILL.md,28c7d6cd9db3c2a8b717878495b773d2442db9f9a8774b2ee8714a3402e003f7,retain-knowledge-substrate,false,progressive-on-demand,Do not flatten into always-on host context; preserve package and evaluate through product context packs.
admin/picklist-field-integrity-issues,admin,picklist-field-integrity-issues,"Use when picklist data quality has degraded: unrestricted picklists accepting garbage API values, dependent picklist relationships bypassed by integrations, record type picklist value mappings drifting out of sync, or orphaned values appearing in reports. NOT for the value-deactivation runbook or the API-name-vs-label trap — use admin/picklist-data-integrity. NOT for initial picklist creation or Global Value Set design — use admin/picklist-and-value-sets. NOT for record type configuration itself — use admin/record-types-and-page-layouts.",1.0.0,Spring '25+,false,7,1,Reliability;Operational Excellence;Security,skills/admin/picklist-field-integrity-issues/SKILL.md,d1513b68ef9653f9250551dfa27099b9752bd51ba07122265ad57a5f71d97617,retain-knowledge-substrate,false,progressive-on-demand,Do not flatten into always-on host context; preserve package and evaluate through product context packs.
admin/pipeline-review-design,admin,pipeline-review-design,"Configuring and running Pipeline Inspection in Sales Cloud: enabling the feature, mapping forecast categories into the inspection view, Days in Stage and other deal-change metrics, and pipeline review cadence for sales managers. Use when designing or improving how a team monitors deal health and pipeline movement. NOT for the Revenue Intelligence app, Einstein deal insights, or forecast-accuracy dashboards — use admin/revenue-intelligence-setup. NOT for forecast types, quotas, or forecast hierarchy setup — use admin/collaborative-forecasts. Keywords: pipeline review, coverage ratio, stage conversion, slippage, stale deals, days in stage, LastStageChangeInDays, LastStageChangeDate, AgeInDays, PushCount, ForecastCategoryName, enablePipelineInspection, PipelineInspMetricConfig, OpportunitySettings, review cadence, commit call.",1.1.1,Spring '25+,false,15,0,Operational Excellence;Reliability,skills/admin/pipeline-review-design/SKILL.md,2e14cbd0a81d4be946902c2a7f9a2af9a9f46264bd288ca1e07779e9852440bb,retain-knowledge-substrate,false,progressive-on-demand,Do not flatten into always-on host context; preserve package and evaluate through product context packs.
admin/portal-requirements-gathering,admin,portal-requirements-gathering,"Use when gathering requirements for a customer portal, partner community, or self-service Experience Cloud site. Triggers: 'gathering requirements for customer portal', 'planning Experience Cloud site', 'what license for community portal', 'portal user journey mapping', 'self-service requirements'. NOT for building the site in Experience Builder — use admin/experience-cloud-site-setup. NOT for designing the deal-registration and MDF processes themselves — use admin/partner-community-requirements. More trigger keywords: portal persona licence matrix, which Experience Cloud licence do these requirements imply, external user needs a Contact and Account, sharing set vs sharing rule for a portal, self-registration vs SSO for a portal, portal requirements catalogue, handoff to Experience Cloud site setup.",1.1.0,Spring '25+,false,12,0,Security;Operational Excellence;User Experience,skills/admin/portal-requirements-gathering/SKILL.md,49c59936811fc66c32d9979deab4a20b6967fa7593263e2d41f74a3f9f3d8e9e,retain-knowledge-substrate,false,progressive-on-demand,Do not flatten into always-on host context; preserve package and evaluate through product context packs.
admin/pricing-model-design,admin,pricing-model-design,"Use when selecting the right Salesforce CPQ pricing model for a product line — the four native Pricing Methods (List, Cost Plus Markup, Block, Percent of Total) and Range vs Slab Discount Schedule types — before any configuration begins. Trigger keywords: CPQ pricing method, SBQQ__PricingMethod__c, Cost Plus Markup, Block Pricing design, Percent of Total design, discount schedule type, Range vs Slab discount, pricing model strategy, which CPQ pricing mechanism to use. NOT for configuring Price Rule objects — use admin/cpq-pricing-rules. NOT for pricing without CPQ — use admin/products-and-pricebooks.",1.0.0,Spring '25+,false,6,2,Operational Excellence;Reliability,skills/admin/pricing-model-design/SKILL.md,747d01dfc4f1caf2a566af24f458ceb3ec37508fd043b8c0f37e07d90e511e2f,retain-knowledge-substrate,false,progressive-on-demand,Do not flatten into always-on host context; preserve package and evaluate through product context packs.
admin/process-automation-selection,admin,process-automation-selection,"Use when deciding which Salesforce automation tool should own a requirement, including before-save and after-save Flow, screen Flow, scheduled Flow, invocable Apex, Apex triggers, and migration off Workflow Rules or Process Builder. Triggers: 'Flow or Apex trigger', 'which automation tool should I use', 'Process Builder migration', 'Workflow Rule retirement', 'same-record update or trigger', 'automation decision record', 'why did we reject Apex', 'one object one order', 'automation inventory for this object', 'scheduled Flow or Batch Apex'. NOT for 'which tool should stamp this field on save, and will it recurse' — use admin/workflow-field-update-patterns. NOT for actually running the conversion of an existing Process Builder — use flow/process-builder-to-flow-migration.",1.1.0,Spring '25+,false,11,0,Scalability;Reliability;Operational Excellence,skills/admin/process-automation-selection/SKILL.md,1a31b6389eca483609739c8044ebbe82dc0f9c81c59cda6fb4daadf8c4c914e2,retain-knowledge-substrate,false,progressive-on-demand,Do not flatten into always-on host context; preserve package and evaluate through product context packs.
admin/process-flow-as-is-to-be,admin,process-flow-as-is-to-be,"Documenting As-Is and To-Be business processes for a Salesforce project as swim-lane diagrams — one lane per actor, explicit decision points, parallel and exception/sad paths, and per-step automation-tier annotations that drive downstream build decisions. Trigger keywords: As-Is To-Be salesforce process, swim lane salesforce, business process map, automation candidate identification, sad path documentation, process actor mapping, manual residue. NOT for Opportunity stage and exit-criteria design — use admin/sales-process-mapping. NOT for picking Flow vs Apex for one requirement — use admin/process-automation-selection.",1.0.0,Spring '25+,false,7,0,Operational Excellence;Reliability;User Experience,skills/admin/process-flow-as-is-to-be/SKILL.md,edbb9d673b74db988af300e95c00115f497c128e6139a5e6d480372b9a7a18f7,retain-knowledge-substrate,false,progressive-on-demand,Do not flatten into always-on host context; preserve package and evaluate through product context packs.
admin/products-and-pricebooks,admin,products-and-pricebooks,"Use when configuring the Salesforce product catalog and pricing structure: creating Product2 records, setting up Standard and custom Pricebooks, managing PricebookEntry junction records, enabling multi-currency pricing, configuring Product Schedules (Revenue and Quantity), or troubleshooting incorrect prices on Opportunity line items and Quotes. Triggers: 'add product to pricebook', 'pricebook entry', 'standard pricebook', 'product catalog', 'multi-currency product pricing', 'product schedule', 'revenue schedule', 'quantity schedule', 'deactivate product'. NOT for bulk catalog loads — use data/product-catalog-data-model. NOT for CPQ bundles and product rules — use admin/cpq-product-catalog-setup.",1.0.2,Spring '25+,false,9,0,Reliability;Operational Excellence;User Experience,skills/admin/products-and-pricebooks/SKILL.md,86f80160d485da9ad2642b497780c4c1d2d740899943bafe90c5f2562a0746c5,retain-knowledge-substrate,false,progressive-on-demand,Do not flatten into always-on host context; preserve package and evaluate through product context packs.
admin/program-outcome-tracking-design,admin,program-outcome-tracking-design,"Design guidance for program outcome measurement in Salesforce nonprofit orgs: logic model structure, indicator taxonomy, impact reporting design, and grant compliance reporting using NPSP Program Management Module (PMM) or Nonprofit Cloud (NPC) Outcome Management. NOT for configuring PMM programs, cohorts and service deliveries - use admin/npsp-program-management. NOT for setting up grant tracking, funding awards and disbursements - use admin/grant-management-setup.",1.0.0,Spring '25+,false,5,1,Operational Excellence;Reliability,skills/admin/program-outcome-tracking-design/SKILL.md,f7f56d624aae38be795300e6c11d38309b869eb1f0c18615a377875785fa41b9,retain-knowledge-substrate,false,progressive-on-demand,Do not flatten into always-on host context; preserve package and evaluate through product context packs.
admin/queues-and-public-groups,admin,queues-and-public-groups,"Use this skill when creating or managing queues, configuring queue membership, setting up case or lead queues, creating public groups, or using groups in sharing rules and manual sharing. Trigger keywords: queue, public group, queue membership, queue email, group sharing, case queue, lead queue. NOT for the rule that decides which queue a record lands in — use admin/assignment-rules. NOT for Omni-Channel routing configuration — use admin/omni-channel-routing-setup.",1.2.1,Spring '25+,false,9,0,Operational Excellence;Scalability,skills/admin/queues-and-public-groups/SKILL.md,c0b0d0ee208aa626d4f92988637b44681c52c5e7cbc5afb155656219d49141cd,retain-knowledge-substrate,false,progressive-on-demand,Do not flatten into always-on host context; preserve package and evaluate through product context packs.
admin/quote-to-cash-process,admin,quote-to-cash-process,"Use when designing, mapping, or troubleshooting the end-to-end quote-to-cash process in orgs running Salesforce CPQ (managed package) or Revenue Cloud — covering the full object chain from SBQQ__Quote__c through Contract to blng__Invoice__c, approval routing via Advanced Approvals (sbaa__), billing schedule generation, and order activation. Trigger keywords: CPQ quote, SBQQ, revenue cloud billing, Advanced Approvals, subscription, blng invoice, contract pivot. NOT for quote-to-cash on standard Sales Cloud objects — use admin/quote-to-cash-requirements. NOT for setting up SBAA approval rules and chains — use admin/cpq-approval-workflows.",1.0.0,Spring '25+,false,6,2,Reliability;Operational Excellence;Security,skills/admin/quote-to-cash-process/SKILL.md,5fa883b355805a3f1757ea57e7385e74017dc1511f63acc2814d2eb35f7e36f2,retain-knowledge-substrate,false,progressive-on-demand,Do not flatten into always-on host context; preserve package and evaluate through product context packs.
admin/quote-to-cash-requirements,admin,quote-to-cash-requirements,"Use when designing or validating the end-to-end quote-to-cash process on standard Salesforce: Opportunity to Quote to Synced Quote to Approval Process to Quote PDF to Order creation. Trigger keywords: quote approval, discount policy, quote PDF limits, order from quote, quote sync, quote template. NOT for CPQ pricing rules or discount schedules — use admin/cpq-pricing-rules. NOT for building the quote template itself — use admin/quotes-and-quote-templates.",1.0.0,Spring '25+,false,6,2,Reliability;Operational Excellence;User Experience,skills/admin/quote-to-cash-requirements/SKILL.md,c0218b7a043883ee5bc472989a05c57c75bb3853cb9d0ae541cfda52e79001f6,retain-knowledge-substrate,false,progressive-on-demand,Do not flatten into always-on host context; preserve package and evaluate through product context packs.
admin/quotes-and-quote-templates,admin,quotes-and-quote-templates,"Use when configuring standard Salesforce Quotes, building quote templates for PDF generation, emailing quotes, syncing quotes to opportunity products, or setting up discount approvals on quotes. Triggers: 'create quote', 'quote template', 'quote PDF', 'email quote', 'quote sync', 'synced quote', 'discount approval', 'quote line items', 'QuoteSettings', 'enableQuote', 'QuoteStatus', 'allowEmail', 'SyncedQuoteId', 'IsSyncing', 'QuoteLineItem', 'QuoteDocument', 'GrandTotal', 'Pricebook2Id'. NOT for CPQ (SBQQ) quote templates — use admin/cpq-quote-templates. NOT for the end-to-end quote-to-cash process — use admin/quote-to-cash-requirements.",1.1.0,Spring '25+,false,18,0,Reliability;User Experience;Operational Excellence,skills/admin/quotes-and-quote-templates/SKILL.md,7b6b6a4972eb6bd70e3d564c945f853980b1dc4cb74c321908f253759326041e,retain-knowledge-substrate,false,progressive-on-demand,Do not flatten into always-on host context; preserve package and evaluate through product context packs.
admin/rebate-management-setup,admin,rebate-management-setup,"Rebate Management setup: rebate types, payout calculations, accruals, partner rebates, program setup, compliance reporting. NOT for Sales Agreements or channel revenue management — use integration/manufacturing-cloud-setup. NOT for CPQ discounts on quotes — use admin/cpq-pricing-rules.",1.0.0,Spring '25+,false,6,0,Reliability;Operational Excellence;Security,skills/admin/rebate-management-setup/SKILL.md,2454273a42c2265151fcf4cd104525b4c710332c367b10701fa74c4129da8fa4,retain-knowledge-substrate,false,progressive-on-demand,Do not flatten into always-on host context; preserve package and evaluate through product context packs.
admin/record-type-id-management,admin,record-type-id-management,"RecordType ID differences across orgs: dynamic lookup via Schema.SObjectType methods, DeveloperName for stable refs, hard-coded ID anti-patterns, record-type caching, deployment impact. NOT for deciding whether to use record types at all — use admin/record-types-and-page-layouts. NOT for layout/profile explosion at scale — use admin/record-type-strategy-at-scale. NOT for hard-coded Profile, Queue or User IDs in Apex — use apex/apex-hardcoded-id-elimination.",1.0.1,Spring '25+,false,7,0,Reliability;Scalability,skills/admin/record-type-id-management/SKILL.md,1847636d097c2f01304cf2ba35d4a2ab037cb18afca32c35431de934d6c20b81,retain-knowledge-substrate,false,progressive-on-demand,Do not flatten into always-on host context; preserve package and evaluate through product context packs.
admin/record-type-strategy-at-scale,admin,record-type-strategy-at-scale,"Use when designing or refactoring record types across objects with many profiles, business processes, or picklist variations. Covers layout assignment explosion, Dynamic Forms migration, and record type ID portability. NOT for basic record type setup or page layout assignment — use admin/record-types-and-page-layouts. NOT for converting one page layout to Dynamic Forms — use admin/dynamic-forms-migration. Trigger keywords: record type consolidation, layout assignment matrix, recordTypeVisibilities, layoutAssignments, Master record type default, bulk RecordTypeId migration, record type audit, RecordType wildcard package.xml.",1.1.0,Spring '25+,false,11,0,Security;Scalability;Operational Excellence,skills/admin/record-type-strategy-at-scale/SKILL.md,1c229c81ab1c0cf7049aec6ab895e703b28a59fde0813a904494d0d4e71126f4,retain-knowledge-substrate,false,progressive-on-demand,Do not flatten into always-on host context; preserve package and evaluate through product context packs.
admin/record-types-and-page-layouts,admin,record-types-and-page-layouts,"Use when designing, auditing, or simplifying Record Types and Page Layouts. Triggers: 'record type', 'page layout', 'different picklist values', 'different fields per team', 'dynamic forms', 'business process', 'recordTypeVisibilities', 'layoutAssignments', 'record type deploy failed', 'businessProcess required', 'layout assignment matrix'. NOT for layout explosion across many profiles — use admin/record-type-strategy-at-scale. NOT for sharing rules — use admin/sharing-and-visibility. NOT for FLS — use admin/permission-sets-vs-profiles.",1.2.3,Spring '25+,false,16,0,User Experience;Operational Excellence,skills/admin/record-types-and-page-layouts/SKILL.md,99113763241b5f00e737f280cdcec74c5bbcd24814febb6cd7321c60e4266bba,retain-knowledge-substrate,false,progressive-on-demand,Do not flatten into always-on host context; preserve package and evaluate through product context packs.
admin/recurring-donations-setup,admin,recurring-donations-setup,"Configure and manage NPSP Enhanced Recurring Donations (ERD): enable ERD mode, define schedule objects, configure installment behavior, set status automation thresholds, and interpret the Upcoming Installments UI. NOT for NPSP object and field reference — use data/npsp-data-model. NOT for payment gateways — use architect/fundraising-integration-patterns.",1.0.0,Spring '25+,false,7,0,Reliability;Operational Excellence,skills/admin/recurring-donations-setup/SKILL.md,6b9cf9e52c720b047d5dd9b0362e658ac8bda753f74e29a547de3199f0293509,retain-knowledge-substrate,false,progressive-on-demand,Do not flatten into always-on host context; preserve package and evaluate through product context packs.
admin/referral-management-health,admin,referral-management-health,"Use this skill when configuring Health Cloud referral management: setting up ClinicalServiceRequest-based referrals, provider search, referral status workflows, and network management. NOT for referrals in Financial Services Cloud — use admin/fsc-referral-management. NOT for care team workflow and transition-of-care design — use admin/care-coordination-requirements.",1.0.0,Spring '25+,false,5,2,Security;Operational Excellence,skills/admin/referral-management-health/SKILL.md,dab8f26cb5fef030f2babcd31ca3ed3b951717566e6ffe14dfd92caa9529d0d2,retain-knowledge-substrate,false,progressive-on-demand,Do not flatten into always-on host context; preserve package and evaluate through product context packs.
admin/related-list-configuration,admin,related-list-configuration,"Configure related lists on Salesforce records — column choice on Page Layouts (max 10 fields per related list), sort field selection, the Spring '24 Enhanced Related Lists component (which adds filtering, mass actions, and 10-row inline display), the choice between Related Lists / Related Lists - Single / Related List - Quick Links in Lightning App Builder, per-record-type related-list assignments, and the View All / pagination UX. NOT for FSL WorkOrderMilestone-on-Work-Order layout (use admin/fsl-sla-configuration-requirements), NOT for the Lightning page performance Related List - Single vs Full tradeoff in isolation (use admin/lightning-page-performance-tuning), NOT for Industries Timeline-as-related-list (use admin/health-cloud-timeline), NOT for offline-priming related-list caps (use admin/fsl-mobile-app-setup).",1.0.0,Spring '25+,false,8,0,Operational Excellence;Performance;Security,skills/admin/related-list-configuration/SKILL.md,2f6f7b3488fbf9a28242b2161828bc118aa86b57ec071a60effb1004ae655a41,retain-knowledge-substrate,false,progressive-on-demand,Do not flatten into always-on host context; preserve package and evaluate through product context packs.
admin/remote-site-settings,admin,remote-site-settings,"Use when configuring Remote Site Settings to allow Apex callouts to external URLs, or distinguishing them from CSP Trusted Sites for Lightning component resource loading. NOT for storing an endpoint and its auth as a Named Credential — use integration/named-credentials-setup. NOT for allow-listing a URL the browser itself loads (script, iframe, fetch) — use security/csp-and-trusted-urls.",1.0.0,Spring '25+,false,5,0,Security;Reliability,skills/admin/remote-site-settings/SKILL.md,de8b480b50173c84aba62063dc47b667c875c67cf1a99998e69c77df3055e0ac,retain-knowledge-substrate,false,progressive-on-demand,Do not flatten into always-on host context; preserve package and evaluate through product context packs.
admin/report-performance-tuning,admin,report-performance-tuning,"Use when a report or dashboard is slow, timing out, hitting row limits, or consuming excessive system resources on large-volume objects — covers selective filter strategy, custom report type optimization, async report execution via Analytics API, dashboard refresh scheduling, and grouping/aggregation tuning. Triggers: 'report times out', 'report is slow', 'dashboard not refreshing', 'report row limit hit', 'too many report results'. NOT for CRM Analytics / Tableau CRM performance (separate skill). NOT for sharing-model or visibility issues causing missing rows (use admin/sharing-and-visibility). NOT for building or designing reports from scratch (use admin/reports-and-dashboards-fundamentals).",1.0.0,Spring '25+,false,10,0,Performance;Operational Excellence;Reliability,skills/admin/report-performance-tuning/SKILL.md,6b6eaee4732aae885d360c92d4948adca66b7f06163d71cd9953e82403536ab3,retain-knowledge-substrate,false,progressive-on-demand,Do not flatten into always-on host context; preserve package and evaluate through product context packs.
admin/report-type-strategy,admin,report-type-strategy,"Custom Report Type design — when to create a CRT vs use the standard, A-with-B-without and A-without-B joins, primary/secondary/related-via-lookup objects, the 60-field display limit, and field-set vs cross-join layouts. NOT for building the report or dashboard itself once the report type exists — use admin/reports-and-dashboards-fundamentals. Keywords: reportType metadata, baseObject, outerJoin, ObjectRelationship, ReportLayoutSection, checkedByDefault, displayNameOverride, deployed false, custom report type sprawl, report type inventory.",1.1.0,Spring '25+,false,16,0,Operational Excellence;Performance,skills/admin/report-type-strategy/SKILL.md,b6c5ecc6258fca2183f3b89bd41641024f9918dbeac17223ad9e84fd229cca76,retain-knowledge-substrate,false,progressive-on-demand,Do not flatten into always-on host context; preserve package and evaluate through product context packs.
admin/reports-and-dashboards,admin,reports-and-dashboards,"Use when building, auditing, or troubleshooting Salesforce Reports and Dashboards. Triggers: 'report', 'dashboard', 'missing data in report', 'pipeline report', 'cross-filter', 'report subscription', 'dashboard refresh', 'report-meta.xml', 'dashboard running user', 'report folder sharing', 'package.xml report wildcard'. NOT for choosing a report type, bucket fields, summary formulas or joined-report limits — use admin/reports-and-dashboards-fundamentals. NOT for Einstein Analytics / CRM Analytics — use admin/einstein-analytics-basics.",1.2.1,Spring '25+,false,18,0,Security;Operational Excellence,skills/admin/reports-and-dashboards/SKILL.md,08d25f8abc065db902cbe4db4f10a2d6d93cdf0e4e6901b7ba1df39e89f2bb53,retain-knowledge-substrate,false,progressive-on-demand,Do not flatten into always-on host context; preserve package and evaluate through product context packs.
admin/reports-and-dashboards-fundamentals,admin,reports-and-dashboards-fundamentals,"Use when learning, designing, or explaining Salesforce Reports and Dashboards from first principles — report types, custom report types, groupings, bucket fields, summary formulas, charts, dashboard components, dynamic dashboards, report subscriptions, and folder permissions. Triggers: 'how do I build a report', 'what report type should I use', 'set up a dashboard', 'joined report limits', 'bucket field vs formula', 'dynamic dashboard running user'. NOT for CRM Analytics (use crm-analytics-* skills). NOT for Einstein Discovery predictive analytics. NOT for troubleshooting missing report data caused by sharing model issues (use admin/reports-and-dashboards for that).",1.0.0,Spring '25+,false,11,0,Security;Operational Excellence;User Experience,skills/admin/reports-and-dashboards-fundamentals/SKILL.md,23a6d7623b8aa884762a3ba46e369cce21708b8f192a4d65d6b4c9506cc4478b,retain-knowledge-substrate,false,progressive-on-demand,Do not flatten into always-on host context; preserve package and evaluate through product context packs.
admin/requirements-gathering-for-sf,admin,requirements-gathering-for-sf,"Eliciting, documenting and structuring requirements for a Salesforce implementation: stakeholder discovery interviews, As-Is and To-Be process mapping, and gap analysis against standard Salesforce capability. Trigger keywords: requirements gathering, user story, As-Is To-Be, gap analysis, stakeholder interview, process mapping, business requirements, fit gap. NOT for authoring the user stories themselves - use admin/user-story-writing-for-salesforce. NOT for scoring requirements against a specific org - use admin/fit-gap-analysis-against-org. NOT for technical design decisions - use architect/solution-design-patterns. Also covers the requirements catalogue itself (one row per requirement, MoSCoW priority, source stakeholder, downstream target) and Salesforce non-functional requirements: record volume, sharing layer, integration pattern, reporting joins, mobile/offline, and licence implication.",1.1.0,Spring '25+,false,13,0,Operational Excellence;User Experience,skills/admin/requirements-gathering-for-sf/SKILL.md,efe1395df5d32abcc14093298efacf8642ab77a67ace5082d40a0b915eaa1d7a,retain-knowledge-substrate,false,progressive-on-demand,Do not flatten into always-on host context; preserve package and evaluate through product context packs.
admin/requirements-traceability-matrix,admin,requirements-traceability-matrix,"Use this skill when building or maintaining a Requirements Traceability Matrix (RTM) on a Salesforce project: one row per requirement, columns for source, user-story id(s), test-case id(s), defect id(s), sprint, release, and status. Covers forward traceability (req → story → code → test) and backward traceability (test → req). Trigger keywords: RTM, requirements traceability matrix, audit trail for salesforce delivery, traceability for steerco, deferred requirement tracking, regulatory traceability. NOT for eliciting the requirements in the first place — use admin/requirements-gathering-for-sf. NOT for user-story authoring — use admin/user-story-writing-for-salesforce. NOT for UAT test design — use admin/uat-test-case-design. NOT for Apex test design — use apex/test-class-standards. NOT for backlog prioritization — use admin/moscow-prioritization-for-sf-backlog. More triggers: traceability.md, build-layer traceability, REQ-XXX and FG-XXX id mapping, artefact-to-requirement orphan report, coverage-gap report, check_rtm.py --manifest-dir, owning run-time agent column, design decision ref column, metadata API name in a traceability row.",1.1.5,Spring '25+,false,15,0,Operational Excellence;Reliability,skills/admin/requirements-traceability-matrix/SKILL.md,10f3aefbea97c87d089d20446299403374971ba6a3858b05913d1ef516c391e8,retain-knowledge-substrate,false,progressive-on-demand,Do not flatten into always-on host context; preserve package and evaluate through product context packs.
admin/restriction-rules,admin,restriction-rules,"Use when narrowing access that sharing already granted. Trigger keywords: restriction rule, recordFilter, userCriteria, RestrictionRule metadata, hide records, restrict visibility. NOT for list-view scope only - use admin/scoping-rules.",1.0.0,Spring '25+,false,9,0,Security;Operational Excellence,skills/admin/restriction-rules/SKILL.md,d01a92d050187570c43a69be68c57810be13213421d2dc5c26142427730d4a80,retain-knowledge-substrate,false,progressive-on-demand,Do not flatten into always-on host context; preserve package and evaluate through product context packs.
admin/revenue-intelligence-setup,admin,revenue-intelligence-setup,"Revenue Intelligence setup: activating the RI app and its CRM Analytics assets, Einstein deal insights, the opportunity-change waterfall, and forecast-accuracy analytics for sales leaders. NOT for configuring the Pipeline Inspection view, its metrics and review cadence - use admin/pipeline-review-design. NOT for forecast types, categories, rollups and quotas - use admin/collaborative-forecasts.",1.0.0,Spring '25+,false,6,0,Reliability;Operational Excellence;User Experience,skills/admin/revenue-intelligence-setup/SKILL.md,53b7202e4cd95a6e84f781ecdbf19f0a3bf5322e89cf42982f003bd3f5b5f7d2,retain-knowledge-substrate,false,progressive-on-demand,Do not flatten into always-on host context; preserve package and evaluate through product context packs.
admin/revenue-recognition-requirements,admin,revenue-recognition-requirements,"Configure and troubleshoot Salesforce Billing revenue recognition rules, schedules, and GL transaction generation under ASC 606. Triggers: 'revenue schedule not generated after order activation', 'blng__RevenueSchedule__c missing', 'blng__RevenueRecognitionRule__c on a product', 'Finance Periods not set up', 'performance obligation allocation for bundled products', 'distribution method', 'ASC 606 in Salesforce Billing'. NOT for billing schedules, invoice plans and invoice runs - use admin/billing-schedule-setup. NOT for invoice-to-payment mismatches at month-end close - use data/billing-data-reconciliation.",1.0.0,Spring '25+,false,7,0,Reliability;Operational Excellence;Security,skills/admin/revenue-recognition-requirements/SKILL.md,c5435433ebede2e23a39414b7ca0040619422a8573536eeed197d669d2bfaece,retain-knowledge-substrate,false,progressive-on-demand,Do not flatten into always-on host context; preserve package and evaluate through product context packs.
admin/role-hierarchy-design,admin,role-hierarchy-design,"Use when designing or maintaining the role hierarchy as a record-access mechanism. Trigger keywords: role hierarchy, manager cannot see subordinate records, grant access using hierarchies, role reparenting, portal role, how deep should the role hierarchy be, design the role hierarchy. NOT for territory models - use admin/enterprise-territory-management. NOT for rule-based grants - use admin/sharing-rules. NOT for the overall model - use admin/sharing-and-visibility.",1.0.0,Spring '25+,false,9,0,Security;Performance;Scalability,skills/admin/role-hierarchy-design/SKILL.md,85603f1f3c1263c636af5b2cb47beedc1df9cd1215cc264a93194cb5b033164e,retain-knowledge-substrate,false,progressive-on-demand,Do not flatten into always-on host context; preserve package and evaluate through product context packs.
admin/sales-engagement-cadences,admin,sales-engagement-cadences,"Use when setting up, configuring, or troubleshooting Salesforce Sales Engagement (formerly High Velocity Sales) cadences, call scripts, email templates, work queue, or rep assignment. Triggers: 'cadence builder', 'HVS cadence', 'work queue steps', 'sales engagement setup', 'sequence steps not appearing', 'cadence not sending email', 'Sales Engagement permission set'. NOT for cadence enrollment from Apex — use apex/sales-engagement-api. NOT for MCAE/Pardot nurture — use admin/lead-nurture-journey-design.",1.0.0,Spring '25+,false,6,0,User Experience;Operational Excellence;Scalability,skills/admin/sales-engagement-cadences/SKILL.md,a8ce67638946c9af65952234437128be26fac57ab217b97cbf2902b624478235,retain-knowledge-substrate,false,progressive-on-demand,Do not flatten into always-on host context; preserve package and evaluate through product context packs.
admin/sales-process-mapping,admin,sales-process-mapping,"Eliciting and documenting a sales process before it is built in Salesforce: stage sequencing, entry/exit criteria per stage, win/loss analysis requirements, and stage transition rules. Trigger keywords: sales process design, stage discovery, entry criteria, exit criteria, stage gate, win/loss categorisation, sales methodology, pipeline stages, opportunity stage mapping, stage ladder, probability ladder, forecast category mapping, required fields per stage, stage swim lane, discovery workshop, handoff brief. NOT for configuring OpportunityStage, Sales Processes or Path in Setup — use admin/opportunity-management. NOT for cross-functional swim-lane maps — use admin/process-flow-as-is-to-be.",1.1.1,Spring '25+,false,14,0,Operational Excellence;User Experience,skills/admin/sales-process-mapping/SKILL.md,7d0721102c93c50955ba0c052fd69773cd9e0b879d0b967d4a75d787682bf03c,retain-knowledge-substrate,false,progressive-on-demand,Do not flatten into always-on host context; preserve package and evaluate through product context packs.
admin/salesforce-learning-brief,admin,salesforce-learning-brief,"Turn a verified Salesforce research packet into a concise, role-aware learning brief with clear objectives, concept sequencing, worked examples, release caveats, checks for understanding, and citations mapped to claims. Trigger keywords: teach me Salesforce, explain Salesforce concept, create learning brief, Salesforce study guide, role-based lesson. NOT for open-ended source discovery or freshness verification — use architect/salesforce-learning-research first. NOT for generating production metadata or changing an org.",1.0.0,Summer '26+,false,5,1,Reliability;User Experience;Operational Excellence,skills/admin/salesforce-learning-brief/SKILL.md,5d3353bc009e86b323f7fbbd4b96c0e9d566cb1971c6afd6916b1de81628af87,retain-knowledge-substrate,false,progressive-on-demand,Do not flatten into always-on host context; preserve package and evaluate through product context packs.
admin/salesforce-object-queryability,admin,salesforce-object-queryability,"Distinguish the six real reasons a Salesforce query can 'fail', and the protocol for diagnosing before declaring: object doesn't exist, not queryable in edition, permission-denied, field-level errors, namespace prefix missing, API version mismatch. NOT for one object's own query restrictions, required filters or row caps - use apex/soql-object-limits-and-restrictions. NOT for a query that works but is slow - use data/soql-query-optimization.",1.1.0,Spring '25+,false,12,0,Reliability;Operational Excellence;Security,skills/admin/salesforce-object-queryability/SKILL.md,b47d677f2f99a00666366a603ba626b7f78b11ebce3ee0e319ffec22a1ae42d3,retain-knowledge-substrate,false,progressive-on-demand,Do not flatten into always-on host context; preserve package and evaluate through product context packs.
admin/salesforce-release-preparation,admin,salesforce-release-preparation,"Use when preparing for a Salesforce seasonal release — triaging release notes, reviewing Release Updates, opting into Sandbox Preview, and communicating change impact to stakeholders. Triggers: 'upcoming Salesforce release', 'release notes triage', 'Release Updates', 'sandbox preview opt-in', 'release readiness checklist', 'production upgrade date', 'feature impact', 'critical update', 'roll out the Spring release safely', 'is our org ready for the Spring release', 'release update settings metadata', 'FlowSettings release update field', 'release run sheet', 'preview sandbox refresh freeze', 'settings deploy flipped a release update'. Also covers: which Release Updates are deployable as Settings metadata, the release run sheet artefact, and the preview opt-in refresh-date rule. NOT for planning your own release train — use devops/release-management. NOT for user training and go-live comms — use admin/change-management-and-training.",1.1.0,Spring '25+,false,20,0,Operational Excellence;Reliability,skills/admin/salesforce-release-preparation/SKILL.md,cfdb5f189f47e903651d1106362edc8efdb602c190e751f636ef93345dc607c7,retain-knowledge-substrate,false,progressive-on-demand,Do not flatten into always-on host context; preserve package and evaluate through product context packs.
admin/salesforce-support-escalation,admin,salesforce-support-escalation,"Open, classify, and escalate support cases with Salesforce Technical Support via the Help portal: choosing severity, engaging Premier Success, the Escalate to Technical Support Management path, tracking incidents on the Trust site. NOT for escalating your own org's cases after N hours - use admin/escalation-rules. NOT for SLA milestone timers and entitlement processes - use admin/entitlements-and-milestones.",1.0.0,Spring '25+,false,7,0,Reliability;Operational Excellence,skills/admin/salesforce-support-escalation/SKILL.md,7024e9870bb27452a104264bf4af2d48f6d5a2313c5b7c1ea39bc2c112dd93b6,retain-knowledge-substrate,false,progressive-on-demand,Do not flatten into always-on host context; preserve package and evaluate through product context packs.
admin/salesforce-surveys,admin,salesforce-surveys,"Use when designing, configuring, distributing, or troubleshooting Salesforce Surveys and Feedback Management. Triggers: 'create a survey', 'NPS score', 'survey invitation', 'survey response report', 'customer feedback form', 'guest user survey access', 'SurveyInvitation', 'SurveySubject', 'SurveySettings', 'sendSurveyInvitation', 'survey not linked to case', 'deploy a survey between orgs'. NOT for choosing between CSAT, NPS, and CES as your CX metric — use architect/customer-effort-scoring. NOT for third-party survey tools like SurveyMonkey or Qualtrics.",1.1.0,Spring '25+,false,15,0,Security;User Experience;Scalability,skills/admin/salesforce-surveys/SKILL.md,2a64ecd75dbee627145dd8675b5a94e44ee76d48ace1682b1c7086b2135565b8,retain-knowledge-substrate,false,progressive-on-demand,Do not flatten into always-on host context; preserve package and evaluate through product context packs.
admin/sandbox-post-refresh-automation,admin,sandbox-post-refresh-automation,"Automating post-sandbox-refresh cleanup via the `SandboxPostCopy` interface — the Apex class that runs ONCE after a sandbox refresh or clone completes, before users can log in. Used to mask emails, deactivate users, scrub integration endpoints, disable scheduled jobs, and reapply per-environment configuration the metadata copy doesn't carry. Covers the interface contract (`runApexClass` setting, `SandboxContext` parameter, single-execution semantics), the email-masking pattern that stops sandbox tests emailing production addresses, and the refresh runbook checklist. NOT for choosing sandbox type or refresh cadence — use admin/sandbox-strategy. NOT for re-seeding reference data after a refresh — use data/sandbox-refresh-data-strategies. Trigger keywords: SandboxPostCopy, runApexClass, SandboxContext, Test.testSandboxPostCopyScript, RunAsAutoProcUser, Automated Process user, CronTrigger, System.abortJob, sandbox email masking, post-refresh runbook.",1.1.0,Spring '25+,false,14,0,Reliability;Security;Operational Excellence,skills/admin/sandbox-post-refresh-automation/SKILL.md,32f76cd4d8c515ca1b8bdc7cd2a029301e66dfc8a2642f8075d72c52ea6b32f8,retain-knowledge-substrate,false,progressive-on-demand,Do not flatten into always-on host context; preserve package and evaluate through product context packs.
admin/sandbox-strategy,admin,sandbox-strategy,"Use when designing or reviewing Salesforce sandbox topology, refresh cadence, masking, and environment purpose. Triggers: 'Developer sandbox', 'Developer Pro', 'Partial Copy', 'Full sandbox', 'sandbox refresh', 'data masking', 'test environment', 'Gov Cloud sandbox'. NOT for how many environments a program needs and how they map to branches - use devops/environment-strategy. NOT for re-seeding reference data after a refresh - use data/sandbox-refresh-data-strategies. Also covers: SandboxPostCopy Apex class, SandboxInfo and SandboxProcess Tooling API, SandboxSettings metadata, sandbox topology table, refresh calendar.",1.2.0,Spring '25+,false,17,0,Operational Excellence;Security;Reliability,skills/admin/sandbox-strategy/SKILL.md,5b391bab0299d4b9b4590799180cdbf27184c74b8fda6a6d162ec5f407ed2452,retain-knowledge-substrate,false,progressive-on-demand,Do not flatten into always-on host context; preserve package and evaluate through product context packs.
admin/saql-query-development,admin,saql-query-development,"Use this skill when writing, debugging, or optimizing SAQL queries in CRM Analytics — covering pipeline syntax, aggregation, windowing functions (rank, dense_rank, moving_average), cogroup joins, rollup subtotals, piggyback queries, and REST API execution. NOT for SOQL GROUP BY aggregates in Apex — use apex/apex-aggregate-queries. NOT for dashboard JSON steps and bindings — use admin/analytics-dashboard-json.",1.0.0,Spring '25+,false,6,0,Performance;Reliability,skills/admin/saql-query-development/SKILL.md,1a3066bf0b5f3646a4c7d62d49e882c4642c615e6e467ea87622e8b3da274ba0,retain-knowledge-substrate,false,progressive-on-demand,Do not flatten into always-on host context; preserve package and evaluate through product context packs.
admin/scheduled-path-patterns,admin,scheduled-path-patterns,"Scheduled Paths in record-triggered Flow: delayed execution, time-offset from field, batch size tuning, monitoring Paused Flow Interviews, async limits. NOT for picking between Scheduled Path, Wait and Scheduled Flow, or migrating time-based workflow rules — use flow/flow-time-based-patterns. NOT for a flow that runs on a recurring schedule — use flow/scheduled-flows.",1.0.0,Spring '25+,false,6,0,Reliability;Scalability,skills/admin/scheduled-path-patterns/SKILL.md,08a449bae125bb1c5d7a0f08e5eec376867c7c50c1fb236d72862d323e760b68,retain-knowledge-substrate,false,progressive-on-demand,Do not flatten into always-on host context; preserve package and evaluate through product context packs.
admin/scoping-rules,admin,scoping-rules,"Use when setting the default filtered set of records a user sees in list views, reports and SOQL without removing their access. Trigger keywords: scoping rule, Filter by scope, default record scope, RestrictionRule enforcementType Scoping, Object Manager scoping rule, recordFilter. NOT for the SOQL USING SCOPE clause - use apex/soql-using-scope-clause. NOT for blocking record access - use admin/restriction-rules.",1.0.0,Spring '25+,false,8,0,User Experience;Performance;Security,skills/admin/scoping-rules/SKILL.md,42fc64821aa068512cd6b73133ec88fa8af2b85d0f084b3c454321da133bdf8d,retain-knowledge-substrate,false,progressive-on-demand,Do not flatten into always-on host context; preserve package and evaluate through product context packs.
admin/self-service-design,admin,self-service-design,"Use this skill when designing the UX and content strategy for a Salesforce-powered self-service portal or help center — pre-deflection article surfacing, Help Center search UX, friction-calibrated case submission forms, community peer support layers, and deflection measurement. Trigger keywords: design self-service portal, case deflection strategy, help center UX design, reduce support volume with self-service, knowledge base search experience. NOT for picking which contact reasons to deflect and through which channel — use architect/case-deflection-strategy. NOT for building the Experience Cloud site itself — use admin/experience-cloud-site-setup. More trigger keywords: article visibility matrix IsVisibleInCsp IsVisibleInPkb, which articles show in the customer portal, case visibility for portal users, CaseComment IsPublished customer visible comment, self-registration profile and account for a portal, Help Center template does not support login, deflection metrics SOQL KnowledgeArticleViewStat, self-service journey map, moderation policy for a support community.",1.1.0,Spring '25+,false,15,0,User Experience;Operational Excellence;Reliability,skills/admin/self-service-design/SKILL.md,f78dc8bcf24b24d825b88d0ec41e883e8c00a1a27a9bdb39dd96efee1ac7d2d5,retain-knowledge-substrate,false,progressive-on-demand,Do not flatten into always-on host context; preserve package and evaluate through product context packs.
admin/service-cloud-voice-setup,admin,service-cloud-voice-setup,"Use this skill when setting up Service Cloud Voice with Amazon Connect — provisioning the contact center, configuring phone numbers, enabling real-time transcription, and configuring After Conversation Work Time. Covers the deployable metadata behind it: CallCenter, ConversationVendorInfo (vendorType), CallCenterRoutingMap, the Voice ServiceChannel that carries ACW, ServicePresenceStatus, PresenceUserConfig, ServiceCloudVoice.settings, and the VoiceCall / VoiceCallRecording objects. Trigger keywords: Service Cloud Voice, Amazon Connect, contact center, softphone, call transcription, After Conversation Work, ACW, wrap-up time, VoiceCall, CallCenter metadata, vendorType, telephony provider. NOT for Omni-Channel routing setup — use admin/omni-channel-routing-setup. NOT for Open CTI softphone adapters — use apex/cti-adapter-development. NOT for Sales Dialer (Voice.settings) — that is a different product.",1.1.0,Spring '25+,false,13,1,Security;Reliability;Operational Excellence,skills/admin/service-cloud-voice-setup/SKILL.md,04e5108fdc3a4568043a4b0d523fe0bbbdf4f2b4e5375659f94b5980e79c171d,retain-knowledge-substrate,false,progressive-on-demand,Do not flatten into always-on host context; preserve package and evaluate through product context packs.
admin/service-console-configuration,admin,service-console-configuration,"Use this skill to configure a Lightning Service Console app in Salesforce — Console Navigation (split view), workspace tabs and subtabs, the utility bar with Omni-Channel, Macros and History, Quick Text, keyboard shortcuts, and navigation rules per object. Trigger keywords: Service Console, console app, workspace tabs, subtabs, utility bar macros, Omni-Channel utility, split view, Quick Text, console navigation rules, keyboard shortcuts service console, navType Console, workspaceConfig mappings, WorkspaceMapping fieldName, UtilityBar FlexiPage, tabLimitConfig, listPlacement, MacroInstruction, QuickText Channel multipicklist, isNavTabPersistenceDisabled. NOT for opening or refreshing console tabs from code — use lwc/lwc-console-workspace-api. NOT for Omni-Channel routing setup — use admin/omni-channel-routing-setup.",1.1.0,Spring '25+,false,16,0,Operational Excellence;Performance,skills/admin/service-console-configuration/SKILL.md,e3e3b246d84f362c1a71e1ee49ff0b02b70f5d33d0e433a90ca1a8943f2097f5,retain-knowledge-substrate,false,progressive-on-demand,Do not flatten into always-on host context; preserve package and evaluate through product context packs.
admin/sharing-and-visibility,admin,sharing-and-visibility,"Use when choosing between Salesforce record-access mechanisms or reviewing the access model end to end. Trigger keywords: OWD, org-wide defaults, sharingModel, externalSharingModel, record access model, sharing architecture, which sharing mechanism, UserRecordAccess, __Share, RowCause, why can user see too much. NOT for sharing rules - use admin/sharing-rules. NOT for role hierarchy - use admin/role-hierarchy-design.",1.1.0,Spring '25+,false,15,0,Security;Reliability;Operational Excellence,skills/admin/sharing-and-visibility/SKILL.md,1dc8e67c07e78c24007659787189745cf49dd821afbcf1fef2700e3b2512787e,retain-knowledge-substrate,false,progressive-on-demand,Do not flatten into always-on host context; preserve package and evaluate through product context packs.
admin/sharing-rules,admin,sharing-rules,"Use when access must reach past the record owner's role hierarchy. Trigger keywords: sharing rule, criteria-based sharing rule, owner-based sharing rule, sharing rule recalculation, guest user sharing rule, share with a public group, SharingRules metadata. NOT for org-wide defaults - use admin/sharing-and-visibility. NOT for programmatic shares - use apex/apex-managed-sharing. NOT for subtracting access - use admin/restriction-rules.",1.0.0,Spring '25+,false,9,0,Security;Scalability;Operational Excellence,skills/admin/sharing-rules/SKILL.md,57771dd4ccb7ac9a13f2b144a6d3b1f47107cdbaaf9829ad66f542f67f201d74,retain-knowledge-substrate,false,progressive-on-demand,Do not flatten into always-on host context; preserve package and evaluate through product context packs.
admin/soft-credits-and-matching,admin,soft-credits-and-matching,"Use this skill when configuring or troubleshooting NPSP soft credits, partial soft credits, or matching gift workflows — including OpportunityContactRole-based credit attribution, npsp__Partial_Soft_Credit__c records, and the Find Matched Gifts process. NOT for gift entry templates or batch gift entry — use admin/gift-entry-and-processing. NOT for importing historical gifts and credits — use data/gift-history-import.",1.0.0,Spring '25+,false,6,2,Reliability;Operational Excellence;Performance,skills/admin/soft-credits-and-matching/SKILL.md,778512ab8b57624bef413b7daed8405a57487b08f073b68ae709ea0e9f11a57e,retain-knowledge-substrate,false,progressive-on-demand,Do not flatten into always-on host context; preserve package and evaluate through product context packs.
admin/stakeholder-raci-for-sf-projects,admin,stakeholder-raci-for-sf-projects,"Use this skill when building, reviewing, or refreshing a RACI (Responsible / Accountable / Consulted / Informed) matrix for a Salesforce project so that every Salesforce-specific decision — data model change, automation tier choice, security model, integration boundary, deployment, license/edition — has exactly one accountable owner and a documented escalation path that downstream agents can route to. Trigger keywords: RACI matrix salesforce project, stakeholder authority salesforce, escalation path salesforce decisions, who approves data model change, salesforce decision rights, REFUSAL_NEEDS_HUMAN_REVIEW routing. NOT for the change advisory board operating model itself (use admin/change-management-and-deployment). NOT for end-user training rollout plans (use admin/change-management-and-training). NOT for the technical mechanics of permission set assignment authority (use admin/permission-set-architecture). NOT for pure stakeholder requirements elicitation (use admin/requirements-gathering-for-sf). More trigger keywords: who approves a sandbox refresh, who signs off a data load, release update activation owner, delegated admin authority vs RACI, multi-org decision rights, escalation time-box.",1.1.0,Spring '25+,false,13,0,Operational Excellence;Security;Reliability,skills/admin/stakeholder-raci-for-sf-projects/SKILL.md,e410c58e326806dd859364adf01c9b5c6362a623785884c62576404abf166da9,retain-knowledge-substrate,false,progressive-on-demand,Do not flatten into always-on host context; preserve package and evaluate through product context packs.
admin/standard-object-quirks,admin,standard-object-quirks,"Guidance on non-obvious runtime behaviors of Salesforce standard objects — polymorphic lookups, lead conversion field loss, PersonAccount dual-nature, CaseComment trigger isolation, and Activity date fields. Also covers which trigger actually fires for a person account, the either/or Event duration contract, the Closed status category behind Task.CompletedDateTime, the 3-record merge cap and its single delete + single update trigger events, and the CaseComment post-insert write lock. Trigger keywords: person account trigger not firing, Contact trigger person account, Event required field EndDateTime, DurationInMinutes, CompletedDateTime null, merge MasterRecordId, CaseComment cannot be edited, IsNotificationSelected null, lead conversion triggers disabled. NOT for the Activity object model — use admin/activity-and-task-patterns. NOT for writing TYPEOF queries — use apex/apex-polymorphic-soql.",1.1.0,Spring '25+,false,9,0,Reliability;Security;Operational Excellence,skills/admin/standard-object-quirks/SKILL.md,8fab7945a7a85e6bfc3d50cb36d49d939b5a9d7ac4459ed775ca6809b5c7142f,retain-knowledge-substrate,false,progressive-on-demand,Do not flatten into always-on host context; preserve package and evaluate through product context packs.
admin/subscription-lifecycle-requirements,admin,subscription-lifecycle-requirements,"Use when documenting, reviewing, or gathering requirements for Salesforce CPQ subscription lifecycle behavior: how amendments, renewals, upgrades, downgrades, and cancellations must work for a specific business. Trigger keywords: subscription requirements, amendment requirements, renewal requirements, proration requirements, co-termination, subscription ledger, upgrade downgrade policy. NOT for configuring CPQ amendments and renewals — use admin/contract-and-renewal-management. NOT for amendment architecture — use architect/subscription-management-architecture.",1.0.0,Spring '25+,false,6,1,Reliability;Operational Excellence;Scalability,skills/admin/subscription-lifecycle-requirements/SKILL.md,c6f9c8539c6adc4b46076db671cc1442f12aa7cdea5766d388267c62bc3c6fbe,retain-knowledge-substrate,false,progressive-on-demand,Do not flatten into always-on host context; preserve package and evaluate through product context packs.
admin/system-field-behavior-and-audit,admin,system-field-behavior-and-audit,"Use when practitioners need to understand system-managed fields (CreatedDate, LastModifiedDate, SystemModstamp, CreatedById, LastModifiedById, IsDeleted) — their update behavior, indexing, and queryability. Triggers: 'difference between SystemModstamp and LastModifiedDate', 'how to query deleted records', 'set CreatedDate during data migration', 'why does LastModifiedDate not match SystemModstamp', 'Create Audit Fields permission'. NOT for a field's value-change history — use data/field-history-tracking. NOT for Shield Field Audit Trail — use security/field-audit-trail.",1.0.0,Spring '25+,false,7,0,Security;Performance,skills/admin/system-field-behavior-and-audit/SKILL.md,1811b6c45953f76f0904b1946c40198d8a3406e125653f575df44d96291adc5f,retain-knowledge-substrate,false,progressive-on-demand,Do not flatten into always-on host context; preserve package and evaluate through product context packs.
admin/territory-design-requirements,admin,territory-design-requirements,"Requirements for a Salesforce Enterprise Territory Management (ETM) territory design: alignment criteria, coverage model selection, assignment rule logic, hierarchy depth and breadth, and user-to-territory ratios. Trigger keywords: territory design, territory alignment, territory model requirements, sales coverage model, territory criteria, geographic territory, named account territory, overlay territory. NOT for ETM setup steps — use admin/enterprise-territory-management. NOT for loading territory assignment data — use data/territory-data-alignment. Trigger keywords: territory design questionnaire, territory requirements document, assignment rule matrix, territory type priority, realignment plan, territory access level decision, accountAccessLevel, opportunityAccessLevel, ObjectTerritory2Association, UserTerritory2Association, Planning state model, territory acceptance tests.",1.1.0,Spring '25+,false,17,0,Scalability;Operational Excellence,skills/admin/territory-design-requirements/SKILL.md,58dda8c2709682306eb002a83705b5fbd62ad27a73c9d6e351a22faa21a9b51a,retain-knowledge-substrate,false,progressive-on-demand,Do not flatten into always-on host context; preserve package and evaluate through product context packs.
admin/uat-and-acceptance-criteria,admin,uat-and-acceptance-criteria,"Use this skill when writing acceptance criteria for Salesforce features, structuring UAT test scripts from user stories, classifying defects found during UAT, or planning regression testing before a Salesforce release. Trigger keywords: UAT, user acceptance testing, test script, acceptance criteria, defect classification, regression testing, test plan, test case. NOT for Given/When/Then AC syntax — use admin/acceptance-criteria-given-when-then. NOT for the per-case field schema and AC-to-case decomposition — use admin/uat-test-case-design. NOT for automated Flow or Apex test coverage — use flow/flow-testing. Also covers: UAT plan record, sandbox selection for UAT, pre-UAT environment checklist, sandbox email deliverability for testers, test-user personas, negative and bulk coverage, defect triage categories, go/no-go sign-off, quick-deploy window.",1.1.0,Spring '25+,false,12,0,Operational Excellence;Reliability,skills/admin/uat-and-acceptance-criteria/SKILL.md,c23774ddeb4b855af178c8eab2b5fcf6ee17d389fa10935c6560e514c4551df4,retain-knowledge-substrate,false,progressive-on-demand,Do not flatten into always-on host context; preserve package and evaluate through product context packs.
admin/uat-test-case-design,admin,uat-test-case-design,"Use this skill when designing the human-executable UAT test cases that prove a Salesforce feature works for a specific persona — the per-persona scripts with preconditions, data setup, permission setup, ordered steps, and pass/fail evidence that close out an RTM row. Trigger keywords: UAT test case salesforce, user acceptance test script salesforce, manual test salesforce feature, UAT script per persona, UAT precondition data setup, UAT permission set assignment for testing, negative path UAT case. NOT for high-level UAT planning, defect classification, regression strategy, or sign-off (use admin/uat-and-acceptance-criteria). NOT for the Given/When/Then technique used to write the AC the case is derived from (use admin/acceptance-criteria-given-when-then). NOT for Apex test method generation (use agents/test-class-generator). NOT for test data factory patterns (use templates/apex/tests/TestDataFactory.cls). NOT for performance or load testing.",1.1.0,Spring '25+,false,15,0,Reliability;Operational Excellence;User Experience,skills/admin/uat-test-case-design/SKILL.md,ca88d5f4d4abd0fc715bfb6fbd8f4cb1d61f4ea409100e534deb00bff9cf8a29,retain-knowledge-substrate,false,progressive-on-demand,Do not flatten into always-on host context; preserve package and evaluate through product context packs.
admin/usage-based-pricing-setup,admin,usage-based-pricing-setup,"Usage-based pricing in Revenue Cloud: metered billing, usage records, rating, tiering, consumption schedules. NOT for choosing a CPQ pricing method (List, Block, Cost Plus Markup, Percent of Total) - use admin/pricing-model-design. NOT for legacy Salesforce Billing (blng__) schedules and invoice runs - use admin/billing-schedule-setup.",1.0.0,Spring '25+,false,6,0,Reliability;Scalability;Operational Excellence,skills/admin/usage-based-pricing-setup/SKILL.md,95c7018a3b378adee12023c7f8170293930e22bc2578ac1f96f3a7bf345378c3,retain-knowledge-substrate,false,progressive-on-demand,Do not flatten into always-on host context; preserve package and evaluate through product context packs.
admin/user-access-policies,admin,user-access-policies,"Configuring User Access Policies (UAP) to automatically assign or revoke permission sets and permission set groups based on user attributes. Use when automating permission provisioning on user create/update without Apex triggers. Covers policy configuration, filter criteria, evaluation order, and PSL assignment. Also covers booleanFilter OR logic, the `in` operator for multi-value filters, the `order` tiebreak between competing policies, actions incl. permission set / permission set group / permission set licence / package licence / queue / public group grant and revoke, the UserAccessChange audit object, and deploying the UserAccessPolicy metadata type. NOT for permission set design — use admin/permission-set-architecture. NOT for delegated user admin — use admin/delegated-administration.",1.1.0,"Spring '25+ (UserAccessPolicy metadata, API v57.0+)",false,12,0,Security;Operational Excellence,skills/admin/user-access-policies/SKILL.md,19f2ded8cc74de147216374e299add59e2a84b4c62298fe49d8920354f819193,retain-knowledge-substrate,false,progressive-on-demand,Do not flatten into always-on host context; preserve package and evaluate through product context packs.
admin/user-management,admin,user-management,"Use this skill to create, deactivate, freeze, or manage Salesforce users, assign user licenses and feature licenses, configure profiles and roles, set login hours and IP restrictions, and set up delegated administration. Triggers: adding a new user, deactivating a departing employee, license assignment, freezing a user account, delegated admin setup. NOT for designing the permission set / PSG model — use admin/permission-set-architecture. NOT for who can see which records — use admin/sharing-and-visibility. Also covers: bulk user loads by CSV, Bulk API 2.0 upsert on Username, the UserLogin freeze object, licence and permission-set-licence reclamation, Role metadata deployment, and the offboarding checklist as SOQL.",1.1.0,Spring '25+,false,15,0,Security;Operational Excellence,skills/admin/user-management/SKILL.md,3ce6c91308c40b5ffbe49667132390fee8bad5c8a6f946e05595bfc22cc9c8ea,retain-knowledge-substrate,false,progressive-on-demand,Do not flatten into always-on host context; preserve package and evaluate through product context packs.
admin/user-story-writing-for-salesforce,admin,user-story-writing-for-salesforce,"Use this skill when authoring INVEST-compliant Salesforce user stories from gathered requirements: shaping the As-A/I-Want/So-That stem, writing Given-When-Then acceptance criteria, sizing complexity (S/M/L/XL), splitting stories that are too large for a sprint, and emitting handoff metadata that names the next downstream agent. Trigger keywords: user story, INVEST, story splitting, story sizing, As-A I-Want So-That, story handoff, recommended_agents, backlog item shape. NOT for requirements elicitation or stakeholder interviews (use admin/requirements-gathering-for-sf). NOT for the Given-When-Then technique itself in depth (use admin/acceptance-criteria-given-when-then). NOT for UAT test case design (use admin/uat-test-case-design). NOT for backlog prioritization (use admin/moscow-prioritization-for-sf-backlog).",1.1.0,Spring '25+,false,8,0,Operational Excellence;User Experience;Reliability,skills/admin/user-story-writing-for-salesforce/SKILL.md,fe2e091a4c4fc6f39fc1d5b51f1d76982c66d0c62444aaed1468de5417d0f2d5,retain-knowledge-substrate,false,progressive-on-demand,Do not flatten into always-on host context; preserve package and evaluate through product context packs.
admin/validation-rules,admin,validation-rules,"Use when writing, auditing, or troubleshooting Salesforce Validation Rules. Triggers: 'validation rule', 'required field formula', 'rule fires unexpectedly', 'integration failing validation', 'data quality', 'errorConditionFormula', 'errorDisplayField', 'errorMessage 255 characters', 'ValidationRule metadata', 'validationRule-meta.xml', 'deploy validation rule inactive', 'bypass custom permission', 'FIELD_CUSTOM_VALIDATION_EXCEPTION', 'validation rule on custom metadata type', 'compound field validation rule', 'require at least one child record before a stage', 'HasOpportunityLineItem'. NOT for Flow-based validation — use admin/flow-for-admins for that.",1.2.1,Spring '25+,false,21,0,Reliability;Operational Excellence,skills/admin/validation-rules/SKILL.md,f8434d718dbc645dd2c2a47525f4dd4eb766abeba46b98b381803e975e2f8271,retain-knowledge-substrate,false,progressive-on-demand,Do not flatten into always-on host context; preserve package and evaluate through product context packs.
admin/wealth-management-requirements,admin,wealth-management-requirements,"Use this skill when gathering, structuring, and documenting requirements for a Financial Services Cloud (FSC) wealth management implementation — including financial planning workflow discovery, portfolio review process mapping, client lifecycle requirements, advisor tooling needs, and FSC architecture determination (managed package vs. FSC Core). Trigger keywords: wealth management requirements, FSC requirements gathering, financial planning workflow, portfolio review process, advisor tools setup, FSC data model scoping, wealth management process mapping. NOT for implementation, configuration, or code — use financial-account-setup, fsc-action-plans, or apex/fsc-financial-calculations for those. NOT for FSC architecture decisions — use architect/wealth-management-architecture. NOT for Health Cloud or NPSP requirements.",1.0.0,Spring '25+,false,6,0,Operational Excellence;Reliability;Security,skills/admin/wealth-management-requirements/SKILL.md,a509ff7d8e0895d1ab72937dd728c863be56e5562ca5d596fe6257312c1cfb5c,retain-knowledge-substrate,false,progressive-on-demand,Do not flatten into always-on host context; preserve package and evaluate through product context packs.
admin/workflow-field-update-patterns,admin,workflow-field-update-patterns,"Cross-tool decision matrix for field-update automation in Salesforce — Before-Save Flow vs After-Save Flow vs Apex Trigger vs the deprecated Workflow Rule + Field Update. Covers the recursion / re-entrancy rules, governor cost per pattern (Before-Save flow is governor-free for the same record), the order-of-execution slot each tool occupies, and the Workflow-Rule-to-Flow migration playbook for field-update actions. NOT for the full record-save order of execution — use apex/order-of-execution-deep-dive. NOT for building the record-triggered Flow once the tool is chosen — use flow/record-triggered-flow-patterns. Trigger keywords: WorkflowFieldUpdate, reevaluateOnChange, onCreateOrTriggeringUpdate, doesRequireRecordChangedToMeetCriteria, failedMigrationToolVersion, Migrate to Flow, workflow-meta.xml, field update deprecated, double writer, second trigger pass.",1.1.0,Spring '25+,false,15,0,Reliability;Operational Excellence,skills/admin/workflow-field-update-patterns/SKILL.md,a0c76de496ef0f5677ced8968f0a5f96146bd2c37e5f590313ab59e9247dddf8,retain-knowledge-substrate,false,progressive-on-demand,Do not flatten into always-on host context; preserve package and evaluate through product context packs.
agentforce/agent-action-error-handling,agentforce,agent-action-error-handling,"Design Invocable Apex actions that return deterministic, agent-friendly errors instead of surfacing raw exceptions to the LLM. NOT for authoring the action itself — @InvocableMethod schema, labels, security context — use agentforce/custom-agent-actions-apex. NOT for the Apex tests that force each error branch — use agentforce/agent-action-unit-tests.",1.0.1,Spring '25+,false,4,0,Reliability;Security,skills/agentforce/agent-action-error-handling/SKILL.md,b09edc1cca099c19bb1fefca379f5e3397d91dc5d941cc9d60198ccf4ce96b60,retain-knowledge-substrate,false,progressive-on-demand,Do not flatten into always-on host context; preserve package and evaluate through product context packs.
agentforce/agent-action-input-slot-extraction,agentforce,agent-action-input-slot-extraction,"Use when designing how an Agentforce agent extracts structured input parameters (slots) from a user's natural-language utterance to invoke an action. Triggers: 'agent extract date from user', 'agent action argument extraction', 'agentforce slot filling', 'agent invocable input mapping', 'agent fails to fill required parameter'. NOT for action authoring (use agentforce/agent-actions) or for prompt-template variable binding (use agentforce/prompt-builder-templates).",1.0.1,Spring '25+,false,5,0,Reliability;User Experience,skills/agentforce/agent-action-input-slot-extraction/SKILL.md,460c9fb240b7cf59d6852302d6fa8119fb61053fb87c34225c1f96731ed8fc69,retain-knowledge-substrate,false,progressive-on-demand,Do not flatten into always-on host context; preserve package and evaluate through product context packs.
agentforce/agent-action-unit-tests,agentforce,agent-action-unit-tests,"Apex test patterns for @InvocableMethod agent actions: per-reason-code branch coverage, bulk safety, callout mocking, deterministic assertions. NOT for testing whether the agent routes to the right topic or answers well — use agentforce/agent-testing-and-evaluation. NOT for designing the error envelope the tests assert on — use agentforce/agent-action-error-handling.",1.1.1,Spring '25+,false,4,0,Reliability;Operational Excellence,skills/agentforce/agent-action-unit-tests/SKILL.md,8393b92c94047a7d3fa041ede6cc7e3516cf82a23cfaf0abef2c566698eb98a9,retain-knowledge-substrate,false,progressive-on-demand,Do not flatten into always-on host context; preserve package and evaluate through product context packs.
agentforce/agent-actions,agentforce,agent-actions,"Designing or reviewing Agentforce actions: Flow actions, Apex invocable actions, prompt-template actions, action naming, input and output contracts, confirmation requirements, and safe error behavior. Triggers: 'agent actions', 'build an agent that can look up an order', 'make the agent able to check order status', 'give the agent a capability', 'agent that can retrieve a record', 'flow action for agent', 'agent invocable action', 'action schema design'. NOT for writing the Apex class itself — use agentforce/custom-agent-actions-apex. NOT for the reason_code error envelope that stops an agent retry loop — use agentforce/agent-action-error-handling.",2.0.1,Spring '26+,false,5,0,Reliability;Security;Operational Excellence,skills/agentforce/agent-actions/SKILL.md,ad6880935d0e6194c0d6c7daa70cdd4a29611becfb962c6f6064393d36fdcb96,retain-knowledge-substrate,false,progressive-on-demand,Do not flatten into always-on host context; preserve package and evaluate through product context packs.
agentforce/agent-channel-deployment,agentforce,agent-channel-deployment,"Use when deploying an Agentforce agent to a channel surface: Embedded Service web chat, Slack, Experience Cloud, Agent REST API, or Salesforce Mobile. Triggers: 'deploy agent to website', 'add Agentforce to Slack', 'enable agent for mobile app', 'configure embedded service for agent', 'agent API for custom integration', 'multi-channel agent deployment'. NOT for agent logic design — use agentforce/agent-topic-design or agentforce/agent-actions for topics, instructions, and action contracts.",1.0.1,Spring '25+,false,6,0,Reliability;User Experience,skills/agentforce/agent-channel-deployment/SKILL.md,e8e610d08be55830650983b27aa1cbf65ab0731ad7a8db7c154bd007caf69f96,retain-knowledge-substrate,false,progressive-on-demand,Do not flatten into always-on host context; preserve package and evaluate through product context packs.
agentforce/agent-deployment-checklist,agentforce,agent-deployment-checklist,"Canonical go-live checklist for Agentforce deployments with rehearsed rollback and stakeholder sign-off records. NOT for the technical pre-prod verification behind those sign-off rows — cost telemetry, rate limits, canary rollout, latency benchmarks — use agentforce/agentforce-production-readiness-checklist. NOT for general Salesforce release management — use devops/release-management.",1.0.1,Spring '25+,false,4,0,Operational Excellence;Reliability,skills/agentforce/agent-deployment-checklist/SKILL.md,bde60c3c4271369b8fb96789a53b999a7a0364240528ee27eff04a06f6a5af46,retain-knowledge-substrate,false,progressive-on-demand,Do not flatten into always-on host context; preserve package and evaluate through product context packs.
agentforce/agent-metric-dashboards,agentforce,agent-metric-dashboards,"Build the executive KPI dashboard for Agentforce: adoption, deflection, latency, cost, quality — KPI definitions, data sources, CRM Analytics lenses, alert thresholds. NOT for the platform's own session tracing, Agent Analytics and health monitoring — use agentforce/agentforce-observability. NOT for scoring agent answer quality offline — use agentforce/agentforce-eval-harness.",1.0.1,Spring '25+,false,4,0,Operational Excellence;Performance,skills/agentforce/agent-metric-dashboards/SKILL.md,2a45d2d7c0441facd96f24e9dafe5519d6c89a71e064b75aed749116d3b02c1a,retain-knowledge-substrate,false,progressive-on-demand,Do not flatten into always-on host context; preserve package and evaluate through product context packs.
agentforce/agent-rate-limit-strategy,agentforce,agent-rate-limit-strategy,Control LLM spend and Apex governor exposure for high-traffic Agentforce agents via per-user token budgets and graceful fallback when the budget is exhausted. NOT for reducing tokens per conversation in the first place — use agentforce/agentforce-cost-optimization. NOT for API rate-limiting of Salesforce REST endpoints — use integration/api-governance-and-rate-limits.,1.1.0,Spring '25+,false,6,0,Scalability;Operational Excellence,skills/agentforce/agent-rate-limit-strategy/SKILL.md,c21ded56718f36d3967b2621fe3b1ea8a9c7f51b51556af1b9d874815714981e,retain-knowledge-substrate,false,progressive-on-demand,Do not flatten into always-on host context; preserve package and evaluate through product context packs.
agentforce/agent-script-dsl,agentforce,agent-script-dsl,"Authoring and managing Agentforce agent definitions using the declarative Agent Script DSL (.agent files) and associated metadata types, including the Agent Script language for the new Agentforce Builder (hybrid-reasoning -> logic vs | prompt instructions, @actions/@subagent/@variables references, subagents). Use when creating agents in source control, writing or debugging Agent Script, debugging agent metadata, or understanding the metadata lifecycle of GenAiPlugin/GenAiPlanner/BotVersion types. Triggers: 'how do I deploy an Agentforce agent using source control', 'convert an agent topic to a subagent', 'what metadata types make up an Agentforce agent', 'agent test run command failing in CI pipeline', 'GenAiPlugin vs GenAiPlanner metadata relationship', 'Agent Script logic vs prompt instructions'. NOT for Apex-based agent actions — use agentforce/custom-agent-actions-apex. NOT for clicking the agent together in the Builder UI — use agentforce/agentforce-agent-creation.",1.2.0,Summer '26+,false,8,0,Operational Excellence;Reliability,skills/agentforce/agent-script-dsl/SKILL.md,06ffc40cd2257e2f8750949ca7e3344dcfc2b128c2ddc0db841f01b21dfea554,retain-knowledge-substrate,false,progressive-on-demand,Do not flatten into always-on host context; preserve package and evaluate through product context packs.
agentforce/agent-security-review,agentforce,agent-security-review,"Pre-production security checklist for Agentforce deployments: agent run-as permission scope, grounding-source data classification, action write-scope, audit trail. NOT for the full go-live readiness gate covering cost telemetry, rate limits, rollout and rollback — use agentforce/agentforce-production-readiness-checklist. NOT for a general org security review — use security/security-health-check.",1.1.1,Spring '25+,false,4,0,Security;Operational Excellence,skills/agentforce/agent-security-review/SKILL.md,ac38a9ead94953ee3fcc2fd56b0f245c010ccb90c98f24752c2bcafbf39e5631,retain-knowledge-substrate,false,progressive-on-demand,Do not flatten into always-on host context; preserve package and evaluate through product context packs.
agentforce/agent-testing-and-evaluation,agentforce,agent-testing-and-evaluation,"Use when testing, evaluating, or building regression suites for Agentforce agents: conversation testing in Agent Builder, topic (now subagent) coverage and utterance testing, Testing API and AiEvaluationDefinition metadata, Agentforce DX CLI test runs (sf agent generate test-spec, sf agent test create/run/resume/results/list), evaluation metrics (containment rate, escalation rate, CSAT, topic activation accuracy), and post-deploy analytics via Enhanced Event Logs. Triggers: 'how do I test my Agentforce agent', 'agent routes to wrong subagent', 'write utterance tests', 'regression test after topic change', 'measure agent quality', 'agent containment rate', 'run agent tests from the CLI'. NOT for agent creation, topic design, or action contract design — use agentforce/agentforce-agent-creation, agentforce/agent-topic-design, or agentforce/agent-actions respectively.",1.1.1,Spring '25+,false,7,0,Reliability;Operational Excellence,skills/agentforce/agent-testing-and-evaluation/SKILL.md,b96a1508a59eb8575a599668f8c130bbc0f989789b5d664b4533f4b4add8dddb,retain-knowledge-substrate,false,progressive-on-demand,Do not flatten into always-on host context; preserve package and evaluate through product context packs.
agentforce/agent-topic-design,agentforce,agent-topic-design,"Use when designing or reviewing Agentforce topic (renamed subagent in April 2026) structure, including topic boundaries, instruction quality, handoff rules, out-of-scope behavior, and topic-selector strategy. Triggers: 'agentforce subagents (formerly topics)', 'topic design', 'topic selector', 'agent scope boundary', 'handoff conditions'. NOT for restricting what the agent may do or say (topic Scope, action filters, abuse prevention) — use agentforce/agentforce-guardrails. NOT for the mechanics of transferring a live conversation out — Omni-Channel routing and the context package — use agentforce/agentforce-agent-handoff-patterns.",2.0.1,Spring '26+,false,5,0,User Experience;Reliability;Operational Excellence,skills/agentforce/agent-topic-design/SKILL.md,cf3dcd389929f0176784cdb86a8b02e74b21843331f34498d5cccb862cc05084,retain-knowledge-substrate,false,progressive-on-demand,Do not flatten into always-on host context; preserve package and evaluate through product context packs.
agentforce/agentexchange-publishing,agentforce,agentexchange-publishing,"Use when an ISV or consulting partner is creating, pricing, publishing, or maintaining an AgentExchange listing through the Partner Console — covers the listing plan, the 5-step Listing Builder workflow (Fill in the Basics, Set Pricing, Add Details, Link Your Solution, Grow Your Business), commercialization models (revenue share vs. annual fee vs. freemium), AgentExchange Checkout setup (Stripe connection, pricing plans, fees, geographic eligibility), Private Offers, Security Review gating, and post-publish listing updates. NOT for building the agent or managed package itself (use agentforce/agentforce-agent-creation and devops/second-generation-managed-packages), NOT for LMA/Trialforce licensing internals (use devops/isv-license-management-and-trialforce), and NOT for the customer-side install experience.",1.0.0,Spring '25+,false,5,0,Security;Operational Excellence,skills/agentforce/agentexchange-publishing/SKILL.md,3e589376f8bd7d8606bbfe57c6cd02f4a33e564c892b8b56199c9adb0451229f,retain-knowledge-substrate,false,progressive-on-demand,Do not flatten into always-on host context; preserve package and evaluate through product context packs.
agentforce/agentforce-agent-creation,agentforce,agentforce-agent-creation,"Use when creating, configuring, auditing, or troubleshooting an Agentforce agent end-to-end: agent definition, agent user setup, channel assignment, system instructions, activation, and lifecycle management. Triggers: 'create agentforce agent', 'agent not appearing to users', 'how to activate agent', 'agent channel setup', 'agent lifecycle', 'deploy agent to production'. NOT for designing what the agent can DO — an agent that looks up an order, checks a case, or creates a record is action design, use agentforce/agent-actions. NOT for topic boundary design — use agentforce/agent-topic-design.",1.0.1,Spring '25+,false,7,0,Security;User Experience;Reliability,skills/agentforce/agentforce-agent-creation/SKILL.md,bf70351107f2265368ce58e93f39e3a32ee5d942f128ed9dab1ca706f2f53aca,retain-knowledge-substrate,false,progressive-on-demand,Do not flatten into always-on host context; preserve package and evaluate through product context packs.
agentforce/agentforce-agent-handoff-patterns,agentforce,agentforce-agent-handoff-patterns,"Use when designing how an Agentforce agent transfers the conversation to a human agent (Omni-Channel), to another bot/agent, or to an alternate workflow — including context package, deflection, escalation triggers, and user messaging. Triggers: 'agent to human handoff', 'agentforce escalate to omni channel', 'agent to agent handoff', 'transfer conversation with context', 'agent deflection fallback'. NOT for topic scope and selector design — use agentforce/agent-topic-design. NOT for the overall Einstein Bot plus Agentforce estate topology — use architect/conversational-ai-architecture.",1.0.1,Spring '26+,false,5,0,User Experience;Reliability;Operational Excellence,skills/agentforce/agentforce-agent-handoff-patterns/SKILL.md,6a163da23d4665697add1dde1af294273cc90c4c2048cdc3402afbbb66ff92aa,retain-knowledge-substrate,false,progressive-on-demand,Do not flatten into always-on host context; preserve package and evaluate through product context packs.
agentforce/agentforce-cost-optimization,agentforce,agentforce-cost-optimization,"Use when Agentforce run costs are climbing, you need to forecast scale, or you want to reduce tokens per conversation without hurting quality. Covers topic (now subagent) design impact on cost, prompt/template reuse, grounding size discipline, caching, and model-tier selection. Triggers: 'agentforce cost', 'tokens per conversation too high', 'reduce agentforce runs spend', 'forecast agentforce scale cost', 'einstein trust layer tokens'. NOT for capping spend per user with a budget gate and fallback — use agentforce/agent-rate-limit-strategy. NOT for org-wide model-tier and BYOLLM platform strategy — use architect/ai-platform-architecture.",1.0.1,Spring '26+,false,6,0,Performance;Operational Excellence;Reliability,skills/agentforce/agentforce-cost-optimization/SKILL.md,15de3d960da017686dd4fde1438dc8df62c568f56f5ac4b4ed933c36ce7484e8,retain-knowledge-substrate,false,progressive-on-demand,Do not flatten into always-on host context; preserve package and evaluate through product context packs.
agentforce/agentforce-custom-channel-dev,agentforce,agentforce-custom-channel-dev,"Use this skill when building custom channel integrations with the Agentforce Agent API or BYOC (Bring Your Own Channel) for CCaaS — covering session lifecycle management, webhook handling, externalSessionKey design, sequenceId sequencing, BYOC Interaction API integration, and conversation state management. NOT for standing up a standard channel (Embedded Service, Slack, Experience Cloud, Messaging) — use agentforce/agent-channel-deployment. NOT for writing the Apex actions the agent invokes — use agentforce/custom-agent-actions-apex.",1.0.1,Spring '25+,false,6,1,Security;Reliability;Performance,skills/agentforce/agentforce-custom-channel-dev/SKILL.md,315ed95475bcf895a4911b0b4820943ed816381b59145a3f85762663389e624a,retain-knowledge-substrate,false,progressive-on-demand,Do not flatten into always-on host context; preserve package and evaluate through product context packs.
agentforce/agentforce-custom-lightning-types,agentforce,agentforce-custom-lightning-types,"Use when overriding the default UI of an Agentforce agent action's Apex input or output with your own Lightning web components via a LightningTypeBundle (schema.json + editor.json/renderer.json, lightning__AgentforceInput / lightning__AgentforceOutput targets, the @apexClassType binding). NOT for standard agent actions with primitive inputs/outputs (only Apex-class input/output can be overridden), NOT for Flow screen custom property editors (use flow/flow-custom-property-editors), and NOT for general LWC-in-Lightning-page work (use lwc/* skills).",1.0.0,Summer '25+,false,5,0,Security;Operational Excellence,skills/agentforce/agentforce-custom-lightning-types/SKILL.md,f4392490e2f385f77c62644b728842b094c4e74480bbe86ad96a7b4d7f43da31,retain-knowledge-substrate,false,progressive-on-demand,Do not flatten into always-on host context; preserve package and evaluate through product context packs.
agentforce/agentforce-eval-harness,agentforce,agentforce-eval-harness,"Author and run offline evals for Agentforce agents: fixture format, scoring rubrics, hallucination checks, regression baselines, CI integration, prompt-change safety. Trigger keywords: agent eval, hallucination, doesn't hallucinate, agentforce offline evals, rubric for agent response. NOT for deciding which layers of testing the agent needs — use agentforce/agentforce-testing-strategy. NOT for Testing Center, AiEvaluationDefinition or sf agent test runs — use agentforce/agent-testing-and-evaluation.",1.0.1,Spring '25+,false,9,0,Reliability;Operational Excellence,skills/agentforce/agentforce-eval-harness/SKILL.md,5da1275be0998a285638fcd01e49839dc0a4007576cfc8cd2f712e7d5733f386,retain-knowledge-substrate,false,progressive-on-demand,Do not flatten into always-on host context; preserve package and evaluate through product context packs.
agentforce/agentforce-grid,agentforce,agentforce-grid,"Use when designing or reasoning about an Agentforce Grid worksheet — the spreadsheet-like Agentforce workspace where rows are jobs and columns are sequential Data / AI / Action steps that process left to right — to run bulk record updates, generate insights, or test multi-turn AI conversations over CRM or Data Cloud (Data 360) data without Apex or Flow. Trigger keywords: Agentforce Grid, workbook, worksheet, grid column, data column, AI column, action column, bulk AI update, Flex Credits per row, metered compute. NOT for building the agent, its topics, or its actions themselves (use agentforce/* action and topic skills), NOT for single-record prompt design (use the prompt-builder skills), NOT for deployable metadata/Apex (Grid is a no-code Studio tool, not a metadata type), and NOT for AI governance/ethics policy (use admin/ai-ethics-and-governance-requirements).",1.0.0,Winter '26+,true,5,0,Operational Excellence;Security;Reliability,skills/agentforce/agentforce-grid/SKILL.md,647746259dcedbdde72a5b61624bac77899c000a74d544230c4cfeb9f14ffa78,retain-knowledge-substrate,false,progressive-on-demand,Do not flatten into always-on host context; preserve package and evaluate through product context packs.
agentforce/agentforce-guardrails,agentforce,agentforce-guardrails,"Use this skill when designing, auditing, or troubleshooting behavioral boundaries for Agentforce agents — including topic (now subagent) Scope fields, agent-level system instructions, topic/action filters, the Escalation topic, restricted topics, and Instruction Adherence monitoring. Trigger keywords: agent guardrails, agent out of scope, restrict agent behavior, topic scope, subagent scope, agent fallback, Escalation topic, abuse prevention, action filters. NOT for Trust Layer content filtering (Einstein Trust Layer is a separate product concern), NOT for general topic routing design (use agentforce/agent-topic-design), NOT for prompt template construction (use agentforce/prompt-builder-templates).",1.0.1,Spring '25+,false,7,0,Security;Reliability,skills/agentforce/agentforce-guardrails/SKILL.md,2c9d17ca10a2179b11d5d309083a850ce22ad7c1e0808f2fa8c45e965d9ba5b5,retain-knowledge-substrate,false,progressive-on-demand,Do not flatten into always-on host context; preserve package and evaluate through product context packs.
agentforce/agentforce-in-slack,agentforce,agentforce-in-slack,"Use when configuring Slack-specific Agentforce capabilities AFTER the basic Slack deployment is complete: enabling Slack-native actions, managing public vs. private action scope, mapping Salesforce-to-Slack user identity, or troubleshooting Slack action failures. Triggers: 'add General Slack Actions topic to agent', 'configure canvas creation for Agentforce in Slack', 'Agentforce private action requires user identity mapping', 'Slack agent cannot send DMs after deployment', 'Agentforce Look Up User action not working in Slack', 'how to map Slack users to Salesforce identities for private actions'. NOT for the initial Slack OAuth install, DM vs channel-mention mode, or core agent setup — use agentforce/agent-channel-deployment. NOT for sending a Slack message or creating a channel from a Flow — use flow/flow-for-slack.",1.0.1,Spring '25+,false,7,0,Security;User Experience;Reliability,skills/agentforce/agentforce-in-slack/SKILL.md,09fd61856f81a6526473ccf752afe94b8ab0b66e3bccd296bd0768b1d797d3a0,retain-knowledge-substrate,false,progressive-on-demand,Do not flatten into always-on host context; preserve package and evaluate through product context packs.
agentforce/agentforce-multi-turn-patterns,agentforce,agentforce-multi-turn-patterns,"Design Agentforce conversations that span multiple turns without losing context: session variable scoping, conversation memory, clarifying-question patterns, topic-to-topic (now subagent) handoff, and the right abstractions for accumulating state across turns. NOT for deciding the topic boundaries themselves or out-of-scope behavior — use agentforce/agent-topic-design. NOT for single-turn agent actions and their input/output contracts — use agentforce/agent-actions.",1.0.1,Spring '25+,false,6,0,Reliability;User Experience;Security,skills/agentforce/agentforce-multi-turn-patterns/SKILL.md,48929c98a6649d7675500eb85a73a69b1bf0b2f3c7ba826b8028c792703dc399,retain-knowledge-substrate,false,progressive-on-demand,Do not flatten into always-on host context; preserve package and evaluate through product context packs.
agentforce/agentforce-observability,agentforce,agentforce-observability,"Use when monitoring Agentforce agent sessions, analyzing conversation logs, measuring deflection rates, or diagnosing agent performance issues. Triggers: 'agentforce session analytics', 'how to query agent conversation data', 'monitor agentforce agent effectiveness', 'agent deflection rate', 'utterance analysis agentforce'. NOT for Trust Layer audit logging — use agentforce/einstein-trust-layer. NOT for designing the topic boundaries and guardrails that cause the misrouting you are seeing in the data — use agentforce/agentforce-guardrails.",1.1.1,Spring '25+,false,9,0,Operational Excellence;Reliability,skills/agentforce/agentforce-observability/SKILL.md,3d7ca7c0a20e59ec17e8b254a0afd33f95ca005c523f2cd2d0c3b7f2fac788d9,retain-knowledge-substrate,false,progressive-on-demand,Do not flatten into always-on host context; preserve package and evaluate through product context packs.
agentforce/agentforce-persona-design,agentforce,agentforce-persona-design,"Use when defining or refining the tone, voice, and behavioral personality of an Agentforce agent: system instruction encoding, brand voice alignment, adaptive response formats, multi-persona strategies. NOT for writing the actual conversational copy — utterances, fallback messages, escalation phrasing — use admin/agent-conversation-design. NOT for topic scope design — use agentforce/agent-topic-design.",2.0.1,Spring '25+,false,5,0,User Experience;Operational Excellence,skills/agentforce/agentforce-persona-design/SKILL.md,083ca1a56b566ef8fa5792b5f0cc41bee5bd774e9ced76d8cab21a77fd69c7f8,retain-knowledge-substrate,false,progressive-on-demand,Do not flatten into always-on host context; preserve package and evaluate through product context packs.
agentforce/agentforce-pii-redaction,agentforce,agentforce-pii-redaction,"Redact PII in your own code before it reaches Agentforce prompts, models, and logs. Trigger keywords: agentforce pii, pii redaction, data masking llm, prompt pii filter, audit pii leakage. NOT for turning on the platform's own masking, zero-retention and audit-trail controls — use agentforce/einstein-trust-layer. NOT for masking PII in a refreshed sandbox — use security/sandbox-data-masking.",1.0.1,Spring '25+,false,4,1,Security;Operational Excellence;Reliability,skills/agentforce/agentforce-pii-redaction/SKILL.md,bfcfad76e9d03dd8f71d8458b7e9cd275b4e776b0dd260f30cd826a499c3b32f,retain-knowledge-substrate,false,progressive-on-demand,Do not flatten into always-on host context; preserve package and evaluate through product context packs.
agentforce/agentforce-production-readiness-checklist,agentforce,agentforce-production-readiness-checklist,"An Agentforce agent is moving from build or sandbox to live end-user traffic and the team needs a comprehensive readiness gate: coverage testing, Trust Layer config, guardrails, cost telemetry, observability, rate limits, permissions, rollout strategy, rollback plan, performance benchmarks. Triggers: 'we want to ship our Agentforce agent next week', 'pre-prod readiness review for our Service Agent', 'what do we need before turning the agent on for real customers', 'agent went live and is hallucinating, what should we have caught', 'cost monitoring for our internal sales agent', 'rollout strategy from internal pilot to GA'. NOT for the lighter five-block activation sign-off artifact — use agentforce/agent-deployment-checklist. NOT for authoring the guardrails themselves — use agentforce/agentforce-guardrails. NOT for building the test harness — use agentforce/agentforce-eval-harness. NOT for Trust Layer feature setup in isolation — use agentforce/einstein-trust-layer.",1.0.1,Spring '25+,false,9,0,Reliability;Security;Operational Excellence,skills/agentforce/agentforce-production-readiness-checklist/SKILL.md,17615fb34c7394800c92c3f669bf8e33838e881a674ef78a919a86426ef9cffc,retain-knowledge-substrate,false,progressive-on-demand,Do not flatten into always-on host context; preserve package and evaluate through product context packs.
agentforce/agentforce-prompt-versioning,agentforce,agentforce-prompt-versioning,"Version Prompt Templates and agent topic (now subagent) prompts: source-control shape, change review, model-version pinning, A/B, and rollback. Trigger keywords: prompt template versioning, prompt changelog, prompt rollback, A/B prompt test, agentforce prompt release. NOT for the CMDT-backed binding that swaps the live template version without a redeploy — use agentforce/prompt-template-versioning. NOT for authoring the template itself — use agentforce/prompt-builder-templates. NOT for prompt engineering tips, general LLM fine-tuning, or Classify / Einstein Generate studio UI walkthroughs.",1.0.1,Spring '25+,false,5,1,Reliability;Operational Excellence,skills/agentforce/agentforce-prompt-versioning/SKILL.md,90b93512acdcb75640b0496e1c3862fa06846761b925f1106c0585041758b665,retain-knowledge-substrate,false,progressive-on-demand,Do not flatten into always-on host context; preserve package and evaluate through product context packs.
agentforce/agentforce-sales-ai-setup,agentforce,agentforce-sales-ai-setup,"Setup and configuration of Einstein for Sales AI features: Opportunity Scoring, Pipeline Inspection AI insights, Einstein email insights and composition, and Forecasting AI — prerequisites, license checks, feature sequencing, data readiness validation. NOT for configuring or troubleshooting Einstein Activity Capture and Relationship Insights in a live org — use agentforce/einstein-copilot-for-sales. NOT for building an Agentforce agent — use agentforce/agentforce-agent-creation. NOT for its topic boundary design — use agentforce/agent-topic-design.",1.0.1,Spring '25+,false,6,0,Operational Excellence;Security;User Experience,skills/agentforce/agentforce-sales-ai-setup/SKILL.md,e9eb3d22fd323ae16978d6a7490ffbba874bdb4958b55261a0d52554489919cc,retain-knowledge-substrate,false,progressive-on-demand,Do not flatten into always-on host context; preserve package and evaluate through product context packs.
agentforce/agentforce-service-ai-setup,agentforce,agentforce-service-ai-setup,"Verify prerequisites, license entitlements, and org readiness before enabling Einstein for Service AI features: Case Classification, Article Recommendations, Reply Recommendations, and Work Summaries. Trigger keywords: Einstein for Service setup, enable Case Classification, enable Article Recommendations, enable Reply Recommendations, enable Work Summaries, Einstein generative AI prerequisites, Data Cloud for Work Summaries. NOT for tuning or troubleshooting a feature that is already live — classification accuracy, recommendations not appearing — use agentforce/einstein-copilot-for-service. NOT for building the agent itself — use agentforce/agentforce-agent-creation. NOT for its topic boundary design — use agentforce/agent-topic-design.",1.0.0,Spring '25+,false,6,0,Operational Excellence;Security;Reliability,skills/agentforce/agentforce-service-ai-setup/SKILL.md,49a0d195939c75a50c275d28bbbd8a9c4ae21641b1f0b821dc8e4b0587cb8305,retain-knowledge-substrate,false,progressive-on-demand,Do not flatten into always-on host context; preserve package and evaluate through product context packs.
agentforce/agentforce-testing-strategy,agentforce,agentforce-testing-strategy,"Design the Agentforce test pyramid: topic (now subagent) coverage, action unit tests, deterministic golden sets, adversarial prompts, and regression harness. Trigger keywords: agentforce testing, agent regression suite, prompt golden set, action unit test agentforce. NOT for hallucination evals, fixture format, or scoring rubrics — use agentforce/agentforce-eval-harness. NOT for running tests in Testing Center, AiEvaluationDefinition or sf agent test — use agentforce/agent-testing-and-evaluation.",1.0.1,Spring '25+,false,5,0,Reliability;Security;Operational Excellence,skills/agentforce/agentforce-testing-strategy/SKILL.md,21b1216f9a28730185b3f6a58ff4e0cf89c279179c2b41a9c9ed8eb6bfc08e75,retain-knowledge-substrate,false,progressive-on-demand,Do not flatten into always-on host context; preserve package and evaluate through product context packs.
agentforce/agentforce-tool-use-patterns,agentforce,agentforce-tool-use-patterns,"Pick the right tool shape for each agent action: Apex invocable vs Flow action vs External Service vs Prompt Template vs Data Cloud retrieval. Covers action selection by use case, argument design for LLM clarity, return-shape contracts, error-surfacing, cost implications, and when to chain tools vs keep a single action. NOT for designing or reviewing an action whose shape is already settled — naming, confirmation, error behavior — use agentforce/agent-actions. NOT for writing the Apex class itself — use agentforce/custom-agent-actions-apex.",1.0.1,Spring '25+,false,6,0,Reliability;Performance;Security,skills/agentforce/agentforce-tool-use-patterns/SKILL.md,1c1d023aad3decfe2c2ce1796271c99511d0de0b8e9d08e9b14e61734e232d72,retain-knowledge-substrate,false,progressive-on-demand,Do not flatten into always-on host context; preserve package and evaluate through product context packs.
agentforce/custom-agent-actions-apex,agentforce,custom-agent-actions-apex,"Building custom Apex-based actions for Agentforce agents: designing @InvocableMethod classes for Atlas Reasoning Engine invocation, defining input/output schema, handling errors, and managing security context. NOT for choosing between Apex, Flow, External Service and prompt-template tool shapes — use agentforce/agentforce-tool-use-patterns. NOT for the Apex test class that covers each action branch — use agentforce/agent-action-unit-tests.",1.0.1,Spring '25+,false,5,0,Security;Reliability;Operational Excellence,skills/agentforce/custom-agent-actions-apex/SKILL.md,6026d3926aa5a68a7e480c0f741069e282548a7d0f7d5d8475db339f593de69e,retain-knowledge-substrate,false,progressive-on-demand,Do not flatten into always-on host context; preserve package and evaluate through product context packs.
agentforce/data-cloud-grounding-for-agentforce,agentforce,data-cloud-grounding-for-agentforce,"Grounding an Agentforce agent with Data Cloud retrievers, DMO selection, chunking, and freshness windows. Triggers: agent grounding, retriever, DMO, data graph, RAG, vector index, citations. NOT for building or tuning the vector index itself — chunk size, embedding model, Query API — use agentforce/data-cloud-vector-search-dev. NOT for the end-to-end Knowledge-article RAG build — use agentforce/rag-patterns-in-salesforce. NOT for Data Cloud ingestion pipelines — use data/data-cloud-data-streams. NOT for identity resolution ruleset tuning — use admin/data-cloud-identity-resolution.",1.0.1,Spring '25+,false,5,0,Security;Reliability;User Experience,skills/agentforce/data-cloud-grounding-for-agentforce/SKILL.md,10e603d1561655ef9e89b3db7222eb6c5e1bdccd66b69b496a7c7b541a64e16c,retain-knowledge-substrate,false,progressive-on-demand,Do not flatten into always-on host context; preserve package and evaluate through product context packs.
agentforce/data-cloud-vector-search-dev,agentforce,data-cloud-vector-search-dev,"Developing Data Cloud vector search: configuring search indexes, selecting chunking strategies (Easy Setup vs Advanced Setup), generating embeddings via the Salesforce-managed model, calling the Query API with a Data Cloud access token, and wiring retrieval to Agentforce grounding. NOT for admin-side index upkeep in Setup — refresh mode, PII field exclusion, rebuilds — use data/vector-database-management. NOT for end-to-end RAG pipeline design — use agentforce/rag-patterns-in-salesforce.",1.0.1,Spring '25+,false,5,2,Performance;Security;Reliability,skills/agentforce/data-cloud-vector-search-dev/SKILL.md,191fbf0211de29438fb046f11fd99270b4ac98ff34d8715ef3de31ee45d68a54,retain-knowledge-substrate,false,progressive-on-demand,Do not flatten into always-on host context; preserve package and evaluate through product context packs.
agentforce/einstein-bots-to-agentforce-migration,agentforce,einstein-bots-to-agentforce-migration,"Use when migrating an existing Einstein Bot (legacy or Enhanced) to Agentforce: feature mapping, conversation design translation, cutover planning, hybrid bot/agent architecture, and context handoff. Triggers: 'migrate einstein bot to agentforce', 'convert legacy bot to agentforce', 'einstein bot retiring deadline', 'hybrid bot agentforce pattern', 'bot dialog to topic migration'. NOT for new Agentforce setup with no existing bot — use agentforce/agentforce-agent-creation instead.",1.0.1,Spring '25+,false,6,0,Reliability;User Experience;Operational Excellence,skills/agentforce/einstein-bots-to-agentforce-migration/SKILL.md,7b7f954c02f05d84bef9b3a532b5b36b036d92fe37f4d3614958e8f7d6b14c06,retain-knowledge-substrate,false,progressive-on-demand,Do not flatten into always-on host context; preserve package and evaluate through product context packs.
agentforce/einstein-copilot-for-sales,agentforce,einstein-copilot-for-sales,"Sales-specific AI features in Sales Cloud: Einstein Opportunity Scoring setup and optimization, Einstein Activity Capture configuration, AI email generation, Pipeline Inspection AI insights, and Einstein Relationship Insights. NOT for the license check and enablement sequence before any of these are turned on — use agentforce/agentforce-sales-ai-setup. NOT for the Service Cloud equivalents such as Case Classification and Work Summaries — use agentforce/einstein-copilot-for-service.",1.0.1,Spring '25+,false,5,0,User Experience;Operational Excellence,skills/agentforce/einstein-copilot-for-sales/SKILL.md,f4f269fecffb8fdb45f21111e6553a5c9a11679a6470a02942fffc92b4246e48,retain-knowledge-substrate,false,progressive-on-demand,Do not flatten into always-on host context; preserve package and evaluate through product context packs.
agentforce/einstein-copilot-for-service,agentforce,einstein-copilot-for-service,"Service-specific AI features in Service Cloud: Case Classification setup and optimization, Article Recommendations configuration, Reply Recommendations, Work Summary (After-Visit Summary), Service Replies with Einstein, Auto-Routing, and Einstein Conversation Mining. NOT for the license, entitlement and data-threshold check before first enablement — use agentforce/agentforce-service-ai-setup. NOT for building an Agentforce agent — use agentforce/agentforce-agent-creation. NOT for its topic boundary design — use agentforce/agent-topic-design.",1.0.1,Spring '25+,false,6,0,User Experience;Operational Excellence;Security,skills/agentforce/einstein-copilot-for-service/SKILL.md,9d92efa56ef60a869ff799dbdcc82ee31cb0ae19334f8c2f0a586a0709d10f8b,retain-knowledge-substrate,false,progressive-on-demand,Do not flatten into always-on host context; preserve package and evaluate through product context packs.
agentforce/einstein-discovery-development,agentforce,einstein-discovery-development,"Integrating Einstein Discovery predictions into Salesforce apps, automating bulk scoring jobs, deploying stories as prediction definitions, managing models via API, or querying prediction history. Trigger keywords: Einstein Discovery, smartdatadiscovery, predict endpoint, bulk scoring job, model refresh job, prediction definition, story deployment, regression prediction, multiclass prediction, CRM Analytics ML. NOT for authoring the story in CRM Analytics Studio — use admin/einstein-discovery-setup. NOT for the click-path rollout of a trained model through Model Manager and page layouts — use admin/einstein-discovery-deployment.",1.0.0,Spring '25+,false,6,0,Security;Performance;Reliability;Operational Excellence,skills/agentforce/einstein-discovery-development/SKILL.md,57522c562cc619c1b12388186eb538adfd7519f64cf1b9c66dd1d59bb02de19d,retain-knowledge-substrate,false,progressive-on-demand,Do not flatten into always-on host context; preserve package and evaluate through product context packs.
agentforce/einstein-next-best-action,agentforce,einstein-next-best-action,"Guide practitioners through building Einstein Next Best Action strategies using Flow Builder, configuring Recommendation records, and surfacing recommendations via the Actions & Recommendations Lightning component. Trigger keywords: next best action, NBA strategy, surface recommendations. NOT for training a custom prediction model on your own records — use agentforce/einstein-prediction-builder. NOT for Einstein Bot or Agentforce agent conversation design — use architect/einstein-bot-architecture.",1.0.0,Spring '25+,false,3,0,Security;Reliability;Scalability,skills/agentforce/einstein-next-best-action/SKILL.md,4e2ea4fac13d1b712966be6f822baf238f2d0b9192284767188f68fdafb45546,retain-knowledge-substrate,false,progressive-on-demand,Do not flatten into always-on host context; preserve package and evaluate through product context packs.
agentforce/einstein-prediction-builder,agentforce,einstein-prediction-builder,"Einstein Prediction Builder for creating custom binary classification predictions on Salesforce objects: field selection, training data requirements, model activation, score embedding, and monitoring. NOT for authoring an Einstein Discovery story in CRM Analytics Studio — use admin/einstein-discovery-setup. NOT for multiclass or regression predictions and programmatic Discovery scoring — use agentforce/einstein-discovery-development. NOT for judging whether the training dataset is usable, feature leakage and quality thresholds — use data/ai-training-data-preparation.",1.0.0,Spring '25+,false,6,0,Reliability;Operational Excellence;User Experience,skills/agentforce/einstein-prediction-builder/SKILL.md,20c2ee2e3b7bc813e90dcd71eba31a7665e9129bd5f5cc85059971eed1af7094,retain-knowledge-substrate,false,progressive-on-demand,Do not flatten into always-on host context; preserve package and evaluate through product context packs.
agentforce/einstein-search-personalization,agentforce,einstein-search-personalization,"Einstein Search personalization: configure search result ranking, promoted results, searchable objects, and Natural Language Search (NLS) for Lightning Experience. Triggers when users ask about search personalization signals, why search results feel irrelevant, how to enable NLS conversational queries, or how to manage Einstein Search settings in Setup. NOT for search on an Experience Cloud site or community portal — use lwc/experience-cloud-search-customization. NOT for B2B or D2C Commerce storefront product search and facets — use apex/commerce-search-customization.",1.0.0,Spring '25+,false,5,0,Performance;Operational Excellence,skills/agentforce/einstein-search-personalization/SKILL.md,e59fb2904ebe66ed6f907aa77c3a999f6b184e34a5c734d2778d046bb966ef6f,retain-knowledge-substrate,false,progressive-on-demand,Do not flatten into always-on host context; preserve package and evaluate through product context packs.
agentforce/einstein-trust-layer,agentforce,einstein-trust-layer,"Configure, audit, or troubleshoot Einstein Trust Layer security controls for generative AI features including Agentforce, Einstein Copilot, and Prompt Builder. Trigger keywords: trust layer, data masking, zero data retention, ZDR, toxicity detection, AI audit trail, grounding controls, PII masking LLM, Einstein generative AI security. NOT for redaction you build yourself in prompt-assembly code — use agentforce/agentforce-pii-redaction. NOT for org-wide AI governance and policy-as-code architecture — use architect/ai-governance-architecture.",1.0.1,Spring '25+,false,8,0,Security;Reliability,skills/agentforce/einstein-trust-layer/SKILL.md,090ca5bb5493c87ebe34f42d57bf30b773a48c954d912013b6ae40641806aeff,retain-knowledge-substrate,false,progressive-on-demand,Do not flatten into always-on host context; preserve package and evaluate through product context packs.
agentforce/employee-hr-service-agent-rollout,agentforce,employee-hr-service-agent-rollout,"Use when an org is rolling out an Agentforce-based HR / Employee Service agent for self-service workflows like leave requests, benefits questions, onboarding tasks, and time-off balance lookups. Covers Employee Agent licensing posture, knowledge-base grounding for HR policy, integration patterns with HRIS systems of record (Workday, ADP, BambooHR) — read-only vs read-write trade-offs, employee-vs-manager visibility model, PII handling under the Einstein Trust Layer, surface-placement decision (in-Salesforce vs Slack-first vs Teams-first), and rollout measurement (deflection, first-response time, employee CSAT). Triggers: 'we want an HR self-service agent for leave and benefits', 'employees keep emailing HR for time-off balance — can Agentforce answer that?', 'roll out Employee Service agent in Slack', 'wire HRIS into our Agentforce HR bot', 'how do we handle PII when the agent reads Workday', 'measure deflection on the HR agent we just launched'. NOT for general Agentforce agent build mechanics (use agentforce/agentforce-persona-design + agentforce/custom-agent-actions-apex), NOT for the channel deployment plumbing (use agentforce/agent-channel-deployment), NOT for prompt/instruction authoring (use agentforce/agentforce-guardrails).",1.0.1,Spring '25+,false,9,0,Security;Reliability;Operational Excellence,skills/agentforce/employee-hr-service-agent-rollout/SKILL.md,729bf9e126e3c37477be9f1fa27f963d93ecf4b0aa7b45f47b388f33fbc5c1f2,retain-knowledge-substrate,false,progressive-on-demand,Do not flatten into always-on host context; preserve package and evaluate through product context packs.
agentforce/mcp-tool-definition-apex,agentforce,mcp-tool-definition-apex,"Use this skill to implement custom Apex MCP tool classes by extending McpToolDefinition from the salesforce-mcp-lib package. Covers inputSchema(), validate(), and execute() override patterns, JSON schema construction, SOQL and DML inside tools, error handling, and tool registration in the Apex REST endpoint. Trigger keywords: McpToolDefinition, extend McpToolDefinition, Apex MCP tool, mcp-tool Apex, JSON-RPC tool, salesforce-mcp-lib tool class. NOT for a native Agentforce agent action — use agentforce/custom-agent-actions-apex. NOT for the initial server install and npm proxy setup — use agentforce/salesforce-mcp-server-setup.",1.1.0,Spring '25+,false,6,1,Security;Reliability,skills/agentforce/mcp-tool-definition-apex/SKILL.md,d841a1d84ee2561fc1bdb8e5e2bffde9e66958f22603bf7325d9c650eb0fcac2,retain-knowledge-substrate,false,progressive-on-demand,Do not flatten into always-on host context; preserve package and evaluate through product context packs.
agentforce/model-builder-and-byollm,agentforce,model-builder-and-byollm,"Use when configuring Model Builder in Salesforce to register external LLMs or select standard models for Agentforce and Einstein features. Covers model registration, API key configuration, model aliases, and cost/performance tradeoffs. NOT for deciding the model-tier or multi-agent platform strategy before you register anything — use architect/ai-platform-architecture. NOT for Trust Layer configuration — use agentforce/einstein-trust-layer.",1.0.0,Spring '25+,false,6,0,Security;Operational Excellence,skills/agentforce/model-builder-and-byollm/SKILL.md,1373752af42bbe8e0aa8af92dcd4c5db4111d29a8e053ff7e7b0b16ff09af830,retain-knowledge-substrate,false,progressive-on-demand,Do not flatten into always-on host context; preserve package and evaluate through product context packs.
agentforce/prompt-builder-templates,agentforce,prompt-builder-templates,"Use when creating, reviewing, or troubleshooting Prompt Builder templates (Field Generation, Record Summary, Sales Email, or Flex types), including grounding with merge fields, Flow, or Apex. Trigger keywords: prompt template, Prompt Builder, field generation, record summary, sales email template, flex template, grounding, merge fields, LLM template, Einstein generative AI. NOT for versioning, promoting or rolling back a template — use agentforce/prompt-template-versioning. NOT for Data Cloud vector-search RAG pipelines that ground an agent (chunking, embeddings, retrievers) — use agentforce/rag-patterns-in-salesforce.",1.0.0,Spring '25+,false,6,0,Security;User Experience,skills/agentforce/prompt-builder-templates/SKILL.md,089a36655c8fa333b1f19f822be649052377f1f02f8d222303d605b587ba808c,retain-knowledge-substrate,false,progressive-on-demand,Do not flatten into always-on host context; preserve package and evaluate through product context packs.
agentforce/prompt-injection-defense,agentforce,prompt-injection-defense,"Red-team an Agentforce agent against prompt-injection and jailbreak attacks; codify adversarial test cases and guardrails, scoped to the agent boundary rather than general application-security review. NOT for the overall agent test plan (topic coverage, golden sets, regression harness) — use agentforce/agentforce-testing-strategy. NOT for keeping PII out of prompts, model calls and logs — use agentforce/agentforce-pii-redaction.",1.1.1,Spring '25+,false,4,0,Security;Reliability,skills/agentforce/prompt-injection-defense/SKILL.md,052f283f7c8ee8f8d4c55970d18cf09f2ce3e2a1bc68e4ea65553988b3dc8057,retain-knowledge-substrate,false,progressive-on-demand,Do not flatten into always-on host context; preserve package and evaluate through product context packs.
agentforce/prompt-template-versioning,agentforce,prompt-template-versioning,"Lifecycle management for Prompt Builder templates: version, test, promote, roll back via CMDT-backed bindings. NOT for source-control layout, model-version pinning, or versioning agent topic prompts — use agentforce/agentforce-prompt-versioning. NOT for authoring a template in Prompt Builder — use agentforce/prompt-builder-templates.",1.0.1,Spring '25+,false,4,0,Operational Excellence;Reliability,skills/agentforce/prompt-template-versioning/SKILL.md,0f36e9d762642121e4ab5cd7dab6ac9f4ed6ea77ce7ccbe73b57c2c968473359,retain-knowledge-substrate,false,progressive-on-demand,Do not flatten into always-on host context; preserve package and evaluate through product context packs.
agentforce/rag-patterns-in-salesforce,agentforce,rag-patterns-in-salesforce,"Grounding Agentforce agents with retrieved knowledge using Data Cloud vector search: RAG pipeline design, vector search index configuration, chunking and embedding strategy, and how retrieved context flows through the Einstein Trust Layer into prompts. NOT for the Query API, Data Cloud access tokens, or Easy vs Advanced index mechanics — use agentforce/data-cloud-vector-search-dev. NOT for structured DMO retrievers, sharing enforcement at retrieval time and citations — use agentforce/data-cloud-grounding-for-agentforce.",1.0.1,Spring '25+,false,6,2,Security;Performance;Reliability;Operational Excellence,skills/agentforce/rag-patterns-in-salesforce/SKILL.md,55d04114ab0b8ab41fb5f119c324b4f2b971153ddd1fe88c80288e7e800d133f,retain-knowledge-substrate,false,progressive-on-demand,Do not flatten into always-on host context; preserve package and evaluate through product context packs.
agentforce/sales-coach-agent-rollout,agentforce,sales-coach-agent-rollout,"Use when an admin or RevOps team is rolling out the out-of-the-box Sales Coach agent (the Agentforce template that role-plays opportunity-stage conversations with reps for Discovery, Needs Analysis, Qualification, Proposal/Pricing, and Negotiation/Review). Covers prerequisites (Agentforce SKU, Einstein Generative AI activation, Opportunity stage hygiene, knowledge grounding), stage-by-stage prompt configuration, customizing role-play scenarios with org-specific objections and value props, privacy posture for what gets captured in LLM context vs persisted, console-vs-portal embedding choices, and a measurement plan tying coached opportunities to win-rate signal. Triggers: 'roll out sales coach agent', 'set up Agentforce sales coach for our reps', 'sales coach not engaging reps on early-stage opps', 'customize sales coach role-play scenarios for our industry', 'how do we measure sales coach effectiveness', 'sales coach feedback contradicts our methodology'. NOT for rolling out an HR or employee self-service agent instead — use agentforce/employee-hr-service-agent-rollout. NOT for building a bespoke agent from scratch rather than configuring a shipped template — use agentforce/agentforce-agent-creation.",1.0.1,Spring '25+,false,9,0,Reliability;Operational Excellence,skills/agentforce/sales-coach-agent-rollout/SKILL.md,d24c640472d56a96b9b1a8854b9d311adf0804f946c7c2290c58b006300ab70c,retain-knowledge-substrate,false,progressive-on-demand,Do not flatten into always-on host context; preserve package and evaluate through product context packs.
agentforce/salesforce-mcp-server-setup,agentforce,salesforce-mcp-server-setup,"Use this skill to install and configure the salesforce-mcp-lib Apex package and npm stdio proxy so that an MCP client (Claude Desktop, Cursor, ChatGPT) can call Salesforce org data and logic via the Model Context Protocol. Trigger keywords: MCP server, salesforce-mcp-lib, Claude Desktop Salesforce, MCP proxy setup, Apex JSON-RPC, MCP Connected App. NOT for writing the Apex tool classes the server exposes — use agentforce/mcp-tool-definition-apex. NOT for choosing between MCP, REST and Platform Events for external AI access — use architect/ai-agent-org-integration-architecture.",1.0.0,Spring '25+,false,5,0,Security;Reliability;Operational Excellence,skills/agentforce/salesforce-mcp-server-setup/SKILL.md,aa77a974af67c6ddb4985affa436196caa3b8b1f8d1b989e1b493d65f407df4c,retain-knowledge-substrate,false,progressive-on-demand,Do not flatten into always-on host context; preserve package and evaluate through product context packs.
agentforce/sf-to-llm-data-pipelines,agentforce,sf-to-llm-data-pipelines,"Use this skill when extracting Salesforce data for consumption by external LLMs or vector stores outside the Salesforce ecosystem — covering Bulk API v2 extraction patterns, PII scrubbing before transmission, chunking and embedding pipelines that run in external infrastructure, and non-Data-Cloud vector store ingestion (Pinecone, pgvector, Weaviate, OpenSearch). Trigger keywords: export Salesforce data to external LLM, Bulk API extract for embeddings, send Salesforce records to OpenAI, pipe Salesforce data to Pinecone, PII scrubbing before LLM, external vector store ingestion. NOT for vector search and grounding inside Salesforce Data Cloud — use agentforce/rag-patterns-in-salesforce. NOT for registering an external LLM inside Salesforce — use agentforce/model-builder-and-byollm.",1.0.0,Spring '25+,false,6,2,Security;Performance;Reliability;Operational Excellence,skills/agentforce/sf-to-llm-data-pipelines/SKILL.md,5c02339ee990a75f09752e6e0ea228dc53cfef53e99de18e97bba9e9744a11b9,retain-knowledge-substrate,false,progressive-on-demand,Do not flatten into always-on host context; preserve package and evaluate through product context packs.
apex/ai-model-integration-apex,apex,ai-model-integration-apex,"Use when calling AI models from Apex code — including the aiplatform.ModelsAPI External Services wrapper, Einstein Platform Services (Vision and Language), response parsing, token lifecycle management, and caching strategies. Trigger keywords: aiplatform.ModelsAPI, createGenerations, createChatGenerations, createEmbeddings, Einstein Platform Services, Einstein Vision, Einstein Language, ModelsAPI callout, AI callout from Apex. NOT for Einstein Next Best Action strategies. NOT for the Apex class an Agentforce agent invokes as an action — use agentforce/custom-agent-actions-apex. NOT for generating content from a Prompt Builder template — use agentforce/prompt-builder-templates.",1.0.0,Spring '25+,false,5,3,Performance;Security;Reliability,skills/apex/ai-model-integration-apex/SKILL.md,67eb2564352ba0a29c6557b50612200f522658583e6d1d33a11c74d62d623574,retain-knowledge-substrate,false,progressive-on-demand,Do not flatten into always-on host context; preserve package and evaluate through product context packs.
apex/ampscript-development,apex,ampscript-development,"Use this skill when writing, debugging, or reviewing AMPscript in Marketing Cloud email bodies, subject lines, preheaders, SMS, push notifications, or Cloud Pages — including Lookup/LookupRows data retrieval, IF/ELSEIF conditional blocks, FOR loops over rowsets, and inline personalization. NOT for Journey Builder configuration. NOT for Server-Side JavaScript (SSJS), WSProxy, or REST API calls from content — use apex/ssjs-server-side-javascript. NOT for SQL Query Activities in Automation Studio — use data/marketing-cloud-sql-queries.",1.0.0,Spring '25+,false,7,0,Performance;Reliability;Security,skills/apex/ampscript-development/SKILL.md,da310309e8cd42b647d2826cca06e8f40056f2d5d9635d02abcaa5641889d24b,retain-knowledge-substrate,false,progressive-on-demand,Do not flatten into always-on host context; preserve package and evaluate through product context packs.
apex/apex-aggregate-queries,apex,apex-aggregate-queries,"Use this skill when writing SOQL aggregate queries in Apex — GROUP BY, GROUP BY ROLLUP/CUBE, HAVING, COUNT/SUM/AVG/MIN/MAX, AggregateResult, the GROUPING() subtotal function, and date grouping functions. Trigger keywords: soql aggregate groupby apex, count sum group by salesforce, aggregateresult get alias, having clause soql, rollup cube subtotals, grouping function subtotal detection soql. NOT for which field types support SUM/AVG — use apex/soql-aggregate-field-type-support. NOT for relationship subqueries — use apex/apex-soql-relationship-queries.",1.2.0,Spring '25+,false,6,0,Performance,skills/apex/apex-aggregate-queries/SKILL.md,c0e0b595e8c2c33daa5365280a08448827fcb4d7ddc3d940556b99451ec99531,retain-knowledge-substrate,false,progressive-on-demand,Do not flatten into always-on host context; preserve package and evaluate through product context packs.
apex/apex-batch-chaining,apex,apex-batch-chaining,"Use this skill when you need to run one Batch Apex job immediately after another completes — chaining via finish(), managing Flex Queue capacity, or choosing between batch-to-batch chaining and a Queueable bridge. NOT for single-job batch design or scope sizing — use apex/batch-apex-patterns. NOT for choosing Batch vs Queueable — use apex/async-apex.",1.1.0,Spring '25+,false,16,2,Reliability;Performance,skills/apex/apex-batch-chaining/SKILL.md,23a319909b38fa15e4a1ae2ebd4c5c4dc46923efcde87a3f1114696f4a96ef43,retain-knowledge-substrate,false,progressive-on-demand,Do not flatten into always-on host context; preserve package and evaluate through product context packs.
apex/apex-blob-and-content-version,apex,apex-blob-and-content-version,"Use when Apex must create, persist, stream, or serve binary files — including uploading from LWC/REST, generating ContentVersion records, chunking large bodies, relating files to records via ContentDocumentLink, and handling the heap/payload limits that trip binary workflows. Triggers: 'ContentVersion VersionData Blob', 'upload file from LWC to Apex', 'large file heap limit Apex', 'ContentDocumentLink sharing'. NOT for the Files data model itself — use data/salesforce-files-architecture. NOT for generating PDFs — use apex/pdf-generation-patterns.",1.0.0,Spring '25+,false,5,0,Reliability;Performance,skills/apex/apex-blob-and-content-version/SKILL.md,0ba5dcb659647d4afb6057cdf16e5e2135e7e15e14fa4eb7a7ab707911bc0114,retain-knowledge-substrate,false,progressive-on-demand,Do not flatten into always-on host context; preserve package and evaluate through product context packs.
apex/apex-callable-interface,apex,apex-callable-interface,"Use when building Apex classes meant to be invoked dynamically — from Flow, external packages, managed-package extensions, or loose-coupling code that cannot directly reference the concrete class. Trigger keywords: Callable, call method, dynamic Apex, action registry, plugin pattern, managed package extension point. NOT for an @InvocableMethod action exposed to Flow — use apex/invocable-methods. NOT for exposing the class as a REST endpoint — use apex/apex-rest-services.",1.0.0,Spring '25+,false,3,0,Reliability;Operational Excellence,skills/apex/apex-callable-interface/SKILL.md,dffd7014560e0b5927bbd5ff445a633c0f84fcb785c0161fe301f106169ede6f,retain-knowledge-substrate,false,progressive-on-demand,Do not flatten into always-on host context; preserve package and evaluate through product context packs.
apex/apex-callout-retry-and-resilience,apex,apex-callout-retry-and-resilience,"Strategy layer for resilient Apex HTTP callouts: bounded retry with backoff, queueable async retry chains, circuit-breaker via Platform Cache, idempotency keys, dead-letter pattern. NOT for callout authentication — use apex/apex-named-credentials-patterns. NOT for callout/DML transaction-boundary rules — use apex/callout-and-dml-transaction-boundaries.",1.0.0,Spring '25+,false,6,0,Reliability;Operational Excellence,skills/apex/apex-callout-retry-and-resilience/SKILL.md,59656ba0c9ff39fc6d5acb5aed64c007a3e9e525884938fa10c958d1c78718b0,retain-knowledge-substrate,false,progressive-on-demand,Do not flatten into always-on host context; preserve package and evaluate through product context packs.
apex/apex-class-decomposition-pattern,apex,apex-class-decomposition-pattern,"When and how to split an Apex class into Domain / Service / Selector layers using this repo's lightweight base classes (BaseDomain, BaseService, BaseSelector). Covers splitting signals, ordering of extraction, and naming conventions. NOT for a full fflib migration — use apex/fflib-enterprise-patterns. NOT for choosing a trigger handler framework — use apex/trigger-framework.",1.0.0,Spring '25+,false,5,0,Operational Excellence;Scalability,skills/apex/apex-class-decomposition-pattern/SKILL.md,41310689e553cc84f28c345c23955133dda434428fd9ee220dc343bbe6dd05ec,retain-knowledge-substrate,false,progressive-on-demand,Do not flatten into always-on host context; preserve package and evaluate through product context packs.
apex/apex-collections-patterns,apex,apex-collections-patterns,"Use when designing, reviewing, or debugging Apex code that relies on List, Set, or Map collections in triggers, batch classes, or service layers — especially for bulkification, heap management, and safe null handling. Trigger keywords: 'Map<Id, SObject>', 'containsKey', 'retainAll', 'putAll', 'Set intersection', 'heap limit', 'collection in loop', 'unbounded accumulation', 'group by parent Id', 'Comparator', 'Comparable', 'equals and hashCode', 'keySet', 'Set<String> duplicates', '15 vs 18 character Id', 'modify collection while iterating', 'List index out of bounds'. NOT for SOQL query optimization — use apex/soql-fundamentals. NOT for async job design — use apex/apex-queueable-patterns or apex/batch-apex-patterns. NOT for Platform Cache strategies — use apex/platform-cache. NOT for wrapper/DTO class design — use apex/apex-wrapper-class-patterns. NOT for CPU-time tuning — use apex/apex-cpu-and-heap-optimization.",1.1.0,Spring '25+,false,14,0,Performance;Reliability,skills/apex/apex-collections-patterns/SKILL.md,56b1bd65ccfaf9d7f8d1247870253ef0d1cc6d23b01fe5fc586464d72d8a97e0,retain-knowledge-substrate,false,progressive-on-demand,Do not flatten into always-on host context; preserve package and evaluate through product context packs.
apex/apex-connect-api-chatter,apex,apex-connect-api-chatter,"Use when posting to a Chatter feed, creating feed comments, @mentioning users or groups, or rendering rich-text posts from Apex via the ConnectApi namespace. Trigger keywords: ConnectApi, FeedItem, Chatter post, @mention, rich text post, FeedElementCapabilities, link post. NOT for Experience Cloud feed embeds. NOT for sending email from Apex — use apex/apex-outbound-email-patterns. NOT for custom bell notifications — use apex/apex-custom-notifications-from-apex. NOT for turning down org-wide Chatter feed and digest noise — use admin/chatter-notification-tuning.",1.0.0,Spring '25+,false,3,0,Security;Reliability,skills/apex/apex-connect-api-chatter/SKILL.md,4a3efab5b9d6f31de8a172631dd4923e40d43eb73904f8c5560f76a3d7cf5fc1,retain-knowledge-substrate,false,progressive-on-demand,Do not flatten into always-on host context; preserve package and evaluate through product context packs.
apex/apex-cpu-and-heap-optimization,apex,apex-cpu-and-heap-optimization,"Use when diagnosing or preventing Apex CPU time and heap size problems, including nested-loop refactors, JSON memory pressure, string work, and `Limits.getCpuTime()` checkpoints. Triggers: 'CPU time limit exceeded', 'heap size too large', 'string concatenation', 'regex in loop', 'Limits.getCpuTime', 'System.LimitException', 'Apex heap size too large', 'SOQL for loop', 'Database.Stateful heap', 'batch job fails on later chunks'. NOT for generic SOQL/DML governor-limit basics — use apex/governor-limits. NOT for runtime limit guard clauses — use apex/apex-limits-monitoring.",1.1.0,Spring '25+,false,15,0,Performance;Scalability;Reliability,skills/apex/apex-cpu-and-heap-optimization/SKILL.md,9409d5fcbad36dbd023401026629e864ef47fa4f322d6d48c5a01918796776fb,retain-knowledge-substrate,false,progressive-on-demand,Do not flatten into always-on host context; preserve package and evaluate through product context packs.
apex/apex-custom-notifications-from-apex,apex,apex-custom-notifications-from-apex,"Use when sending Custom Notifications (bell icon / mobile push) from Apex via `Messaging.CustomNotification`. Covers target resolution, Notification Type discovery, recipient limits, and async-safe sending. NOT for creating the Notification Type in Setup — use admin/custom-notification-types. NOT for sending it from Flow — use flow/flow-email-and-notifications.",1.0.0,Spring '25+,false,6,0,Reliability;Security;Operational Excellence,skills/apex/apex-custom-notifications-from-apex/SKILL.md,721b07ad0555456badcd663757ba31c7b72f9894da3b7227a7a024dc58798a19,retain-knowledge-substrate,false,progressive-on-demand,Do not flatten into always-on host context; preserve package and evaluate through product context packs.
apex/apex-custom-permissions-check,apex,apex-custom-permissions-check,"Custom Permissions in Apex: FeatureManagement.checkPermission, $Permission global variable, permission-set gating of feature code, Custom Permission metadata. NOT for creating or assigning the permission in Setup — use admin/custom-permissions. NOT for CRUD/FLS enforcement — use apex/apex-stripinaccessible-and-fls-enforcement.",1.0.0,Spring '25+,false,6,0,Security;Operational Excellence,skills/apex/apex-custom-permissions-check/SKILL.md,d9dd5205bf7d08a5659b31799daefe788db34921c9fd617cd8b64ee75a7598f0,retain-knowledge-substrate,false,progressive-on-demand,Do not flatten into always-on host context; preserve package and evaluate through product context packs.
apex/apex-custom-settings-hierarchy,apex,apex-custom-settings-hierarchy,"Use when reading or writing Hierarchy Custom Settings from Apex to resolve per-user/per-profile/org configuration. Covers `getInstance()` resolution order, DML cost, cache semantics, and when to prefer Custom Metadata Types instead. NOT for Custom Metadata Types in Apex — use apex/custom-metadata-in-apex. NOT for the CMT vs Custom Settings choice — use admin/custom-metadata-types-and-settings.",1.0.0,Spring '25+,false,5,0,Reliability;Performance;Operational Excellence,skills/apex/apex-custom-settings-hierarchy/SKILL.md,558164bd8adc242555fd1270f27b519e8420366d88d9ac11de4878191c266435,retain-knowledge-substrate,false,progressive-on-demand,Do not flatten into always-on host context; preserve package and evaluate through product context packs.
apex/apex-decimal-arithmetic-precision,apex,apex-decimal-arithmetic-precision,"Use when Apex code performs arithmetic on currency, tax, percentage, or quantity values and the result is wrong by a cent, a penny, or a fraction — Decimal scale collapses to 0 after divide, totals don't match the sum-of-line-items, currency-field rounding differs from in-app calculation, or `divide()` throws on a non-existent rounding mode. Triggers: 'apex decimal divide rounded wrong', 'currency calculation off by a penny', 'apex setScale rounding mode', 'integer divided by integer truncated to zero', 'apex Decimal precision lost'. NOT for dated exchange rates — use data/multi-currency-and-advanced-currency-management. NOT for Flow formula rounding — use flow/flow-formula-and-expression-patterns. NOT for SOQL aggregate queries — use apex/apex-aggregate-queries.",1.0.0,Spring '25+,false,6,0,Reliability;Security,skills/apex/apex-decimal-arithmetic-precision/SKILL.md,8d3e04c18a49eb8cc866521429a7409c512e48ee582cf7595f088a0f639912d4,retain-knowledge-substrate,false,progressive-on-demand,Do not flatten into always-on host context; preserve package and evaluate through product context packs.
apex/apex-design-patterns,apex,apex-design-patterns,"Use when structuring Apex into service, selector, domain, factory, and dependency-injection layers for maintainability and testability. Triggers: 'service layer', 'selector pattern', 'domain layer', 'dependency injection', 'fat trigger/controller', 'unit of work', 'strategy pattern in Apex', 'Type.forName factory', 'static cache singleton', 'savepoint rollback in a service'. NOT for the fflib library — use apex/fflib-enterprise-patterns. NOT for splitting one class — use apex/apex-class-decomposition-pattern.",1.1.1,Spring '25+,false,12,0,Scalability;Reliability;Operational Excellence,skills/apex/apex-design-patterns/SKILL.md,f757f0656acff5222375d254c2a7c16a0b0008b07a5518ed81ef6ea1269f35c1,retain-knowledge-substrate,false,progressive-on-demand,Do not flatten into always-on host context; preserve package and evaluate through product context packs.
apex/apex-dml-patterns,apex,apex-dml-patterns,"Use when choosing between DML statements and Database class methods, handling partial success, or using Database.DMLOptions for assignment rules and duplicate handling. Trigger keywords: 'Database.insert allOrNone false', 'partial DML success apex', 'SaveResult isSuccess', 'database merge apex', 'DML exception handling'. NOT for savepoint placement and rollback after a failure — use apex/apex-savepoint-and-rollback. NOT for SOQL query patterns — use apex/soql-fundamentals.",1.0.0,Spring '25+,false,5,0,Reliability;Performance,skills/apex/apex-dml-patterns/SKILL.md,e6460f76b7196e349dd60d13e7d066fe86fee49a96916b312b799f7ce6802f63,retain-knowledge-substrate,false,progressive-on-demand,Do not flatten into always-on host context; preserve package and evaluate through product context packs.
apex/apex-dynamic-soql-binding-safety,apex,apex-dynamic-soql-binding-safety,"Safe construction of dynamic SOQL — Database.query bind variables (:varName, API 60+ semantics), Database.queryWithBinds(query, Map<String,Object>, AccessLevel) (API 55+), field-name allowlisting, ORDER BY direction whitelist, LIMIT/OFFSET typing, and WITH USER_MODE interaction (WITH SECURITY_ENFORCED was removed in API 67.0). NOT for reviewing a query for injection or CRUD/FLS generally — use apex/soql-security. NOT for Schema.describe and runtime type inspection — use apex/dynamic-apex.",1.0.1,Spring '25+,false,6,0,Security,skills/apex/apex-dynamic-soql-binding-safety/SKILL.md,5139345cf548280c4996ce6e68b674c8c0851d3e80babd66e1968f39fc2058b9,retain-knowledge-substrate,false,progressive-on-demand,Do not flatten into always-on host context; preserve package and evaluate through product context packs.
apex/apex-email-services,apex,apex-email-services,"Use this skill when implementing inbound email processing via Apex: parsing emails sent to a Salesforce-hosted address, creating or updating records from email content, handling attachments, or configuring Email Service routing. Trigger keywords: InboundEmailHandler, email service address, handleInboundEmail, Messaging.InboundEmail, Email-to-Case alternative, process email in Apex. NOT for outbound email — use apex/apex-outbound-email-patterns. NOT for email templates or workflow email alerts — use admin/email-templates-and-alerts.",1.0.0,Spring '25+,false,5,0,Security;Reliability;Performance,skills/apex/apex-email-services/SKILL.md,43928820b064b62b4754244f3e64263f12f937ff29cc2da2c012beb0b46f2419,retain-knowledge-substrate,false,progressive-on-demand,Do not flatten into always-on host context; preserve package and evaluate through product context packs.
apex/apex-encoding-and-crypto,apex,apex-encoding-and-crypto,"Use when Apex must sign, verify, encrypt, hash, encode, or decode payloads — including HMAC for webhook signatures, RSA/ECDSA signing for JWT bearer flows, AES for stored secrets, base64/hex/URL encoding, and digest comparisons for integration integrity. Triggers: 'Crypto.sign', 'Crypto.generateMac', 'EncodingUtil.base64Encode', 'JWT signing in Apex', 'verify webhook signature'. NOT for where the signing key or API secret is stored — use apex/apex-secrets-and-protected-cmdt. NOT for setting up Named Credentials or OAuth flows end-to-end — use apex/apex-named-credentials-patterns. NOT for SOQL injection defense — use apex/soql-security.",1.0.0,Spring '25+,false,5,0,Security;Reliability,skills/apex/apex-encoding-and-crypto/SKILL.md,a2cabfd7efe25298dfd8a0e09b5e075288afd335c5348d55cebaf45110f60981,retain-knowledge-substrate,false,progressive-on-demand,Do not flatten into always-on host context; preserve package and evaluate through product context packs.
apex/apex-enum-patterns,apex,apex-enum-patterns,"Apex enum patterns — enum-based dispatch instead of string switching, ordinal stability, enum values in Custom Metadata, package-global enums, and the limitations (no methods on enum constants, no associated data). Covers `Enum.values()`, `valueOf(String)` failures, and the right way to map an enum to/from a picklist value. NOT for picklist-field design and value-set management — use admin/picklist-and-value-sets. NOT for reading picklist values at runtime via describe — use apex/apex-schema-describe.",1.0.0,Spring '25+,false,6,0,Operational Excellence;Security,skills/apex/apex-enum-patterns/SKILL.md,2bdf1eb040d37071502aad3caf978c67a0db795c76a340d7fbb83cb30f577f9e,retain-knowledge-substrate,false,progressive-on-demand,Do not flatten into always-on host context; preserve package and evaluate through product context packs.
apex/apex-event-bus-subscriber,apex,apex-event-bus-subscriber,"Apex Platform Event subscriber runtime semantics — checkpoint-and-resume via `EventBus.TriggerContext.setResumeCheckpoint`, `EventBus.RetryableException` semantics, the 2,000-event-per-trigger default batch, and `PlatformEventSubscriberConfig` for batch-size and running-user tuning. Covers the checkpoint-vs-RetryableException decision, the most common subscriber bug. NOT for publishing from Apex — use apex/platform-events-apex. NOT for external subscribers — use integration/platform-events-integration.",1.0.1,Spring '25+,false,6,0,Reliability;Operational Excellence,skills/apex/apex-event-bus-subscriber/SKILL.md,17d050eddded4c296feaf5cf821c5a9d5570b71581975ad74529f5d17156e870,retain-knowledge-substrate,false,progressive-on-demand,Do not flatten into always-on host context; preserve package and evaluate through product context packs.
apex/apex-execute-anonymous,apex,apex-execute-anonymous,"Execute Anonymous Apex: Developer Console, VS Code SFDX, `sf apex run`, variable scope, transaction semantics, governor limits, debugging output, common errors. NOT for trace flags or reading the log output — use apex/debug-logs-and-developer-console. NOT for async job design — use apex/async-apex.",1.1.0,Spring '25+,false,7,0,Operational Excellence,skills/apex/apex-execute-anonymous/SKILL.md,c47d7eedff8a4590c3480eb9a48dff91b447b325cbc259431bc09bbf0c9d125a,retain-knowledge-substrate,false,progressive-on-demand,Do not flatten into always-on host context; preserve package and evaluate through product context packs.
apex/apex-flow-invocation-from-apex,apex,apex-flow-invocation-from-apex,"Use when invoking Autolaunched Flows from Apex via `Flow.Interview.createInterview`. Covers parameter typing, output retrieval, governor boundaries, and when to inline logic instead. NOT for writing the `@InvocableMethod` class a Flow calls — use apex/invocable-methods. NOT for starting the same flow from the REST API, a Platform Event, or a subflow — use flow/auto-launched-flow-patterns.",1.0.0,Spring '25+,false,5,0,Reliability;Performance;Operational Excellence,skills/apex/apex-flow-invocation-from-apex/SKILL.md,f67c16d91593c4f92abca1af4745b93a9962c1ad881617a6abb7fafad2c8c3c0,retain-knowledge-substrate,false,progressive-on-demand,Do not flatten into always-on host context; preserve package and evaluate through product context packs.
apex/apex-future-method-patterns,apex,apex-future-method-patterns,"@future methods: primitive-only parameters, callout=true, no chaining, 50 per transaction, error handling. When to prefer Queueable/Batch instead per async-selection decision tree. NOT for Queueable job design — use apex/apex-queueable-patterns. NOT for Batch Apex — use apex/batch-apex-patterns.",1.1.0,Spring '25+,false,7,0,Reliability;Performance,skills/apex/apex-future-method-patterns/SKILL.md,7ec9316dc70ca74aa7b5d8a3a0ca411de88402397aac48d98deb96303b813306,retain-knowledge-substrate,false,progressive-on-demand,Do not flatten into always-on host context; preserve package and evaluate through product context packs.
apex/apex-hardcoded-id-elimination,apex,apex-hardcoded-id-elimination,"Remove hardcoded Salesforce record IDs (Profile, RecordType, User, Queue, custom) from Apex and replace with describe-API, name-based SOQL, or Custom Metadata-driven lookups. NOT for record type IDs in Flow, formulas or LWC — use admin/record-type-id-management. NOT for storing the config values themselves — use apex/custom-metadata-in-apex.",1.1.1,Spring '25+,false,8,0,Reliability;Operational Excellence,skills/apex/apex-hardcoded-id-elimination/SKILL.md,442ec21a6e2ee250c1c73c845a7f906abeb64687b5cb55452c6da87f3530683b,retain-knowledge-substrate,false,progressive-on-demand,Do not flatten into always-on host context; preserve package and evaluate through product context packs.
apex/apex-http-callout-mocking,apex,apex-http-callout-mocking,"HttpCalloutMock for Apex tests: HttpCalloutMock interface, StaticResourceCalloutMock, MultiStaticResourceCalloutMock, Test.setMock, multi-call mocks for pagination, error-path mocks. NOT for writing the callout itself — use apex/callouts-and-http-integrations. NOT for stubbing an Apex collaborator — use apex/apex-mocking-and-stubs.",1.0.0,Spring '25+,false,6,0,Reliability,skills/apex/apex-http-callout-mocking/SKILL.md,3412919c3f06cbba54e27bc7622fa61bd7fa7f412d3695918849cd50d1b790cc,retain-knowledge-substrate,false,progressive-on-demand,Do not flatten into always-on host context; preserve package and evaluate through product context packs.
apex/apex-json-serialization,apex,apex-json-serialization,"Use when serializing Apex objects to JSON strings or deserializing JSON responses into Apex types — especially for callout payloads, integration parsing, and controlling null field output. Trigger keywords: 'suppress null fields JSON Apex', 'deserialize JSON into Apex class', 'JSON parse unknown shape', 'TypeException JSON deserialize', 'JSONGenerator streaming'. NOT for shaping a wrapper class for LWC — use apex/apex-wrapper-class-patterns. NOT for REST endpoint response shaping — use apex/apex-rest-services.",1.0.0,Spring '25+,false,5,0,Performance;Reliability,skills/apex/apex-json-serialization/SKILL.md,a07c929b56cc93996f4fe0c71ef1a420c1f17b85bd84169509f074ab43b50243,retain-knowledge-substrate,false,progressive-on-demand,Do not flatten into always-on host context; preserve package and evaluate through product context packs.
apex/apex-jwt-bearer-flow,apex,apex-jwt-bearer-flow,"OAuth 2.0 JWT Bearer Token Flow for server-to-server authentication from Apex — Connected App with certificate, Auth.JWT/Auth.JWS to mint signed assertions, token endpoint exchange, and the failure modes (clock skew, certificate not found, user not pre-authorized). NOT for choosing which OAuth flow to use — use integration/oauth-flows-and-connected-apps. NOT for Connected App setup — use admin/connected-apps-and-auth.",1.0.0,Spring '25+,false,7,0,Security;Reliability,skills/apex/apex-jwt-bearer-flow/SKILL.md,4f4c0043a498ce8ff8d36536531b46f54b18e85749b2d6341fe62bf0460d6467,retain-knowledge-substrate,false,progressive-on-demand,Do not flatten into always-on host context; preserve package and evaluate through product context packs.
apex/apex-limits-monitoring,apex,apex-limits-monitoring,"Use this skill when writing Apex that must check governor limits at runtime before executing expensive operations — guard clauses, early-exit patterns, Queueable re-queue on limit approach, and batch scope sizing. Also covers building the monitoring layer above those checks: ApexTestResultLimits regression gates in CI, debug-log LIMIT_USAGE events, and a Scheduled Apex poller that writes OrgLimits readings into a Limit_Snapshot__c time series with threshold alerts. Trigger keywords: check governor limits before SOQL apex, defensive coding against limits apex, Limits.getDMLStatements getLimitDMLStatements, Limits class usage, guard clause governor limits, remaining SOQL queries Apex, heap size check before DML, LimitException handling, alert before we hit a governor limit, limit consumption regression in CI. NOT for diagnosing a limit you already hit — use apex/governor-limits. NOT for CPU and heap tuning — use apex/apex-cpu-and-heap-optimization. NOT for choosing which org limits matter or the org-wide alert routing architecture — use architect/org-limits-monitoring.",1.1.0,Spring '25+,false,17,0,Reliability;Performance;Operational Excellence,skills/apex/apex-limits-monitoring/SKILL.md,0172de75d42af2bb50b6d89feaf6adfb1e1ad067376eae3140d71f5eb17fefa3,retain-knowledge-substrate,false,progressive-on-demand,Do not flatten into always-on host context; preserve package and evaluate through product context packs.
apex/apex-managed-sharing,apex,apex-managed-sharing,"Sharing records programmatically via Apex: Share objects, row cause, Apex sharing reason, sharing recalculation, with/without sharing patterns. NOT for declarative sharing rules — use admin/sharing-and-visibility. NOT for recalc job runtime — use data/sharing-recalculation-performance.",1.0.0,Spring '25+,false,5,0,Security;Reliability,skills/apex/apex-managed-sharing/SKILL.md,e2aba2324d558aa45d4a4c78060d2cb7601315112bd43c92d9e1f2d58a42eb89,retain-knowledge-substrate,false,progressive-on-demand,Do not flatten into always-on host context; preserve package and evaluate through product context packs.
apex/apex-metadata-api,apex,apex-metadata-api,"Use when Apex code must create or update metadata programmatically at runtime — custom fields, objects, picklist values, labels, or other supported types — using the Metadata namespace (Metadata.Operations, Metadata.DeployCallback). Triggers: 'Metadata.Operations', 'Metadata.CustomField from Apex', 'deploy metadata from Apex', 'enqueueDeployment', 'create a custom field programmatically', 'post-install script metadata setup'. NOT for zip-based Metadata API REST/SOAP deploys — use apex/metadata-api-and-package-xml. NOT for reading Custom Metadata Type configuration rows in Apex — use apex/custom-metadata-in-apex. NOT for compiling a class or querying ApexClass / ApexCodeCoverage from outside the org — use apex/tooling-api-patterns.",1.0.0,Spring '25+,false,7,0,Operational Excellence;Scalability,skills/apex/apex-metadata-api/SKILL.md,c9997fe89792060e715de1c3f5c027889ec8654e2feeaefca7637a0460a2f133,retain-knowledge-substrate,false,progressive-on-demand,Do not flatten into always-on host context; preserve package and evaluate through product context packs.
apex/apex-mocking-and-stubs,apex,apex-mocking-and-stubs,"Choosing and implementing Apex test doubles — `Test.setMock` and `StubProvider` — and designing the code seams they need. Triggers: 'StubProvider', 'Test.createStub', 'HttpCalloutMock', 'StaticResourceCalloutMock', 'mocking infrastructure'. NOT for multi-response or per-endpoint HTTP mocks — use apex/apex-http-callout-mocking. NOT for general test design — use apex/test-class-standards. Also covers the documented Stub API cannot-mock list, dependency-injection seams, and recording stub providers.",1.1.1,Spring '25+,false,15,0,Reliability;Operational Excellence,skills/apex/apex-mocking-and-stubs/SKILL.md,158a436679863fc7b50c94b023ae94e9ccb3d1f9097b5b8eb4e0f22a889c22c4,retain-knowledge-substrate,false,progressive-on-demand,Do not flatten into always-on host context; preserve package and evaluate through product context packs.
apex/apex-named-credentials-patterns,apex,apex-named-credentials-patterns,"Use when writing Apex that calls out to external endpoints via Named Credentials, working with custom header formula tokens ({!$Credential.OAuthToken}), querying per-user auth state through the UserExternalCredential SObject, or diagnosing why Named Credential callouts fail. Trigger keywords: 'callout: prefix', 'named credential header formula', 'UserExternalCredential', 'External Credential per-user principal', 'Named Credential oauth token apex', 'namedCredentialType SecuredEndpoint', 'externalCredentialPrincipalAccesses', 'generateAuthorizationHeader', 'allowMergeFieldsInHeader', 'migrate legacy named credential', 'Remote Site Setting vs Named Credential'. NOT for Named Credential setup in the Salesforce Setup UI — use integration/named-credentials-setup. NOT for general HTTP callout mechanics (HttpRequest, HttpResponse, mock patterns) — use apex/callouts-and-http-integrations.",1.2.1,Spring '25+,false,15,0,Security;Reliability,skills/apex/apex-named-credentials-patterns/SKILL.md,7fe286ac205aa3e10d7b90b836d3a0da1669b65ebf3b2bd94fac81a19078342e,retain-knowledge-substrate,false,progressive-on-demand,Do not flatten into always-on host context; preserve package and evaluate through product context packs.
apex/apex-outbound-email-patterns,apex,apex-outbound-email-patterns,"Apex outbound email via Messaging.SingleEmailMessage — OrgWideEmailAddress, ReplyTo and Reply-To header semantics, EmailTemplate merging with whatId/targetObjectId, attachment patterns, daily governor limits, and transactional sends vs Email Alerts. NOT for processing email that arrives into Salesforce — use apex/apex-email-services. NOT for Marketing Cloud sends — use apex/marketing-cloud-api.",1.0.1,Spring '25+,false,8,0,Operational Excellence;Reliability,skills/apex/apex-outbound-email-patterns/SKILL.md,e1178668b98be3a30da19bdc2811f3212401efe752b2e6134f380cfd8c3dfa7d,retain-knowledge-substrate,false,progressive-on-demand,Do not flatten into always-on host context; preserve package and evaluate through product context packs.
apex/apex-performance-profiling,apex,apex-performance-profiling,"Use when diagnosing where Apex transactions spend CPU, heap, SOQL, or DML time using the Salesforce diagnostic toolchain: Apex Log Analyzer flame graphs in VS Code, Developer Console execution timeline, SOQL Query Plan tool, and Limits-class checkpoint instrumentation. Triggers: 'why is my Apex slow', 'flame graph Apex', 'profile Apex transaction', 'Query Plan tool', 'Apex Log Analyzer'. NOT for fixing specific CPU or heap patterns after the hotspot is found — use apex/apex-cpu-and-heap-optimization. NOT for debug log setup or trace flag mechanics — use apex/debug-logs-and-developer-console. NOT for SOQL query rewriting — use data/soql-query-optimization. NOT for runtime Limits.get* guard clauses in production code — use apex/apex-limits-monitoring.",1.0.0,Spring '25+,false,5,0,Performance;Operational Excellence,skills/apex/apex-performance-profiling/SKILL.md,d56cfaa9865edb215b7b0dcce83f5c0aee01373ecc33e4eadae65604b5198509,retain-knowledge-substrate,false,progressive-on-demand,Do not flatten into always-on host context; preserve package and evaluate through product context packs.
apex/apex-polymorphic-soql,apex,apex-polymorphic-soql,"Polymorphic SOQL with TYPEOF: querying Task.WhatId, Task.WhoId, ContentDocumentLink.LinkedEntityId, FeedItem.ParentId; fallback to Type filters; indexing and selectivity. NOT for subqueries or dot-notation traversal — use apex/apex-soql-relationship-queries. NOT for the Activity data model — use admin/activity-and-task-patterns.",1.0.0,Spring '25+,false,7,0,Performance;Reliability,skills/apex/apex-polymorphic-soql/SKILL.md,2926a20a437882b8100bb3d95b90988dca1de657159aea455c4d910f961c7550,retain-knowledge-substrate,false,progressive-on-demand,Do not flatten into always-on host context; preserve package and evaluate through product context packs.
apex/apex-queueable-patterns,apex,apex-queueable-patterns,"Use when designing, implementing, reviewing, or debugging Queueable Apex jobs that chain, use the Finalizer interface, pass state across transactions, or need controlled async depth. Trigger keywords: 'Queueable', 'System.enqueueJob', 'Finalizer', 'QueueableContext', 'AsyncOptions', 'stack depth', 'chained queueable', 'DuplicateMessageException', 'QueueableDuplicateSignature', 'AsyncInfo', 'MinimumQueueableDelayInMinutes', 'attachFinalizer', 'AsyncApexJob'. NOT for choosing Queueable vs Batch — use apex/async-apex. NOT for large-volume chunked record processing — use apex/batch-apex-patterns.",1.1.1,Spring '25+,false,12,0,Reliability;Scalability,skills/apex/apex-queueable-patterns/SKILL.md,0ab889e17c88f5d7031cc8974efde74a400315ee08908feaef2016f14bcc7e67,retain-knowledge-substrate,false,progressive-on-demand,Do not flatten into always-on host context; preserve package and evaluate through product context packs.
apex/apex-record-clone-patterns,apex,apex-record-clone-patterns,"SObject.clone(preserveId, isDeepClone, preserveReadonly, preserveAutonumber): shallow vs deep clone semantics, related-record replication, clone with parent repointing, autonumber preservation. NOT for data migration — use data/bulk-api-and-large-data-loads. NOT for record snapshots — use data/field-history-tracking.",1.1.0,Spring '25+,false,6,0,Reliability,skills/apex/apex-record-clone-patterns/SKILL.md,8ed247e7263007e669da6d6ffef41fa20134e11385c342c3304bde6a8734baed,retain-knowledge-substrate,false,progressive-on-demand,Do not flatten into always-on host context; preserve package and evaluate through product context packs.
apex/apex-regex-and-pattern-matching,apex,apex-regex-and-pattern-matching,"Use when writing Apex that validates, extracts, or transforms strings with Pattern/Matcher or String regex methods. Covers catastrophic backtracking, the 1M char input cap, anchored vs unanchored matching, and replaceAll reserved `$`/`\` chars. NOT for String.split or String.format — use apex/apex-string-and-regex. NOT for Flow REGEX() — use flow/flow-formula-and-expression-patterns.",1.0.0,Spring '25+,false,5,0,Performance;Security;Reliability,skills/apex/apex-regex-and-pattern-matching/SKILL.md,24ca72d48697027816ca42487ba5f9b632b300bef47526af84f98558ce7aa436,retain-knowledge-substrate,false,progressive-on-demand,Do not flatten into always-on host context; preserve package and evaluate through product context packs.
apex/apex-rest-services,apex,apex-rest-services,"Use when building, reviewing, or debugging inbound Apex REST resources, request/response handling, status codes, versioned URL mappings, or JSON serialization in `@RestResource` classes. Triggers: 'Apex REST', '@RestResource', 'HttpGet/HttpPost', 'RestContext', 'versioned endpoint', 'services/apexrest', 'urlMapping', 'RestRequest requestBody', 'RestResponse statusCode'. NOT for outbound callouts — use apex/callouts-and-http-integrations. NOT for a deprecation and sunset policy across many endpoints — use integration/api-versioning-strategy.",1.1.0,"Spring '25+; verified against Apex Developer Guide and Apex Reference Guide v67.0, Summer '26",false,14,0,Security;Reliability;Operational Excellence,skills/apex/apex-rest-services/SKILL.md,8704c44663464d1a1fb076fa030c756aef855a5c27671b23ac24bbd218e2f32a,retain-knowledge-substrate,false,progressive-on-demand,Do not flatten into always-on host context; preserve package and evaluate through product context packs.
apex/apex-salesforce-id-patterns,apex,apex-salesforce-id-patterns,"Use when working with Salesforce Ids in Apex — validating Id format, detecting the target sObject type from a string Id, or safely handling 15 vs 18-character Ids. Trigger keywords: Id prefix, Id.valueOf, Id.getSobjectType, 15-char, 18-char, case-insensitive Id. NOT for hardcoded Profile or RecordType Ids — use apex/apex-hardcoded-id-elimination. NOT for bulk Id collection patterns — use apex/apex-collections-patterns.",1.0.0,Spring '25+,false,3,0,Security;Reliability,skills/apex/apex-salesforce-id-patterns/SKILL.md,2f8e2ed90e155b20ee96872b605152dd1bd6d53993a52f7c172e6b1c45a999f0,retain-knowledge-substrate,false,progressive-on-demand,Do not flatten into always-on host context; preserve package and evaluate through product context packs.
apex/apex-savepoint-and-rollback,apex,apex-savepoint-and-rollback,"Database.Savepoint / Database.rollback for partial-transaction undo: placement rules, ID reset, limit counters, nested savepoints, rollback after callout. NOT for Database.allOrNone=false partial success semantics — use apex/apex-dml-patterns. NOT for Queueable chained rollback — use apex/apex-queueable-patterns.",1.1.0,Spring '25+,false,7,0,Reliability,skills/apex/apex-savepoint-and-rollback/SKILL.md,91f4181956c3c893b8d9d5958c6feca2a868990080b99765de89bfd0181af751,retain-knowledge-substrate,false,progressive-on-demand,Do not flatten into always-on host context; preserve package and evaluate through product context packs.
apex/apex-scheduled-jobs,apex,apex-scheduled-jobs,"Scheduling Apex classes using the Schedulable interface: implementing execute(), cron expressions, System.schedule(), monitoring CronTrigger records, job limits, and job chaining patterns. Triggers: 'run this code every night', 'schedule a class to run daily', 'nightly Apex job', 'run at 2am', 'cron expression for a daily job', 'how do I schedule Apex'. NOT for writing the Batch Apex class a schedule invokes — use apex/batch-apex-patterns. NOT for org-wide job monitoring and failure alerting in Setup — use admin/batch-job-scheduling-and-monitoring. NOT for alerting when a scheduled job fails silently — use apex/scheduled-apex-failure-detection-and-monitoring. Also covers: SchedulableContext.getTriggerId, System.abortJob, System.scheduleBatch, CronTrigger.State, CronJobDetail.JobType, TimesTriggered, NextFireTime, the 100-scheduled-Apex ceiling, the schedulable-class deploy lock, and the unschedule-deploy-reschedule runbook.",1.1.2,Spring '25+,false,15,0,Reliability;Operational Excellence,skills/apex/apex-scheduled-jobs/SKILL.md,1d57b1e66e4e1019e6fb0f35aea1cfbd12bc48f161728d9f66c317962b7fa3ea,retain-knowledge-substrate,false,progressive-on-demand,Do not flatten into always-on host context; preserve package and evaluate through product context packs.
apex/apex-schema-describe,apex,apex-schema-describe,"Apex Schema describe API patterns — `Schema.getGlobalDescribe()`, `SObjectType.getDescribe()`, `DescribeFieldResult`, `getPicklistValues()`, the per-namespace describe cost, the lazy-vs-eager caching pattern, `SObjectField.getDescribe()` overhead at scale, and the FLS / record-type metadata access patterns. NOT for building dynamic SOQL or dynamic field get/put — use apex/dynamic-apex. NOT for the Tooling API metadata layer — use apex/tooling-api-patterns.",1.0.0,Spring '25+,false,7,0,Operational Excellence;Security,skills/apex/apex-schema-describe/SKILL.md,3c3cf333a1ce60e8beb28ae360a4e82feaae6d88fa42b10c37fae23036227dd0,retain-knowledge-substrate,false,progressive-on-demand,Do not flatten into always-on host context; preserve package and evaluate through product context packs.
apex/apex-secrets-and-protected-cmdt,apex,apex-secrets-and-protected-cmdt,"Storing API keys, signing secrets, and third-party tokens that Apex must consume — Protected Custom Metadata in a managed package, Protected Custom Settings, Encrypted Custom Fields, Apex Crypto, and what to NEVER do (hardcode, unprotected CMDT, System.debug). NOT for callout authentication — use apex/apex-named-credentials-patterns. NOT for computing the HMAC or signature itself — use apex/apex-encoding-and-crypto. NOT for record-level Shield data encryption — use security/platform-encryption.",1.0.0,Spring '25+,false,6,0,Security,skills/apex/apex-secrets-and-protected-cmdt/SKILL.md,35dfc9ecd9fa497f9805785e249b1ff516e9019f2d010cdd9e573a6bc6cdcb78,retain-knowledge-substrate,false,progressive-on-demand,Do not flatten into always-on host context; preserve package and evaluate through product context packs.
apex/apex-security-patterns,apex,apex-security-patterns,"Use when designing, reviewing, or debugging Apex execution context, sharing keywords, CRUD/FLS enforcement, system-vs-user mode behavior, or secure write patterns. Triggers: 'with sharing', 'inherited sharing', 'AuraEnabled security', 'what execution context does this class run in', 'system mode vs user mode'. NOT for remediating a CRUD/FLS finding — use apex/apex-stripinaccessible-and-fls-enforcement for stripInaccessible, AccessType, SObjectAccessDecision and WITH USER_MODE mechanics. NOT for SOQL injection review alone — use apex/soql-security.",1.2.1,Spring '25+,false,8,0,Security;Reliability,skills/apex/apex-security-patterns/SKILL.md,ea32f03b7dbe6e45bf693480c53acc26410d32ee4d38067a537fd1f1ce2643a9,retain-knowledge-substrate,false,progressive-on-demand,Do not flatten into always-on host context; preserve package and evaluate through product context packs.
apex/apex-soql-relationship-queries,apex,apex-soql-relationship-queries,"Use this skill when writing or debugging SOQL relationship queries in Apex — child-to-parent dot notation traversal, parent-to-child subqueries, polymorphic TYPEOF projection and `.Type` type filtering, and FROM-clause alias notation for implicit-join filtering. Trigger keywords: relationship query, subquery, dot notation, getSObjects, TYPEOF, What.Type filter, WhatId, WhoId, alias notation, child relationship name, __r, aggregate query has too many rows, nested SELECT, selector relationship shape. NOT for aggregate queries — use apex/apex-aggregate-queries. NOT for SOSL text search — use data/sosl-search-patterns.",1.3.0,Spring '25+,false,12,0,Performance;Reliability,skills/apex/apex-soql-relationship-queries/SKILL.md,8f2d5bdd02f7ea7e8c6f7a764125ee1081db78d1fcb3b190fb644a21fca0b1a0,retain-knowledge-substrate,false,progressive-on-demand,Do not flatten into always-on host context; preserve package and evaluate through product context packs.
apex/apex-string-and-regex,apex,apex-string-and-regex,"Apex String class methods, Pattern/Matcher regex, text parsing, template rendering, and null-safety landmines. Covers `String.split` trailing-empty-drop semantics, `Pattern.compile` static-final caching, `Matcher.group` ordering rules, and the `String.format` MessageFormat-vs-printf trap. NOT for catastrophic backtracking or the 1M char regex cap — use apex/apex-regex-and-pattern-matching. NOT for SOQL literal escaping — use apex/soql-string-escaping-and-reserved-characters.",1.0.0,Spring '25+,false,6,0,Operational Excellence;Security,skills/apex/apex-string-and-regex/SKILL.md,9b3c62626ad2f6a370b721204291c460b002c2454f536a32319c67200f3c1336,retain-knowledge-substrate,false,progressive-on-demand,Do not flatten into always-on host context; preserve package and evaluate through product context packs.
apex/apex-stripinaccessible-and-fls-enforcement,apex,apex-stripinaccessible-and-fls-enforcement,"Use Security.stripInaccessible to enforce CRUD/FLS on user-supplied records before DML, and to scrub query results before returning them to clients. Covers AccessType.READABLE/CREATABLE/UPDATABLE/UPSERTABLE, the SObjectAccessDecision API, and when to prefer WITH USER_MODE on the SOQL itself. NOT for the with sharing / without sharing keyword choice — use apex/apex-with-without-sharing-decision. NOT for SOQL injection review — use apex/soql-security.",1.1.0,Spring '25+,false,9,0,Security,skills/apex/apex-stripinaccessible-and-fls-enforcement/SKILL.md,5251205a2eba4b746a469c0af8c0c467e6d18e654cd52f63fae346878292e615,retain-knowledge-substrate,false,progressive-on-demand,Do not flatten into always-on host context; preserve package and evaluate through product context packs.
apex/apex-switch-on-sobject,apex,apex-switch-on-sobject,"Apex switch-on-SObjectType patterns — type dispatching across SObject collections, polymorphic handlers, the typed-variable binding that makes `when SObjectType varName` more than a tag check. Covers the single-type-per-when-block restriction, the null branch, the no-fall-through rule, and why `Type.forName()` cannot be used in a switch expression. NOT for `switch on` over an enum — use apex/apex-enum-patterns. NOT for plain Integer / String switch syntax (Apex Developer Guide). NOT for dynamic field access — use apex/dynamic-apex.",1.0.0,Spring '25+,false,6,0,Operational Excellence;Security,skills/apex/apex-switch-on-sobject/SKILL.md,e5585918321bb29a1ddf4f61c76af9c751e9ec92e8292f9e28fe53a0afe49872,retain-knowledge-substrate,false,progressive-on-demand,Do not flatten into always-on host context; preserve package and evaluate through product context packs.
apex/apex-system-runas,apex,apex-system-runas,"System.runAs in Apex tests: user-context impersonation, mixed-DML workaround, profile/permission testing, sharing verification, FLS NOT enforced, runAs nesting limits. NOT for the MIXED_DML_OPERATION error outside tests — use apex/mixed-dml-and-setup-objects. NOT for general test setup and @TestSetup semantics — use apex/apex-test-setup-patterns.",1.0.0,Spring '25+,false,7,0,Security;Reliability,skills/apex/apex-system-runas/SKILL.md,76b031461f7e9591b6fab4a86afd83f7b45eca02e7dff3b6df24a160a783a643,retain-knowledge-substrate,false,progressive-on-demand,Do not flatten into always-on host context; preserve package and evaluate through product context packs.
apex/apex-test-setup-patterns,apex,apex-test-setup-patterns,"@TestSetup method semantics: one-time creation per test class, isolation behavior, @TestVisible, System.runAs, Test.startTest/stopTest governor reset, mixed-DML boundaries. NOT for building a reusable test data factory class — use apex/test-data-factory-patterns. NOT for HTTP callout mocks — use apex/apex-http-callout-mocking.",1.1.0,Spring '25+,false,7,0,Reliability;Performance,skills/apex/apex-test-setup-patterns/SKILL.md,0dc9a577a2799d89c2bdb5efaa84c7118c1f4d63f9e2171f0f3922b2bcd67e17,retain-knowledge-substrate,false,progressive-on-demand,Do not flatten into always-on host context; preserve package and evaluate through product context packs.
apex/apex-transaction-finalizers,apex,apex-transaction-finalizers,"Use this skill when you need guaranteed post-Queueable cleanup, retry, or failure-logging logic that must run even when the parent Queueable throws an unhandled exception. Trigger keywords: FinalizerContext, System.attachFinalizer, getAsyncApexJobId, ParentJobResult, Queueable cleanup on failure, post-job compensation, guaranteed async cleanup, five-retry chaining limit. NOT for Queueable design or chaining — use apex/apex-queueable-patterns. NOT for the same need in Flow — use flow/flow-transaction-finalizer-patterns.",1.1.1,"Summer '21+ (API v53.0+); verified against Apex Developer Guide v67.0, Summer '26",false,11,1,Reliability,skills/apex/apex-transaction-finalizers/SKILL.md,91fe0cf0df1830c57c08f9d265a8a421406e49172da9305be043887957716804,retain-knowledge-substrate,false,progressive-on-demand,Do not flatten into always-on host context; preserve package and evaluate through product context packs.
apex/apex-trigger-bypass-and-killswitch-patterns,apex,apex-trigger-bypass-and-killswitch-patterns,"Runtime mechanisms to disable Apex triggers without commenting out code: Custom Metadata kill switches via Trigger_Setting__mdt, Custom Permission gates via FeatureManagement.checkPermission, Hierarchy Custom Settings, and TriggerControl static-state bypass for nested operations. NOT for a handler re-entering itself — use apex/recursive-trigger-prevention. NOT for gating a business feature — use apex/feature-flags-and-kill-switches.",1.0.0,Spring '25+,false,6,0,Reliability;Operational Excellence,skills/apex/apex-trigger-bypass-and-killswitch-patterns/SKILL.md,2c9033d405947ccefec886b83b0a337efd3402d54bcc50a035c769cd8a9f0060,retain-knowledge-substrate,false,progressive-on-demand,Do not flatten into always-on host context; preserve package and evaluate through product context packs.
apex/apex-trigger-context-variables,apex,apex-trigger-context-variables,"Apex Trigger.new / Trigger.old / Trigger.newMap / Trigger.oldMap / Trigger.isInsert etc.: when each is populated, null-safety, recursion depth, trigger event matrix. NOT for trigger framework / handler architecture and one-trigger-per-object design — use apex/trigger-framework. NOT for bulk patterns and Map<Id, SObject> collection handling — use apex/apex-collections-patterns.",1.1.0,Spring '25+,false,6,0,Reliability,skills/apex/apex-trigger-context-variables/SKILL.md,f19635cac1f5c35b62ba33fc4e796b1cd80ea49004c48014690fbadd1af3fe58,retain-knowledge-substrate,false,progressive-on-demand,Do not flatten into always-on host context; preserve package and evaluate through product context packs.
apex/apex-user-and-permission-checks,apex,apex-user-and-permission-checks,"Use when Apex needs to check what the running user is, can see, or can do — via UserInfo, FeatureManagement, FeatureManagement.checkPermission, or FeatureManagement.checkPermissionType. Covers custom permissions, permission sets, user licenses, and profile checks. NOT for CRUD/FLS enforcement — use apex/apex-stripinaccessible-and-fls-enforcement. NOT for creating or assigning custom permissions in Setup — use admin/custom-permissions.",1.0.0,Spring '25+,false,5,0,Security;Reliability,skills/apex/apex-user-and-permission-checks/SKILL.md,04b5315c90ac668a9a8f2a5a59c62a94034b17cfdec6fee625b74c8d52524869,retain-knowledge-substrate,false,progressive-on-demand,Do not flatten into always-on host context; preserve package and evaluate through product context packs.
apex/apex-with-without-sharing-decision,apex,apex-with-without-sharing-decision,"Choosing the sharing keyword on an Apex class: with sharing vs without sharing vs inherited sharing, how it flows through called methods, and when WITH USER_MODE overrides it. NOT for enforcing CRUD/FLS on the records themselves — use apex/apex-stripinaccessible-and-fls-enforcement. NOT for granting row access via __Share records — use apex/apex-managed-sharing.",1.1.0,Spring '25+,false,7,0,Security,skills/apex/apex-with-without-sharing-decision/SKILL.md,8b6056f9d98433ec3b7b47d1bdc413bc44a8d8e09d9a49c9f40f8333f0fbcb33,retain-knowledge-substrate,false,progressive-on-demand,Do not flatten into always-on host context; preserve package and evaluate through product context packs.
apex/apex-wrapper-class-patterns,apex,apex-wrapper-class-patterns,"Use when designing wrapper or inner classes in Apex to combine SObjects with computed fields, shape data for LWC consumption, or sort collections with Comparable or Comparator. Trigger keywords: wrapper class, inner class, Comparable, Comparator, @AuraEnabled fields, @JsonAccess. NOT for JSON serialization mechanics — use apex/apex-json-serialization. NOT for LWC data-binding patterns — use lwc/lwc-reactive-state-patterns.",1.0.0,Spring '24+,false,5,0,Performance;Reliability,skills/apex/apex-wrapper-class-patterns/SKILL.md,06dfcccae0ebf6556ae83e098c2965c13c68874a69d137ec20319be3cc381056,retain-knowledge-substrate,false,progressive-on-demand,Do not flatten into always-on host context; preserve package and evaluate through product context packs.
apex/apex-wsdl2apex-patterns,apex,apex-wsdl2apex-patterns,"Use when consuming a third-party SOAP web service from Apex by generating proxy classes from a WSDL — covers the Setup > Apex Classes > Generate from WSDL tool, WSDL pre-processing for the parser's limits, the generated stub's `_x` HTTP control properties, Named Credential wiring, SOAP fault handling, and WebServiceMock testing. Triggers: 'generate Apex from WSDL', 'wsdl2apex', 'WSDL parse error xsd:choice', 'outbound SOAP callout from Apex', 'WebServiceCalloutException not caught'. NOT for Salesforce-as-SOAP-server (enterprise/partner WSDL — use integration/soap-api-patterns), REST callouts (use apex/callouts-and-http-integrations), or generic HTTP retry (use apex/apex-callout-retry-and-resilience).",1.0.0,Spring '25+,false,7,0,Reliability;Security;Operational Excellence,skills/apex/apex-wsdl2apex-patterns/SKILL.md,42b4a28f2d8bde3973ec7fc882fed48bd99c1245ef9ee67cc42c9be2451bea9c,retain-knowledge-substrate,false,progressive-on-demand,Do not flatten into always-on host context; preserve package and evaluate through product context packs.
apex/apexguru-performance-analysis,apex,apexguru-performance-analysis,"Run and interpret the ApexGuru engine in Salesforce Code Analyzer v5 for Apex performance and scalability findings: verify the authenticated target org, scope .cls/.trigger files, capture JSON evidence, triage line-level recommendations, validate fixes, and avoid claiming runtime telemetry the report does not contain. Trigger keywords: ApexGuru scan, apexguru Code Analyzer, Apex performance findings, SOQL scalability issue, AI Apex optimization. NOT for general PMD/security lint — use devops/salesforce-code-analyzer. NOT for Apex debug-log or production transaction profiling.",1.0.0,Summer '26+,true,5,3,Performance;Scalability;Reliability;Operational Excellence,skills/apex/apexguru-performance-analysis/SKILL.md,af689b2ad11abfd0e68d25dc7fe28419f933df8c2d005d9a29b1b54c9e42cec6,retain-knowledge-substrate,false,progressive-on-demand,Do not flatten into always-on host context; preserve package and evaluate through product context packs.
apex/async-apex,apex,async-apex,"Use when selecting, designing, or reviewing Queueable, Batch, Future, or Schedulable Apex for callouts, large data processing, retries, or background work. Triggers: 'queueable vs batch', 'future method', 'flex queue', 'async job failed', 'schedule apex'. NOT for Batchable structure or scope sizing — use apex/batch-apex-patterns. NOT for Queueable chaining — use apex/apex-queueable-patterns.",1.0.0,Spring '25+,false,5,0,Scalability;Performance;Reliability,skills/apex/async-apex/SKILL.md,daddbc71351c65bda1b51cff579617abf192e2e63f3fcaac083f6fddb926522b,retain-knowledge-substrate,false,progressive-on-demand,Do not flatten into always-on host context; preserve package and evaluate through product context packs.
apex/batch-apex-patterns,apex,batch-apex-patterns,"Use when designing, reviewing, or debugging Batch Apex contracts, scope sizing, stateful behavior, chaining, and AsyncApexJob monitoring. Triggers: 'Database.Batchable', 'Database.Stateful', 'executeBatch', 'batch scope', 'AsyncApexJob'. NOT for choosing Batch vs Queueable vs Future — use apex/async-apex. NOT for running one batch after another — use apex/apex-batch-chaining.",1.1.0,Spring '25+,false,7,0,Scalability;Performance;Reliability,skills/apex/batch-apex-patterns/SKILL.md,680ffea936a45d227be676da2ed69d857e635f1446acdf3f3e0352afeab4830d,retain-knowledge-substrate,false,progressive-on-demand,Do not flatten into always-on host context; preserve package and evaluate through product context packs.
apex/billing-integration-apex,apex,billing-integration-apex,"Programmatically generating invoices, automating credit notes, and calling Salesforce Billing Apex APIs from custom Apex. Trigger keywords: billing apex, blng.InvoiceAPI, blng.TransactionAPI, invoice generation apex, credit note apex, programmatic invoice, payment gateway adapter. NOT for a CommercePayments checkout gateway adapter — use apex/commerce-payment-integration. NOT for configuring billing schedules, billing rules or Invoice Runs in Setup — use admin/billing-schedule-setup.",1.0.0,Spring '25+,false,3,3,Security;Reliability;Performance,skills/apex/billing-integration-apex/SKILL.md,17bcf29c3637f89fba926306f3606f87162921c70b3084de3cc46442c5370726,retain-knowledge-substrate,false,progressive-on-demand,Do not flatten into always-on host context; preserve package and evaluate through product context packs.
apex/callout-and-dml-transaction-boundaries,apex,callout-and-dml-transaction-boundaries,"Use when diagnosing, preventing, or refactoring the 'You have uncommitted work pending' CalloutException caused by mixing DML and callouts in the same Apex transaction. Triggers: 'uncommitted work pending', 'callout after DML', 'DML between callouts'. NOT for the callout itself — use apex/callouts-and-http-integrations. NOT for rollback semantics — use apex/apex-savepoint-and-rollback.",1.0.0,Spring '25+,false,6,2,Reliability;Performance,skills/apex/callout-and-dml-transaction-boundaries/SKILL.md,a664dad0a5639c27e72ad82a6b1a8f04b82cb1a36ac2e21bb53b2060b1358ea0,retain-knowledge-substrate,false,progressive-on-demand,Do not flatten into always-on host context; preserve package and evaluate through product context packs.
apex/callouts-and-http-integrations,apex,callouts-and-http-integrations,"Use when building, reviewing, or debugging outbound Apex HTTP callouts, Named Credentials, request/response handling, timeout behavior, or mock-based tests. Triggers: 'HttpRequest', 'Named Credential', 'callout exception', 'uncommitted work pending', 'HttpCalloutMock', 'uncommitted work pending', 'Database.AllowsCallouts', 'callout:', 'setTimeout', 'CalloutException', 'idempotency key', 'retry on 500'. NOT for exposing Apex as an inbound REST endpoint — use apex/apex-rest-services. NOT for SOAP callouts generated from a WSDL — use apex/apex-wsdl2apex-patterns. NOT for the per-transaction callout ceiling or moving callouts async to stay under it — use integration/callout-limits-and-async-patterns.",1.1.1,Spring '25+,false,14,0,Reliability;Security,skills/apex/callouts-and-http-integrations/SKILL.md,148002930d896650a59304f59d6636b7aacc010546d5a7d39ddd5e546fa557c7,retain-knowledge-substrate,false,progressive-on-demand,Do not flatten into always-on host context; preserve package and evaluate through product context packs.
apex/case-trigger-patterns,apex,case-trigger-patterns,"Use when writing Apex triggers on the Case object — specifically for invoking assignment rules programmatically, auto-associating entitlements in a trigger, handling merge trigger behavior on losing records, or understanding why milestone completion does not fire automatically when a case closes. Trigger keywords: 'case trigger', 'case assignment rule apex', 'entitlement auto-association trigger', 'case merge trigger', 'MasterRecordId case', 'Database.DmlOptions AssignmentRuleHeader', 'milestone not completing on case close'. NOT for generic trigger framework architecture — use apex/trigger-framework for that. NOT for configuring assignment rules in Setup — use admin/assignment-rules. NOT for SLA configuration or entitlement process design — use admin/entitlements-and-milestones.",1.0.0,Spring '25+,false,5,0,Reliability;Operational Excellence;Security,skills/apex/case-trigger-patterns/SKILL.md,f05291c519a1cd16ee7b66422391486da7d6f2f27c3983aa7ab4ff38cd89f4f4,retain-knowledge-substrate,false,progressive-on-demand,Do not flatten into always-on host context; preserve package and evaluate through product context packs.
apex/change-data-capture-apex,apex,change-data-capture-apex,"Use this skill when writing or reviewing Apex change event triggers: trigger syntax on ChangeEvent objects, reading ChangeEventHeader fields (changeType, changedFields, recordIds, commitUser), handling CREATE/UPDATE/DELETE/UNDELETE and GAP events in Apex, and configuring entity tracking. NOT for platform events published by application code (use apex/platform-events-apex). NOT for external CDC subscribers via CometD or Pub/Sub API (use integration/change-data-capture-integration). Keywords: AccountChangeEvent, MyObject__ChangeEvent, transactionKey, sequenceNumber, nulledFields, diffFields, changeOrigin, GAP_OVERFLOW, PlatformEventChannelMember, enrichedFields, PlatformEventSubscriberConfig, Test.enableChangeDataCapture, idempotent change event subscriber.",1.1.0,Spring '25+,false,14,0,Reliability;Performance,skills/apex/change-data-capture-apex/SKILL.md,461c8417922b65885b104dd47a67f8fe9eb519819dd65791b3bf40312ac08478,retain-knowledge-substrate,false,progressive-on-demand,Do not flatten into always-on host context; preserve package and evaluate through product context packs.
apex/clinical-decision-support,apex,clinical-decision-support,"Use this skill when implementing clinical decision support in Health Cloud: creating ClinicalAlert records via Apex or Flow, ingesting CareGap records from external clinical rules engines, displaying CDS alerts in FlexCard UIs, and integrating the Business Rules Engine for custom protocol checks. NOT for care plan lifecycle Apex hooks — use apex/health-cloud-apex-extensions. NOT for FHIR ingestion — use apex/fhir-integration-patterns.",1.0.0,Spring '25+,false,5,2,Reliability;Operational Excellence;Security,skills/apex/clinical-decision-support/SKILL.md,3b532bb373c45eae8335d5f7a0128f8367a5a5ab609896dc7ffd9fbace4fb77d,retain-knowledge-substrate,false,progressive-on-demand,Do not flatten into always-on host context; preserve package and evaluate through product context packs.
apex/commerce-extension-points,apex,commerce-extension-points,"Use this skill when extending Salesforce B2B/B2C Commerce Cloud behavior through Apex: building custom cart calculators, implementing pricing hooks, integrating inventory checks, or registering custom checkout extensions via the CartExtension Apex namespace and RegisteredExternalService metadata. NOT for standard LWC Commerce components, declarative store configuration, or Experience Builder page layouts — use admin/commerce-checkout-configuration for those.",1.0.0,Spring '25+,false,5,0,Reliability;Performance;Security,skills/apex/commerce-extension-points/SKILL.md,7b68cd0de9cf1d63dc8354a2e579cb4a4dbfd7b8e4e265dc53691ba300d3e5e6,retain-knowledge-substrate,false,progressive-on-demand,Do not flatten into always-on host context; preserve package and evaluate through product context packs.
apex/commerce-order-api,apex,commerce-order-api,"Use this skill when building or debugging headless B2C Commerce storefront order submission using the Salesforce Commerce API (SCAPI) ShopAPI Orders endpoint or the legacy OCAPI /orders resource — order creation, SLAS authentication for shopper order access, order amendment, order status retrieval, and order-event notifications and webhooks. NOT for OrderSummary, FulfillmentOrder, or other OMS Connect API work — use admin/commerce-order-management. NOT for shopper login, basket, or checkout calls — use apex/headless-commerce-api.",1.0.0,Spring '25+,false,6,0,Security;Reliability;Performance,skills/apex/commerce-order-api/SKILL.md,c1b26a52ef469a4ba4b81463ea3020394f331b24f70e9c93c642c1482f61d4e1,retain-knowledge-substrate,false,progressive-on-demand,Do not flatten into always-on host context; preserve package and evaluate through product context packs.
apex/commerce-payment-integration,apex,commerce-payment-integration,"Use this skill when building or debugging a custom Salesforce Commerce payment gateway adapter using the CommercePayments Apex namespace — covering adapter implementation, RequestType handling, PCI tokenization patterns, and integration path selection. NOT for Salesforce Billing invoices and the blng namespace — use apex/billing-integration-apex. NOT for the legacy sfdc_checkout.CartPaymentAuthorize interface — use admin/commerce-checkout-configuration.",1.0.0,Spring '25+,false,5,1,Security;Reliability;Operational Excellence,skills/apex/commerce-payment-integration/SKILL.md,c53ec8b1ee614be5037641479ca1ced4e29d6063835199a0139cafe1d6a04ca3,retain-knowledge-substrate,false,progressive-on-demand,Do not flatten into always-on host context; preserve package and evaluate through product context packs.
apex/commerce-search-customization,apex,commerce-search-customization,"Use this skill to configure and tune search in B2B Commerce or D2C Commerce storefronts: searchable attributes, facetable attributes, sort rules, search index rebuilds, Einstein product recommendations, and BuyerGroup entitlement visibility. Trigger keywords: commerce search ranking, faceted navigation commerce, search index rebuild, Einstein recommendations storefront, product not appearing in search. NOT for catalog taxonomy and attribute strategy — use admin/commerce-catalog-strategy. NOT for Einstein Search in Lightning Experience — use agentforce/einstein-search-personalization.",1.0.0,Spring '25+,false,5,0,Performance;Security;Reliability,skills/apex/commerce-search-customization/SKILL.md,03c8ef520508e5e2571691d1eec35af73fa6fe22555fffb588e3f4f5012944e4,retain-knowledge-substrate,false,progressive-on-demand,Do not flatten into always-on host context; preserve package and evaluate through product context packs.
apex/common-apex-runtime-errors,apex,common-apex-runtime-errors,"Diagnosing and resolving common Apex runtime exceptions: NullPointerException, QueryException, DmlException, ListException, LimitException, TypeException. Use when debugging Apex runtime failures or writing defensive code. NOT for structuring try/catch — use apex/exception-handling. NOT for a cross-cutting error framework — use apex/error-handling-framework. NOT for governor-limit prevention — use apex/governor-limits.",1.1.0,Spring '25+,false,8,0,Reliability;Operational Excellence,skills/apex/common-apex-runtime-errors/SKILL.md,f9d38918f053fa754c81d4990afb06a3c55135f0ed6608263af3018e61234144,retain-knowledge-substrate,false,progressive-on-demand,Do not flatten into always-on host context; preserve package and evaluate through product context packs.
apex/continuation-callouts,apex,continuation-callouts,"Use when making long-running HTTP callouts from Visualforce or LWC that exceed the synchronous callout timeout limit, using the Apex Continuation class for async callout execution. NOT for ordinary synchronous callouts and Named Credential setup — use apex/callouts-and-http-integrations. NOT for choosing between @future, Queueable, and Continuation — use integration/callout-limits-and-async-patterns.",1.0.0,Spring '25+,false,6,0,Reliability;Scalability,skills/apex/continuation-callouts/SKILL.md,5123d541b63407e87483d9c539f56ae0986d7aa0d34ab6b947f791f4ce29e4c0,retain-knowledge-substrate,false,progressive-on-demand,Do not flatten into always-on host context; preserve package and evaluate through product context packs.
apex/cpq-apex-plugins,apex,cpq-apex-plugins,"Implementing Salesforce CPQ plugin interfaces in Apex or JavaScript (JS QCP) to customize quote calculation, product search, order creation, contracting, or configuration screens. Trigger keywords: SBQQ plugin, QuoteCalculatorPlugin, ProductSearchPlugin, OrderPlugin, ContractingPlugin, ConfigurationInitializerPlugin, SBQQ__CustomScript__c, JS QCP, calculate callback, CPQ plugin registration. NOT for driving CPQ yourself via SBQQ.ServiceRouter — use apex/cpq-api-and-automation. NOT for declarative price rules and discount schedules — use admin/cpq-pricing-rules; for product rules and bundle options — use admin/cpq-product-catalog-setup.",1.0.0,Spring '25+,false,7,0,Performance;Reliability;Operational Excellence,skills/apex/cpq-apex-plugins/SKILL.md,669f897374d1ddbad70959cacd9f349994e7a72050f3cb9d56ad6112ca621e75,retain-knowledge-substrate,false,progressive-on-demand,Do not flatten into always-on host context; preserve package and evaluate through product context packs.
apex/cpq-api-and-automation,apex,cpq-api-and-automation,"Use when programmatically driving Salesforce CPQ operations from Apex or REST — creating quotes, adding products, calculating pricing, saving quotes, amending contracts, or renewing contracts through the SBQQ.ServiceRouter API. Trigger keywords: CPQ API, SBQQ.ServiceRouter, QuoteCalculator, QuoteReader, QuoteSaver, QuoteProductAdder, ProductLoader, ContractAmender, ContractRenewer, programmatic quote, calculate callback, CPQ REST API. NOT for CPQ plugin interfaces — use apex/cpq-apex-plugins. NOT for testing CPQ from Apex — use apex/cpq-test-automation.",1.0.0,Spring '25+,false,7,0,Performance;Reliability;Operational Excellence,skills/apex/cpq-api-and-automation/SKILL.md,f384b69c17c8ef195e7eec3d6164355193c6191db28cba4864572f99a49bedda,retain-knowledge-substrate,false,progressive-on-demand,Do not flatten into always-on host context; preserve package and evaluate through product context packs.
apex/cpq-custom-actions,apex,cpq-custom-actions,"Use when adding, configuring, or troubleshooting custom action buttons in the Salesforce CPQ Quote Line Editor (QLE), product configurator, or amendment/renewal screens. Trigger keywords: CPQ custom action, QLE button, SBQQ__CustomAction__c, CPQ Flow button, CPQ URL action. NOT for code CPQ itself calls during calculation or contracting — use apex/cpq-apex-plugins. NOT for standard quick actions on non-CPQ objects — use admin/global-actions-and-quick-actions.",1.0.0,Spring '25+,false,5,0,Operational Excellence;Security;Reliability,skills/apex/cpq-custom-actions/SKILL.md,574bd841671b871dc32af70a4ed56a226c87611d5d4e40f2e4ffc5596a7fc38a,retain-knowledge-substrate,false,progressive-on-demand,Do not flatten into always-on host context; preserve package and evaluate through product context packs.
apex/cpq-test-automation,apex,cpq-test-automation,"Use when writing, reviewing, or debugging test classes for Salesforce CPQ (Steelbrick) functionality — quote creation, price rules, contracting, ordering, and CPQ API integration. Trigger keywords: CPQ test class, SBQQ test, quote calculation test, price rule test, CPQ Apex test, ServiceRouter test, QuoteCalculator test. NOT for production CPQ API code — use apex/cpq-api-and-automation. NOT for general Apex test design — use apex/test-class-standards.",1.0.0,Spring '25+,false,5,0,Reliability;Operational Excellence,skills/apex/cpq-test-automation/SKILL.md,f8351888dab80c4882f95d5f68075a5a2b9b1c5bbfe5ad8487086d483d76d777,retain-knowledge-substrate,false,progressive-on-demand,Do not flatten into always-on host context; preserve package and evaluate through product context packs.
apex/cross-object-formula-and-rollup-performance,apex,cross-object-formula-and-rollup-performance,"Use when diagnosing or preventing performance problems caused by cross-object formula spanning relationships and roll-up summary field recalculations — especially in LDV orgs. Triggers: 'roll-up summary timing stale in trigger', 'Maximum 15 object references error', 'rollup recalculation timeout on large child set'. NOT for formula syntax authoring (use admin/formula-fields), formula compile-size limits (use apex/formula-field-performance-and-limits), or general governor-limit troubleshooting.",1.0.0,Spring '25+,false,6,0,Performance;Scalability;Reliability,skills/apex/cross-object-formula-and-rollup-performance/SKILL.md,47c5e2fd2fac41c29fe82b114f5ccf86ee92d06b24ee8c78923ff8c21cf89bf2,retain-knowledge-substrate,false,progressive-on-demand,Do not flatten into always-on host context; preserve package and evaluate through product context packs.
apex/cti-adapter-development,apex,cti-adapter-development,"Use when building or debugging a browser-based CTI softphone adapter using the Salesforce Open CTI JavaScript API — covers callcenter.xml definition, Lightning utility item registration, core API methods (enableClickToDial, onClickToDial, screenPop, setSoftphonePanelHeight, saveLog), call logging as Task, and the lightning-click-to-dial LWC component. NOT for Service Cloud Voice / Amazon Connect setup — use admin/service-cloud-voice-setup. NOT for Omni-Channel routing — use admin/omni-channel-routing-setup.",1.0.0,Spring '25+,false,5,0,Security;Reliability;Operational Excellence,skills/apex/cti-adapter-development/SKILL.md,2177943388c769aa70b1004009687ea9f3598ffd8e39e21f13708b4827f1ab37,retain-knowledge-substrate,false,progressive-on-demand,Do not flatten into always-on host context; preserve package and evaluate through product context packs.
apex/custom-iterators-and-iterables,apex,custom-iterators-and-iterables,"Use this skill when implementing the Iterable<T> or Iterator<T> interfaces in Apex to create custom traversal logic, build lazy-evaluation data sources for Batch Apex, or stream large result sets without materializing an entire List. Trigger keywords: custom iterator, Iterable interface, Iterator interface, batch start iterable, lazy evaluation apex, streaming apex query, paginated batch. NOT for standard list iteration (use for-each on List directly). NOT for Batch Apex fundamentals — use apex/batch-apex-patterns. NOT for Map/List bulkification in triggers or services — use apex/apex-collections-patterns.",1.0.0,Spring '25+,false,5,1,Performance;Reliability;Operational Excellence,skills/apex/custom-iterators-and-iterables/SKILL.md,e7ea5e19ac8df87fe5eea480831974a9b4bd79d14b9786eda83dd0847623c0f9,retain-knowledge-substrate,false,progressive-on-demand,Do not flatten into always-on host context; preserve package and evaluate through product context packs.
apex/custom-logging-and-monitoring,apex,custom-logging-and-monitoring,"Use when designing or implementing a custom logging framework in Apex: log sObject schema, log level gating, retention policies, batch purge jobs, and forwarding logs to external monitoring systems (Splunk, Datadog, etc.). NOT for System.debug vs durable logging — use apex/debug-and-logging. NOT for exception capture — use apex/error-handling-framework.",1.0.0,Spring '25+,false,5,0,Operational Excellence;Reliability,skills/apex/custom-logging-and-monitoring/SKILL.md,01f5a392661ef57c36f0234fd5f54c10690155123b4bb6cad3b3ed9bd8fa7011,retain-knowledge-substrate,false,progressive-on-demand,Do not flatten into always-on host context; preserve package and evaluate through product context packs.
apex/custom-metadata-in-apex,apex,custom-metadata-in-apex,"Use when Apex must read, interpret, or deploy Custom Metadata Type configuration, or when deciding between Custom Metadata Types, Custom Settings, and Custom Labels. Triggers: 'Custom Metadata Type', '__mdt', 'getInstance', 'Apex Metadata API', 'protected custom metadata'. NOT for the Setup-side CMT vs Custom Settings choice — use admin/custom-metadata-types-and-settings. NOT for Hierarchy Custom Settings — use apex/apex-custom-settings-hierarchy. More trigger keywords: getAll, Metadata.Operations.enqueueDeployment, Metadata.DeployCallback, Metadata.CustomMetadataValue, DeployStatus SucceededPartial, __mdt truncated at 255 characters, TestVisible injection for __mdt, customMetadata folder, md-meta.xml, fieldManageability.",1.1.0,Spring '25+,false,14,0,Reliability;Operational Excellence,skills/apex/custom-metadata-in-apex/SKILL.md,85678e7f947897379596d78844a8caef593f7c41dbdf84e5b57703f6c1b8c020,retain-knowledge-substrate,false,progressive-on-demand,Do not flatten into always-on host context; preserve package and evaluate through product context packs.
apex/debug-and-logging,apex,debug-and-logging,"Use when diagnosing Apex behavior with debug logs, choosing log levels, or replacing `System.debug` habits with structured production logging and async job monitoring. Triggers: 'debug log', 'System.debug', 'logging framework', 'AsyncApexJob monitoring', 'production logs', 'log truncated', 'publish immediately', 'correlation id', 'Limits snapshot', 'log lost on rollback', 'Test.getEventBus().deliver()'. NOT for trace flag setup, reading a log, or the Developer Console — use apex/debug-logs-and-developer-console. NOT for building a custom Log__c framework — use apex/custom-logging-and-monitoring.",1.1.0,Spring '25+,false,17,0,Operational Excellence;Reliability,skills/apex/debug-and-logging/SKILL.md,2325d1e4a0439c0928dba3c86ad4c047449c3c7075a99d06688b94fd1a89d9ea,retain-knowledge-substrate,false,progressive-on-demand,Do not flatten into always-on host context; preserve package and evaluate through product context packs.
apex/debug-logs-and-developer-console,apex,debug-logs-and-developer-console,"Use when setting up debug logs and trace flags, reading Apex log output and log levels, running queries in the Developer Console, executing anonymous Apex, or using the Apex Replay Debugger in VS Code. Triggers: 'set up debug log', 'Developer Console', 'anonymous Apex', 'trace flag', 'Apex Replay Debugger'. NOT for production logging strategy or custom structured logging frameworks — use apex/debug-and-logging. NOT for writing test classes — use apex/test-class-standards.",1.0.0,Spring '25+,false,7,0,Operational Excellence,skills/apex/debug-logs-and-developer-console/SKILL.md,1799fa63f3c59ae4bdde0aed230e5117c445ed50ee2d219f42e9a640ef5ae182,retain-knowledge-substrate,false,progressive-on-demand,Do not flatten into always-on host context; preserve package and evaluate through product context packs.
apex/dynamic-apex,apex,dynamic-apex,"Use when building or reviewing code that constructs SOQL/SOSL at runtime, inspects schema metadata via Schema.describe methods, accesses fields dynamically on sObjects, or performs runtime type inspection. Triggers: 'Database.query', 'Schema.getGlobalDescribe', 'Schema.describeSObjects', 'dynamic field access', 'SObjectType', 'DescribeFieldResult'. NOT for static SOQL queries — use apex/soql-fundamentals. NOT for query performance tuning — use data/soql-query-optimization.",1.0.0,Spring '25+,false,5,0,Security;Scalability,skills/apex/dynamic-apex/SKILL.md,d0b41e7a70a63087cc92a94827beef34f8f5d23e02e9bb05a71ac5c18b55f7e1,retain-knowledge-substrate,false,progressive-on-demand,Do not flatten into always-on host context; preserve package and evaluate through product context packs.
apex/einstein-activity-capture-api,apex,einstein-activity-capture-api,"Use when querying Einstein Activity Capture (EAC) activity metrics, accessing synced email and event data via Apex, reporting on captured activities, or understanding EAC's read-only API surface and SOQL limits. Triggers: 'ActivityMetric SOQL', 'EAC data not in reports', 'UnifiedActivity query', 'query synced emails from EAC', 'activity capture SOQL returns no rows'. NOT for email template design or email deliverability configuration. NOT for enabling, configuring, or troubleshooting EAC in Setup — use admin/einstein-activity-capture-setup.",1.0.0,Spring '25+ (legacy reporting retires Spring '27),false,5,0,Security;Reliability,skills/apex/einstein-activity-capture-api/SKILL.md,fcf130523dc9e27aea2f24bf999593e60e77f0150784acf903b206bba1c8fd18,retain-knowledge-substrate,false,progressive-on-demand,Do not flatten into always-on host context; preserve package and evaluate through product context packs.
apex/entitlement-apex-hooks,apex,entitlement-apex-hooks,"Apex triggers and classes that read or write CaseMilestone records: completing milestones, detecting violations, reacting to SLA state changes. Trigger keywords: CaseMilestone trigger, auto-complete milestone Apex, milestone violation polling, CompletionDate write pattern. NOT for entitlement auto-association or assignment rules in a Case trigger — use apex/case-trigger-patterns. NOT for entitlement process and milestone setup in Setup — use admin/entitlements-and-milestones.",1.1.3,Spring '25+,false,11,0,Reliability;Performance;Operational Excellence,skills/apex/entitlement-apex-hooks/SKILL.md,b167d0a07cd8576598e402615eb626a99dc8c02572c747b13b454cc224ac1887,retain-knowledge-substrate,false,progressive-on-demand,Do not flatten into always-on host context; preserve package and evaluate through product context packs.
apex/error-handling-framework,apex,error-handling-framework,"Use when designing a cross-cutting Apex error handling framework: custom exception hierarchies, centralized rollback-safe logging via Platform Events, BatchApexErrorEvent processing, correlation ID threading across async, Error_Log__c design, AuraHandledException boundary. NOT for a single try/catch or DmlException question — use apex/exception-handling. NOT for dead-letter, circuit-breaker and event-replay design in an integration — use integration/error-handling-in-integrations.",1.1.1,Spring '25+,false,7,0,Reliability;Operational Excellence,skills/apex/error-handling-framework/SKILL.md,7139773490d2f2e5f46da56012cc113fa01a632822801aa6750f18ef99b6f996,retain-knowledge-substrate,false,progressive-on-demand,Do not flatten into always-on host context; preserve package and evaluate through product context packs.
apex/exception-handling,apex,exception-handling,"Use when writing, reviewing, or debugging Apex exception handling, DmlException behavior, custom exception hierarchies, or user-safe error messages. Triggers: 'DmlException', 'swallowed exception', 'AuraHandledException', 'trigger rollback', 'try catch'. NOT for a specific runtime error — use apex/common-apex-runtime-errors. Also: 'LimitException', 'getDmlIndex', 'SaveResult', 'Savepoint rollback callout', 'Assert.fail', 'finalizer getException', 'Apex exception email'. NOT for a cross-cutting error framework — use apex/error-handling-framework.",1.1.0,Spring '25+,false,18,0,Reliability;Operational Excellence,skills/apex/exception-handling/SKILL.md,c764b3a1046b8130354fd03f87d95fa9336b2eb245b8fd2e9be6c2f2bc29d8f8,retain-knowledge-substrate,false,progressive-on-demand,Do not flatten into always-on host context; preserve package and evaluate through product context packs.
apex/feature-flags-and-kill-switches,apex,feature-flags-and-kill-switches,"Use when implementing runtime feature toggles, emergency kill switches, or gradual rollout controls in Apex using Custom Metadata Types, Custom Permissions, or Hierarchical Custom Settings. NOT for disabling a trigger during a data load — use apex/apex-trigger-bypass-and-killswitch-patterns. NOT for CMDT basics — use admin/custom-metadata-types.",1.0.0,Spring '25+,false,4,0,Security;Reliability;Operational Excellence,skills/apex/feature-flags-and-kill-switches/SKILL.md,c94be35806f1217ee8fbfc58516168c5a6672f26129cfafe4f6ca78139985a45,retain-knowledge-substrate,false,progressive-on-demand,Do not flatten into always-on host context; preserve package and evaluate through product context packs.
apex/fflib-enterprise-patterns,apex,fflib-enterprise-patterns,"Use when adopting or working with the fflib (Apex Enterprise Patterns) open-source library — UnitOfWork, SObjectDomain, SObjectSelector, and Service layer classes — in a Salesforce Apex codebase. Triggers: 'fflib', 'UnitOfWork', 'SObjectDomain', 'enterprise patterns apex'. NOT for Apex layering without the fflib library — use apex/apex-design-patterns. NOT for splitting a class with this repo's lightweight base classes — use apex/apex-class-decomposition-pattern.",1.0.1,Spring '25+,false,5,1,Scalability;Reliability;Operational Excellence,skills/apex/fflib-enterprise-patterns/SKILL.md,db0ecd7d143a7395672018116aabce6a9f15dee28b9086b4f1b975cb554c6b0b,retain-knowledge-substrate,false,progressive-on-demand,Do not flatten into always-on host context; preserve package and evaluate through product context packs.
apex/fhir-integration-patterns,apex,fhir-integration-patterns,"Use this skill when implementing FHIR R4 integration for Health Cloud in code: inbound and outbound FHIR REST API patterns, CDS Hooks via MuleSoft middleware, SMART on FHIR setup, and HL7 v2 to FHIR R4 conversion. NOT for mapping a FHIR resource to Health Cloud objects field by field — use data/fhir-data-mapping. NOT for choosing the EHR sync topology or MuleSoft Accelerator design — use architect/fhir-integration-architecture.",1.0.0,Spring '25+,false,5,2,Security;Reliability;Performance,skills/apex/fhir-integration-patterns/SKILL.md,26aa8c60da4ae376126b94fa16d09c2c41f69bd2a9bfe94c836a5f0a8fc2d30e,retain-knowledge-substrate,false,progressive-on-demand,Do not flatten into always-on host context; preserve package and evaluate through product context packs.
apex/field-level-security-in-async-contexts,apex,field-level-security-in-async-contexts,"Use when async Apex (Queueable, Batch, Schedulable, @future) needs to honor the originating user's field-level security but the job runs in a different security context than the user who initiated it. Triggers: 'fls bypassed in batch apex', 'queueable runs as wrong user', 'stripInaccessible in async returns full record', 'WITH USER_MODE evaluating against system user', 'scheduled apex sees fields the original user could not'. NOT for synchronous FLS enforcement — use apex/apex-stripinaccessible-and-fls-enforcement. NOT for the with/without sharing keyword decision — use apex/apex-with-without-sharing-decision.",1.0.1,Spring '25+,false,5,0,Security;Reliability,skills/apex/field-level-security-in-async-contexts/SKILL.md,1dac490990f2ed6d0207391b57d36fada1236534c38e3c9c5c70df907156d182,retain-knowledge-substrate,false,progressive-on-demand,Do not flatten into always-on host context; preserve package and evaluate through product context packs.
apex/formula-field-performance-and-limits,apex,formula-field-performance-and-limits,"Use when diagnosing SOQL performance problems caused by formula fields, hitting formula compile-size limits, or deciding whether to replace a formula field with a stored field for indexing. Triggers: 'formula field slowing SOQL', 'compile size limit', 'cross-object formula spanning limit', 'formula field not indexable', 'LDV query full table scan', 'SOQL WHERE on formula'. NOT for formula syntax help, building formula expressions, or authoring new formulas from scratch — use admin/formula-fields for that.",1.0.0,Spring '25+,false,5,0,Performance;Scalability;Reliability,skills/apex/formula-field-performance-and-limits/SKILL.md,5efe2b9bd8c5c7d57f33c86b44790d5ae6c0c4e5887db407bcc3474c178f9295,retain-knowledge-substrate,false,progressive-on-demand,Do not flatten into always-on host context; preserve package and evaluate through product context packs.
apex/fsc-apex-extensions,apex,fsc-apex-extensions,"Use this skill when extending Financial Services Cloud (FSC) behavior through Apex: customizing financial rollup recalculation, disabling built-in FSC triggers to write custom trigger logic, implementing Compliant Data Sharing (CDS) participant/role integrations, or building custom FSC action handlers. NOT for standard Apex unrelated to the FSC managed package, standard Salesforce sharing rules, or configuring FSC rollups through the Admin UI — use the admin/financial-account-setup skill for declarative rollup setup.",1.0.0,Spring '25+,false,5,0,Security;Reliability;Performance,skills/apex/fsc-apex-extensions/SKILL.md,db9785d09118a07f37029b5f44812effbdc2b6ae55ef8723998167b5505e77d8,retain-knowledge-substrate,false,progressive-on-demand,Do not flatten into always-on host context; preserve package and evaluate through product context packs.
apex/fsc-compliant-sharing-api,apex,fsc-compliant-sharing-api,"Programmatic record access in Financial Services Cloud using Compliant Data Sharing (CDS): inserting AccountParticipant/OpportunityParticipant records, working with ParticipantRole and ParticipantGroup objects, verifying sharing coverage, and CDS recalculation behavior. NOT for enabling CDS in Setup, OWDs, or Participant Role setup — use admin/compliant-data-sharing-setup. NOT for standard Apex managed sharing on non-FSC objects — use apex/apex-managed-sharing.",1.0.0,Spring '25+,false,6,0,Security;Reliability,skills/apex/fsc-compliant-sharing-api/SKILL.md,097d1b7b44f0ea7894732c67511141338062e5015a990ca3477e2eeb02edc584,retain-knowledge-substrate,false,progressive-on-demand,Do not flatten into always-on host context; preserve package and evaluate through product context packs.
apex/fsc-document-generation,apex,fsc-document-generation,"Use this skill when designing or implementing FSC compliance document generation workflows — FINRA disclosure packets, account statements, consent records, and regulatory delivery confirmations using OmniStudio DocGen with FSC data models. Trigger keywords: OmniStudio DocGen FSC, disclosure document generation, account statement PDF, AuthorizationForm document, FINRA disclosure workflow, compliance document batch, DataRaptor document template, DocGen permission set license. NOT for general OmniStudio DocGen mechanics — use omnistudio/document-generation-omnistudio. NOT for KYC/AML data collection setup — use admin/compliance-documentation-requirements.",1.0.0,Spring '25+,false,6,1,Security;Reliability;Operational Excellence,skills/apex/fsc-document-generation/SKILL.md,529ce4f67a8f2c8ad6cf413c4889fea24aeec96dc41ac729f1f35a3f7f52268f,retain-knowledge-substrate,false,progressive-on-demand,Do not flatten into always-on host context; preserve package and evaluate through product context packs.
apex/fsc-financial-calculations,apex,fsc-financial-calculations,"Custom financial calculation logic in Financial Services Cloud — portfolio performance metrics (IRR, TWR), wealth rollup recalculation after bulk loads, custom Apex aggregation for objects outside native FSC rollup scope, Data Processing Engine writeback. NOT for disabling FSC's built-in triggers, Compliant Data Sharing, or FSC action handlers — use apex/fsc-apex-extensions. NOT for declarative rollup and Rollup-by-Lookup setup in the FSC admin UI — use admin/financial-account-setup.",1.0.0,Spring '25+,false,5,1,Reliability;Performance;Security,skills/apex/fsc-financial-calculations/SKILL.md,b6790999cdaaba201216e4141875d1eb59bcda970ac9568854e5fd7200bf8c0a,retain-knowledge-substrate,false,progressive-on-demand,Do not flatten into always-on host context; preserve package and evaluate through product context packs.
apex/fsc-integration-patterns-dev,apex,fsc-integration-patterns-dev,"Use this skill when designing or implementing FSC-specific integration: core banking data sync, custodian feeds (Schwab/Fidelity), market data pipelines, or payment processing wired to FSC Financial objects. Triggers: syncing FinancialAccount or FinancialHolding records from a core banking system, integrating a custodian data feed into FSC Wealth Management, market data prices updating CurrentValue on FinancialHolding, payment transactions flowing into FSC from an external ledger. NOT for a one-time bulk load of FSC records — use data/financial-account-migration. NOT for IRR, TWR or rollup recalculation — use apex/fsc-financial-calculations.",1.0.0,Spring '25+,false,5,0,Reliability;Performance;Security,skills/apex/fsc-integration-patterns-dev/SKILL.md,4967b633c3ddeffeca5d4e60882ed86f9b1b10708c8e9da589b2a530273d36a9,retain-knowledge-substrate,false,progressive-on-demand,Do not flatten into always-on host context; preserve package and evaluate through product context packs.
apex/fsl-apex-extensions,apex,fsl-apex-extensions,"Use when writing Apex that calls Field Service Lightning scheduling APIs — AppointmentBookingService, ScheduleService, GradeSlotsService, or OAAS — to book, schedule, grade, or optimize service appointments programmatically. Trigger keywords: FSL Apex namespace, GetSlots, schedule service appointment via code, appointment booking API, FSL optimization API. NOT for scheduling policy or work rule config — use admin/fsl-scheduling-policies. NOT for optimization-mode and territory-sizing design — use architect/fsl-optimization-architecture.",1.0.0,Spring '25+,false,6,3,Reliability;Performance;Security,skills/apex/fsl-apex-extensions/SKILL.md,dfecb2ca2cc3f820053e52ed7f4bb15131aaffa65de886dd4ce112a6d7147886,retain-knowledge-substrate,false,progressive-on-demand,Do not flatten into always-on host context; preserve package and evaluate through product context packs.
apex/fsl-custom-actions-mobile,apex,fsl-custom-actions-mobile,"Use this skill when building custom LWC actions for the FSL Mobile app: barcode scanning, GPS capture, photo/signature capture, or custom guided workflows on mobile. Trigger keywords: FSL Mobile custom action, lightning__GlobalAction FSL, barcode scanner LWC, mobileCapabilities, Nimbus plugin, FSL lightning SDK. NOT for offline priming, deep links or the legacy HTML5 toolkit — use apex/fsl-mobile-app-extensions. NOT for LWC in the standard Salesforce mobile app — use lwc/lwc-offline-and-mobile.",1.0.0,Spring '25+,false,5,0,Performance;Security;Reliability,skills/apex/fsl-custom-actions-mobile/SKILL.md,ecc5cb8f36e51ee5b4ad5797cdc9631e7f503a66246b08f1a0f16921a3167b21,retain-knowledge-substrate,false,progressive-on-demand,Do not flatten into always-on host context; preserve package and evaluate through product context packs.
apex/fsl-mobile-app-extensions,apex,fsl-mobile-app-extensions,"Use when building custom LWC Quick Actions, Global Actions, deep links, or offline data extensions for the Salesforce Field Service (FSL) native mobile app. Trigger keywords: FSL mobile extension, LWC action FSL, field service deep link, offline custom action, FSL mobile toolkit. NOT for barcode, GPS, or camera capture — use apex/fsl-custom-actions-mobile. NOT for enabling the app, Mobile Settings, or branding — use admin/fsl-mobile-app-setup.",1.0.0,Spring '25+,false,3,0,Security;Reliability;Performance,skills/apex/fsl-mobile-app-extensions/SKILL.md,bb46695f5915dcfbb00e5e315351a38c7405682780c6c5a1b30a4330f67ade26,retain-knowledge-substrate,false,progressive-on-demand,Do not flatten into always-on host context; preserve package and evaluate through product context packs.
apex/fsl-scheduling-api,apex,fsl-scheduling-api,"Use this skill when implementing Apex code that calls the FSL scheduling Apex API: GetSlots, schedule(), GradeSlotsService, or OAAS optimization classes. Trigger keywords: AppointmentBookingService, ScheduleService.schedule, GetSlots, GradeSlotsService, OAAS, bulk scheduling, FSL optimization callout. NOT for scheduling policy config — use admin/fsl-scheduling-policies. NOT for optimization-mode and territory design — use architect/fsl-optimization-architecture.",1.0.0,Spring '25+,false,5,1,Performance;Reliability;Security,skills/apex/fsl-scheduling-api/SKILL.md,b6435259692b9bc6e25a1bfe15df104486af4b192759f6d1e8ef1d0deb309709,retain-knowledge-substrate,false,progressive-on-demand,Do not flatten into always-on host context; preserve package and evaluate through product context packs.
apex/fsl-service-report-templates,apex,fsl-service-report-templates,"Use this skill when designing, generating, or troubleshooting Field Service service report templates — covers the createServiceReport REST action (API v40.0+), ServiceReportLayout configuration, DigitalSignature capture, Document Builder (Winter '25+) with conditional logic via Flow, and PDF storage as ContentDocument/ContentVersion. NOT for Quote PDF templates — use apex/quote-pdf-customization. NOT for Visualforce PDF generation — use apex/pdf-generation-patterns.",1.0.0,Spring '25+,false,5,1,Security;Reliability;Operational Excellence,skills/apex/fsl-service-report-templates/SKILL.md,4e2c7e21a2185ede2f87f493c2232999c73976bf6345b56ac76b3b0c98a95091,retain-knowledge-substrate,false,progressive-on-demand,Do not flatten into always-on host context; preserve package and evaluate through product context packs.
apex/governor-limit-recovery-patterns,apex,governor-limit-recovery-patterns,"Recovering from and preventing Apex governor limit errors: proactive Limits class checkpoints, savepoint-based partial recovery, BatchApexErrorEvent scope recovery, CPU timeout analysis, limit-safe coding patterns. Use when diagnosing LimitException failures or designing limit-safe Apex. NOT for org-level capacity planning — use architect/limits-and-scalability-planning. NOT for bulkification patterns — use apex/governor-limits.",1.0.0,Spring '25+,false,5,1,Reliability;Performance,skills/apex/governor-limit-recovery-patterns/SKILL.md,a87a09598d513a762b6a104370c19ac3a15832a9df810f19edd2f175e80a7681,retain-knowledge-substrate,false,progressive-on-demand,Do not flatten into always-on host context; preserve package and evaluate through product context packs.
apex/governor-limits,apex,governor-limits,"Use when writing, reviewing, or troubleshooting Apex that risks hitting Salesforce governor limits. Triggers: 'too many SOQL queries', 'too many DML statements', 'CPU time limit', 'bulkification', 'Queueable vs Batch'. NOT for the 100-callout-per-transaction ceiling — use integration/callout-limits-and-async-patterns. NOT for org-level capacity planning — use architect/limits-and-scalability-planning. NOT for runtime Limits class guard clauses — use apex/apex-limits-monitoring.",1.1.0,Spring '25+,false,10,0,Scalability;Reliability;Performance;Operational Excellence,skills/apex/governor-limits/SKILL.md,5f587be6cac46873be882d3747740ff316149d956bb3516e3e35efedd0335f00,retain-knowledge-substrate,false,progressive-on-demand,Do not flatten into always-on host context; preserve package and evaluate through product context packs.
apex/headless-commerce-api,apex,headless-commerce-api,"Use this skill when building custom headless storefronts that call Salesforce Commerce API (SCAPI) — including Shopper API authentication with SLAS OAuth2 JWT tokens, integrating Commerce SDK React hooks, wiring Shopper Basket/Checkout APIs, and handling SCAPI-specific load-shedding and caching behavior. NOT for order submission or order status — use apex/commerce-order-api. NOT for PWA Kit, Managed Runtime, or latency-budget architecture decisions — use architect/headless-commerce-architecture.",1.0.0,Spring '25+,false,6,0,Security;Performance;Reliability,skills/apex/headless-commerce-api/SKILL.md,98f6d5e1d6b1e5f1ba9bce2aeb9f32d83f4f07bbc8dae9f7693340d2df4fbb33,retain-knowledge-substrate,false,progressive-on-demand,Do not flatten into always-on host context; preserve package and evaluate through product context packs.
apex/health-cloud-apex-extensions,apex,health-cloud-apex-extensions,"Use this skill when extending Health Cloud via Apex: implementing HealthCloudGA managed-package interfaces, automating care plan lifecycle hooks, processing referrals using Industries Common Components invocable actions, or enforcing HIPAA-compliant logging governance for clinical Apex code. Trigger keywords: CarePlanProcessorCallback, HealthCloudGA namespace, ReferralRequest, ReferralResponse, care plan invocable actions, clinical Apex extension, Health Cloud Apex API. NOT for standard Apex triggers or generic Apex development unrelated to Health Cloud managed-package extension points. NOT for creating ClinicalAlert or CareGap decision-support records — use apex/clinical-decision-support. NOT for HealthCloudGA package install order, PSL assignment, or post-deploy setup — use devops/health-cloud-deployment-patterns.",1.0.0,Spring '25+,false,4,2,Security;Performance,skills/apex/health-cloud-apex-extensions/SKILL.md,18ac44507dce9fafe7a42fa5dd44bb944ac51faab94d55fef7f4c34f703d1c0f,retain-knowledge-substrate,false,progressive-on-demand,Do not flatten into always-on host context; preserve package and evaluate through product context packs.
apex/health-cloud-apis,apex,health-cloud-apis,"Use this skill when working with Health Cloud APIs: querying healthcare-specific SObjects (CarePlan, ClinicalEncounter, HealthCondition) via standard SObject API, using the FHIR R4-aligned Healthcare API, handling FHIR bundle limits, and API authentication differences between the two layers. NOT for choosing or enabling the clinical objects — use data/health-cloud-data-model. NOT for EHR integration design, CDS Hooks, or SMART on FHIR — use apex/fhir-integration-patterns.",1.0.0,Spring '25+,false,5,0,Security;Performance,skills/apex/health-cloud-apis/SKILL.md,aa636e7bf3b55f53ca15f5af1852d42fcd9a763fb26a978c5e05f83c84a6b81b,retain-knowledge-substrate,false,progressive-on-demand,Do not flatten into always-on host context; preserve package and evaluate through product context packs.
apex/health-cloud-lwc-components,apex,health-cloud-lwc-components,"Use this skill when building custom LWC components for Health Cloud: extending patient card configurations, building custom timeline components using TimelineObjectDefinition metadata, creating care plan visualizations, and surfacing clinical data via LWC. NOT for configuring Industries Timeline — use admin/health-cloud-timeline. NOT for Health Cloud Apex — use apex/health-cloud-apex-extensions.",1.0.0,Spring '25+,false,5,2,Security;Operational Excellence,skills/apex/health-cloud-lwc-components/SKILL.md,1713d0550aa9ad05ebf5fe0fc5a9bf52a2bcfd8ccdb851e0ea6da890048dd55d,retain-knowledge-substrate,false,progressive-on-demand,Do not flatten into always-on host context; preserve package and evaluate through product context packs.
apex/invocable-methods,apex,invocable-methods,"Use when designing or reviewing Apex actions exposed to Flow or similar orchestration layers via `@InvocableMethod`, especially around wrapper DTOs, bulk-safe list contracts, and error behavior. Triggers: 'InvocableMethod', 'InvocableVariable', 'Flow Apex action', 'bulk-safe invocable', 'Apex action input/output', 'callout=true', 'flowTransactionModel', 'Invocable.Action', 'action returns wrong record', 'output list size'. NOT for wiring the action into Flow Builder — use flow/flow-action-framework. NOT for an Agentforce agent action — use agentforce/custom-agent-actions-apex.",1.1.0,Spring '25+,false,15,0,Scalability;Operational Excellence;Reliability,skills/apex/invocable-methods/SKILL.md,a840ad525538471be4684713f995a1999201f1d7aee3dd0589972628567e8542,retain-knowledge-substrate,false,progressive-on-demand,Do not flatten into always-on host context; preserve package and evaluate through product context packs.
apex/lead-conversion-customization,apex,lead-conversion-customization,"Use when writing Apex to customize lead conversion: controlling which records are created, copying custom field values post-conversion, firing related record logic on convert, or structuring LeadConvert calls. Triggers: 'lead conversion apex', 'Database.LeadConvert', 'custom field mapping conversion', 'convert lead trigger', 'lead convert opportunity', 'LeadConvertResult'. NOT for configuring lead conversion field mapping in Setup UI, managing lead assignment rules, or building web-to-lead forms — use admin/lead-management-and-conversion for those.",1.0.0,Spring '25+,false,6,0,Reliability;Security;Operational Excellence,skills/apex/lead-conversion-customization/SKILL.md,cdb88b210ba00b4195726c272be055e1b14eda11b827cc554e14ee7f221d7e86,retain-knowledge-substrate,false,progressive-on-demand,Do not flatten into always-on host context; preserve package and evaluate through product context packs.
apex/long-running-process-orchestration,apex,long-running-process-orchestration,"Use when designing or reviewing multi-step Apex orchestration that spans multiple transactions, checkpoints state across async boundaries, or recovers from partial failure in a long-running workflow. Trigger keywords: 'multi-step Queueable chain', 'cross-transaction state', 'platform event state machine', 'Finalizer retry', 'orchestrate across transactions', 'workflow progress tracking'. NOT for single-job Queueable design (use apex/apex-queueable-patterns), NOT for Flow Orchestration (use flow/orchestration-flows), NOT for bulk record processing where Batch Apex is the primary tool (use batch-apex-patterns).",1.0.0,Spring '25+,false,5,2,Reliability;Scalability;Operational Excellence,skills/apex/long-running-process-orchestration/SKILL.md,a9026c648c50c3f8ac58807fdc3a1c4595f74fee7855deb9b27bdde321c1a9bb,retain-knowledge-substrate,false,progressive-on-demand,Do not flatten into always-on host context; preserve package and evaluate through product context packs.
apex/marketing-cloud-api,apex,marketing-cloud-api,"Use this skill when integrating Salesforce or external systems with Marketing Cloud Engagement REST or SOAP APIs — OAuth 2.0 authentication, journey injection via /interaction/v1/events, triggered sends, and Data Extension row operations. Trigger keywords: MC API, Marketing Cloud REST, journey injection, triggered send, fire entry event, DE row upsert, dataeventsasync, Installed Package API integration. NOT for Account Engagement (Pardot) APIs — use apex/mcae-pardot-api. NOT for choosing the integration pattern — use architect/marketing-integration-patterns.",1.0.0,Spring '25+,false,7,0,Security;Performance;Reliability,skills/apex/marketing-cloud-api/SKILL.md,76b8c262d05ef318a2105d4bcd17e0b8cb6a8aaac410548409a4957c0f31354d,retain-knowledge-substrate,false,progressive-on-demand,Do not flatten into always-on host context; preserve package and evaluate through product context packs.
apex/marketing-cloud-custom-activities,apex,marketing-cloud-custom-activities,"Use when building, debugging, or architecting a custom activity, custom split activity, or custom entry source for Marketing Cloud Journey Builder. Trigger keywords: custom activity, Postmonger, config.json, Journey Builder execute endpoint, customActivity.js, custom split outcome, installed package app extension, Journey Builder REST API. NOT for Journey Builder canvas setup — use admin/journey-builder-administration. NOT for MC REST/SOAP API calls — use apex/marketing-cloud-api.",1.0.0,Spring '25+,false,7,0,Security;Reliability;Performance,skills/apex/marketing-cloud-custom-activities/SKILL.md,c52284adacb767c6d1412f5ca60e1c833242472254d4ff4c254525da194cb71a,retain-knowledge-substrate,false,progressive-on-demand,Do not flatten into always-on host context; preserve package and evaluate through product context packs.
apex/marketing-cloud-data-views,apex,marketing-cloud-data-views,"Use this skill when identifying, querying, or troubleshooting the built-in system data views in Salesforce Marketing Cloud (_Sent, _Open, _Click, _Bounce, _Subscribers, _Job). Trigger keywords: SFMC system data views, underscore data views, _Subscribers status, _Job metadata, data retention marketing cloud, data view schema, MC engagement reporting SQL. NOT for writing or debugging the Query Activity SQL itself — use data/marketing-cloud-sql-queries. NOT for designing the target Data Extension the query writes into — use data/data-extension-design.",1.0.0,Spring '25+,false,7,0,Performance;Reliability;Operational Excellence,skills/apex/marketing-cloud-data-views/SKILL.md,394287316a62a6d0f943f4741340c2c324280ee485cfd9da04468b3ba82fe825,retain-knowledge-substrate,false,progressive-on-demand,Do not flatten into always-on host context; preserve package and evaluate through product context packs.
apex/mcae-pardot-api,apex,mcae-pardot-api,"Account Engagement (Pardot) REST API v5 from code — creating, reading and querying Prospects, Visitors, Visitor Activities and Form Handlers. Trigger keywords: Pardot API, Account Engagement API, prospect sync, visitor tracking API, form handler integration, MCAE REST API. NOT for connector setup, business unit provisioning or User Sync — use admin/mcae-pardot-setup. NOT for Marketing Cloud Engagement (Email Studio, Journey Builder) APIs — use apex/marketing-cloud-api.",1.0.0,Spring '25+,false,5,1,Security;Performance;Reliability,skills/apex/mcae-pardot-api/SKILL.md,722c6537c1b45a612f561e7aa7640885125fda3e01484fbba0521bc66e8a4e43,retain-knowledge-substrate,false,progressive-on-demand,Do not flatten into always-on host context; preserve package and evaluate through product context packs.
apex/metadata-api-and-package-xml,apex,metadata-api-and-package-xml,"Metadata API concepts, package.xml manifest structure, retrieve and deploy workflows, what metadata types can and cannot be retrieved, deployment order dependencies, and destructiveChanges.xml for deletions. NOT for scripting retrieve/deploy in a CI pipeline — use devops/metadata-api-retrieve-deploy. NOT for sf CLI command syntax or DX source format — use apex/sf-cli-and-sfdx-essentials.",1.0.0,Spring '25+,false,5,0,Operational Excellence;Reliability,skills/apex/metadata-api-and-package-xml/SKILL.md,1b2a3ebd8de96921e5b16312d40860ceddc4d9b05112c8b09e4e2c1c525f4897,retain-knowledge-substrate,false,progressive-on-demand,Do not flatten into always-on host context; preserve package and evaluate through product context packs.
apex/mixed-dml-and-setup-objects,apex,mixed-dml-and-setup-objects,"Use when encountering or preventing MIXED_DML_OPERATION errors caused by DML on setup objects (User, UserRole, PermissionSet, Group, GroupMember) in the same transaction as non-setup objects. Triggers: 'MIXED_DML_OPERATION', 'setup object DML error', 'cannot insert User and Account together', 'System.runAs mixed DML', '@future setup object workaround'. NOT for general async Apex patterns — use apex/async-apex. NOT for test data factory structure — use apex/test-data-factory-patterns.",1.0.0,Spring '25+,false,7,0,Reliability;Security,skills/apex/mixed-dml-and-setup-objects/SKILL.md,b927e37f149c61bb6f57211fee0dad62361f3b6c828817cbf6c87d72931aa2ea,retain-knowledge-substrate,false,progressive-on-demand,Do not flatten into always-on host context; preserve package and evaluate through product context packs.
apex/npsp-api-and-integration,apex,npsp-api-and-integration,"NPSP programmatic integration patterns: BDI gift processing API for bulk gift ingestion, ERD Schedules and Installments API for recurring donation data, and wealth screening integration via AppExchange managed packages. NOT for a one-off historical gift migration through the NPSP Data Importer — use data/gift-history-import. NOT for choosing the payment gateway or wealth-screening architecture — use architect/fundraising-integration-patterns. NOT for Nonprofit Cloud (NPC) native APIs or NPSP PMM.",1.0.0,Spring '25+,false,5,1,Reliability;Security,skills/apex/npsp-api-and-integration/SKILL.md,afe677358036fdc536678fcefb088e0223a26f86d1310ad9588328a357b7a55f,retain-knowledge-substrate,false,progressive-on-demand,Do not flatten into always-on host context; preserve package and evaluate through product context packs.
apex/npsp-custom-rollups,apex,npsp-custom-rollups,"Use this skill when configuring, troubleshooting, or extending NPSP Customizable Rollups (CRLP) — including rollup definitions, filter groups, batch job modes, and the one-way migration from legacy NPSP rollups. Trigger keywords: CRLP, customizable rollups, rollup definition, filter group, rollup batch job, NPSP gift totals, NPSP recalculate rollups. NOT for rolling up across a lookup outside NPSP — use data/roll-up-summary-alternatives. NOT for who gets soft credit on a gift — use admin/soft-credits-and-matching. NOT for standard Salesforce roll-up summary fields, Nonprofit Cloud (NPC) native aggregation, or Rollup Helper third-party solutions.",1.0.0,Spring '25+,false,5,0,Reliability;Operational Excellence;Performance,skills/apex/npsp-custom-rollups/SKILL.md,9aec322d7e3adf85269451df7ab20607d68258c89971199778459882cd6cc938,retain-knowledge-substrate,false,progressive-on-demand,Do not flatten into always-on host context; preserve package and evaluate through product context packs.
apex/npsp-trigger-framework-extension,apex,npsp-trigger-framework-extension,"Use when extending the NPSP Trigger-Driven Trigger Management (TDTM) framework with custom Apex handler classes — covering class authorship, DmlWrapper return patterns, Trigger_Handler__c registration, load order, recursion guards, and test isolation. NOT for trigger-handler framework design outside NPSP — use apex/trigger-framework. NOT for NPSP vs Nonprofit Cloud (NPC) — use architect/npsp-vs-nonprofit-cloud-decision.",1.0.0,Spring '25+,false,6,1,Reliability;Operational Excellence,skills/apex/npsp-trigger-framework-extension/SKILL.md,67710b6b3320713e3dc3ce2811d4cbd2c3190aa6af4cbb5ebfb6995648224c22,retain-knowledge-substrate,false,progressive-on-demand,Do not flatten into always-on host context; preserve package and evaluate through product context packs.
apex/omni-channel-custom-routing,apex,omni-channel-custom-routing,"Use this skill to implement Apex-driven custom routing logic for Omni-Channel work items using PendingServiceRouting and SkillRequirement objects. Trigger keywords: PendingServiceRouting, SkillRequirement, IsReadyForRouting, skills-based routing, custom routing Apex. Also orients you to the declarative alternative (Skill Mapping Sets) and to the Skill assignment join records (SkillUser, SkillProfile, ServiceResourceSkill) so you can choose config-over-code before writing Apex. NOT for Omni-Channel Setup config — use admin/omni-channel-routing-setup. NOT for capacity weights — use architect/omni-channel-capacity-model.",1.1.0,Spring '25+,false,8,0,Reliability;Performance;Operational Excellence,skills/apex/omni-channel-custom-routing/SKILL.md,04759534d08e7059a40ba9b968e744c061fc8b6827bdca7f4bcb23c9da89e9cb,retain-knowledge-substrate,false,progressive-on-demand,Do not flatten into always-on host context; preserve package and evaluate through product context packs.
apex/opportunity-trigger-patterns,apex,opportunity-trigger-patterns,"Use when building or reviewing Apex triggers on the Opportunity object — stage-change detection, amount rollups to Account, OpportunityTeamMember sync, or OpportunitySplit calculations. Trigger keywords: stage change automation, opportunity rollup, team member sync, split percentage, Trigger.oldMap stage comparison. NOT for generic trigger framework structure (use apex/trigger-framework) and NOT for Flow-based opportunity automation (use admin/flow-for-admins).",1.0.0,Spring '25+,false,5,0,Reliability;Performance;Scalability,skills/apex/opportunity-trigger-patterns/SKILL.md,696f3215552ac84cdd23f96dd59520b6a34f59a243f30953f30e7374116cdc2a,retain-knowledge-substrate,false,progressive-on-demand,Do not flatten into always-on host context; preserve package and evaluate through product context packs.
apex/order-of-execution-deep-dive,apex,order-of-execution-deep-dive,"Complete reference for the Salesforce record save order of execution: all 20 steps from DB load through commit, covering trigger placement, validation rule sequencing, Flow execution timing, workflow field update re-fire behavior, and recursion patterns. Use when debugging unexpected automation behavior, designing multi-layer automation, or analyzing trigger vs Flow execution order. NOT for trigger framework design — use apex/trigger-framework. NOT for record-triggered Flow design — use flow/record-triggered-flow-patterns.",1.0.0,Spring '25+,false,6,0,Reliability;Operational Excellence,skills/apex/order-of-execution-deep-dive/SKILL.md,acc54ff8e246d2459bcfb0884d5b21e6e6a1559a2c7c5c787d205cd2707746ed,retain-knowledge-substrate,false,progressive-on-demand,Do not flatten into always-on host context; preserve package and evaluate through product context packs.
apex/pdf-generation-patterns,apex,pdf-generation-patterns,"Generating PDF documents from Salesforce using Visualforce renderAs='pdf', PageReference.getContentAsPDF(), and ContentVersion storage. Covers the Flying Saucer rendering engine constraints, inline CSS requirements, server-side data loading, LWC PDF limitations, and programmatic PDF attachment to records. NOT for Quote PDF template customization (use apex/quote-pdf-customization). NOT for OmniStudio DocGen document generation. NOT for Salesforce Reports exported as PDF.",1.0.0,Spring '25+,false,5,0,Security;Reliability;Performance,skills/apex/pdf-generation-patterns/SKILL.md,9d38bce49957b432f1714cde9fec05a9ea89cc9be03f0092e5eb1c4886cb6b8d,retain-knowledge-substrate,false,progressive-on-demand,Do not flatten into always-on host context; preserve package and evaluate through product context packs.
apex/platform-cache,apex,platform-cache,"Use when designing or reviewing Salesforce Platform Cache usage in Apex, including org cache versus session cache, cache-aside patterns, invalidation, and safe key design. Triggers: 'Platform Cache', 'Cache.Org', 'Cache.Session', 'cache-aside', 'cache invalidation'. NOT for caching user-specific sensitive data, and NOT for durable configuration storage — use apex/custom-metadata-in-apex. NOT for caching inside an OmniStudio Integration Procedure — use omnistudio/integration-procedure-cacheable-patterns.",1.0.0,Spring '25+,false,5,0,Performance;Scalability;Reliability,skills/apex/platform-cache/SKILL.md,c004c6b96935b64e70e69cec868ff94ad80bde1b54127c08761f53fea8606891,retain-knowledge-substrate,false,progressive-on-demand,Do not flatten into always-on host context; preserve package and evaluate through product context packs.
apex/platform-events-apex,apex,platform-events-apex,"Use when publishing or subscribing to Salesforce Platform Events from Apex, comparing Platform Events with Change Data Capture, or designing event-triggered error handling and monitoring. Triggers: 'EventBus.publish', 'platform event trigger', 'CDC vs Platform Events', 'replay ID', 'high-volume event', 'publishBehavior', 'PublishAfterCommit', 'EventBus.RetryableException', 'Test.getEventBus().deliver()', 'EventBusSubscriber', 'PlatformEventSubscriberConfig', 'publish callback'. NOT for external publishers or subscribers — use integration/platform-events-integration. NOT for subscriber batch size and retries — use apex/apex-event-bus-subscriber.",1.1.2,Spring '25+,false,15,0,Scalability;Reliability,skills/apex/platform-events-apex/SKILL.md,c0cbd6c1fb940fd2a83b1264c89624e63eecdcb2841de6bc3a54da298376f7ea,retain-knowledge-substrate,false,progressive-on-demand,Do not flatten into always-on host context; preserve package and evaluate through product context packs.
apex/quote-pdf-customization,apex,quote-pdf-customization,"Customizing Salesforce Quote PDFs using Visualforce: custom VF-based quote templates, dynamic section rendering, multi-language layouts, logo placement via static resources, and programmatic PDF generation with PageReference.getContentAsPDF(). Use when standard declarative quote templates are insufficient or when CPQ/OmniStudio is not licensed. NOT for LWC-based document generation (use omnistudio/document-generation-omnistudio). NOT for OmniStudio DocGen templates. NOT for standard quote template drag-and-drop editor.",1.0.0,Spring '25+,false,5,0,Security;Reliability,skills/apex/quote-pdf-customization/SKILL.md,bda421d4b491dccfee2f830e56ddd87d15387b5c011ee3b62a7d33d1e8a4b2e5,retain-knowledge-substrate,false,progressive-on-demand,Do not flatten into always-on host context; preserve package and evaluate through product context packs.
apex/record-locking-and-contention,apex,record-locking-and-contention,"Use when diagnosing or preventing UNABLE_TO_LOCK_ROW errors, record lock contention in Apex or Bulk API loads, FOR UPDATE locking, parent-child lock escalation, and deadlock scenarios. Triggers: 'UNABLE_TO_LOCK_ROW', 'record lock contention', 'FOR UPDATE SOQL', 'deadlock', 'lock timeout'. NOT for locks from a Flow — use flow/flow-record-locking-and-contention. NOT for approval-process locking — use admin/approval-processes.",1.1.0,Spring '25+,false,10,0,Reliability;Scalability;Performance,skills/apex/record-locking-and-contention/SKILL.md,176255e8ab3e48b81a4a06e1279595524afeede24f807e83a7a7a087b5bce9cc,retain-knowledge-substrate,false,progressive-on-demand,Do not flatten into always-on host context; preserve package and evaluate through product context packs.
apex/recursive-trigger-prevention,apex,recursive-trigger-prevention,"Use when debugging or preventing recursive Apex trigger behavior — self-DML, static guard flaws, Set<Id>-based deduplication, and legitimate re-entry. Triggers: 'trigger recursion', 'static boolean guard', 'recursive update', 'self DML', 'trigger firing multiple times'. NOT for how to structure the trigger handler itself — use apex/trigger-framework. NOT for switching a trigger off for a data load — use apex/apex-trigger-bypass-and-killswitch-patterns. Also: 'maximum trigger depth exceeded', 'stack depth 16', 'hasRun flag', 'processed Id set', 'apex flow loop', 'workflow field update refires trigger', 'guard skipped records over 200'.",1.1.0,Spring '25+,false,16,0,Reliability;Scalability;Operational Excellence,skills/apex/recursive-trigger-prevention/SKILL.md,e5fc79903b953566ad6ced94d36e4b90436b139fc2f947d795d5f71812af23fe,retain-knowledge-substrate,false,progressive-on-demand,Do not flatten into always-on host context; preserve package and evaluate through product context packs.
apex/sales-engagement-api,apex,sales-engagement-api,"Use when enrolling records in Sales Engagement cadences from Apex, logging call outcomes on cadence steps, customizing cadence step actions via Apex, or consuming cadence lifecycle events through Change Data Capture. Triggers: 'enroll lead in cadence', 'assignTargetToSalesCadence', 'ActionCadenceTracker', 'log call result cadence', 'Sales Engagement Apex'. NOT for building or administering cadences, steps, or rep permissions in Setup — use admin/sales-engagement-cadences.",1.0.0,Spring '25+,false,5,0,Reliability;Security;Scalability,skills/apex/sales-engagement-api/SKILL.md,fb6cad98263f7cb7ed67bf1108129174a1285f63e80b223b1e81aad2ed715575,retain-knowledge-substrate,false,progressive-on-demand,Do not flatten into always-on host context; preserve package and evaluate through product context packs.
apex/salesforce-debug-log-analysis,apex,salesforce-debug-log-analysis,"Use when the user has captured Salesforce debug logs and needs forensic analysis of runtime behavior — trigger cascades, flow interviews, LWC/Aura @AuraEnabled calls, batch/queueable/future/scheduled Apex, platform events, CDC, validation/workflow/approvals, callouts, DML failures, governor limit hits, managed-package traces, flip-flop fields, UNABLE_TO_LOCK_ROW, INSUFFICIENT_ACCESS, mixed DML. Triggers: '.log file', 'debug log', 'why is this field changing', 'flow cascade', 'CPU timeout', 'heap exceeded', 'UNABLE_TO_LOCK_ROW', 'INSUFFICIENT_ACCESS', 'replay debugger'. NOT for choosing log levels or designing a logging framework (use apex/debug-and-logging), and NOT for setting up trace flags or Developer Console (use apex/debug-logs-and-developer-console).",1.0.1,Spring '25+,false,15,0,Operational Excellence;Reliability,skills/apex/salesforce-debug-log-analysis/SKILL.md,98f7a4a907ec9e7966a866062012d3537975580e5fa095d8813a4a2e82c21e6e,retain-knowledge-substrate,false,progressive-on-demand,Do not flatten into always-on host context; preserve package and evaluate through product context packs.
apex/scheduled-apex-failure-detection-and-monitoring,apex,scheduled-apex-failure-detection-and-monitoring,"Use when nightly batch / scheduled Apex jobs are failing without anyone noticing — covers why uncaught exceptions in `execute()` go to the debug log instead of email, how to query `AsyncApexJob` for `Status`, `NumberOfErrors`, and `ExtendedStatus`, when to implement `Database.RaisesPlatformEvents` so the platform publishes `BatchApexErrorEvent` on uncaught failures, how to subscribe to that event with an Apex trigger and notify operators, and how to layer a custom watcher schedule on top so silent-failure modes (job that never started, scheduled class deleted, queue stuck on `Queued`) still surface. Triggers: 'nightly batch failed at 2am with no notification', 'how do we know if a scheduled apex job is failing', 'BatchApexErrorEvent vs custom retry logic', 'Setup Apex Jobs only shows last 7 days, where else can I look', 'job is stuck in queued status nobody noticed for a week'. NOT for general Apex exception handling patterns (use apex/exception-handling), NOT for Batch Apex authoring or chunking strategy (use apex/batch-apex-patterns), NOT for Setup → Apex Jobs UI walkthrough as an admin task (use admin/batch-job-scheduling-and-monitoring), NOT for writing the Schedulable class itself (use apex/apex-scheduled-jobs).",1.0.0,Spring '25+,false,9,0,Reliability;Operational Excellence,skills/apex/scheduled-apex-failure-detection-and-monitoring/SKILL.md,4cda99fdde74aac1e4daf644d070feaf74b7cd0affead162101e049a6c77bd3a,retain-knowledge-substrate,false,progressive-on-demand,Do not flatten into always-on host context; preserve package and evaluate through product context packs.
apex/service-cloud-rest-api,apex,service-cloud-rest-api,"Use this skill when integrating with Salesforce Service Cloud REST APIs — specifically the Knowledge REST API (/knowledgeManagement/ for authoring, /support/knowledgeWithSEO/ for guest retrieval) and the Messaging for In-App and Web (MIAW) Enhanced Chat API. Trigger keywords: Knowledge article retrieval, data category filtering, URL-name lookup, Enhanced Chat API, legacy Chat REST API migration. NOT for Salesforce REST API CRUD on standard objects, NOT for Einstein Bot configuration, NOT for generic REST API callouts from Apex — use apex/callouts-and-http-integrations. NOT for setting up the MIAW Messaging Channel or Embedded Service Deployment in Setup — use admin/messaging-and-chat-setup.",1.0.0,Spring '25+,false,5,0,Security;Reliability;Operational Excellence,skills/apex/service-cloud-rest-api/SKILL.md,9c268f69d3c257437edca78a9cead7b761dbde91228d0e9523ac375ff27ad7ec,retain-knowledge-substrate,false,progressive-on-demand,Do not flatten into always-on host context; preserve package and evaluate through product context packs.
apex/sf-cli-and-sfdx-essentials,apex,sf-cli-and-sfdx-essentials,"Use this skill when a developer needs to authenticate orgs with sf CLI, set up a Salesforce DX project, create scratch orgs, push or pull source, deploy or retrieve metadata with package.xml manifests, or diagnose common sf CLI errors. Trigger keywords: sf CLI, sfdx, scratch org, source push, source pull, deploy, retrieve, package.xml, org login, sf project. NOT for scripting the CLI in CI with --json, aliases, and non-interactive auth — use devops/salesforce-cli-automation.",1.0.0,Spring '25+,false,8,0,Operational Excellence;Security,skills/apex/sf-cli-and-sfdx-essentials/SKILL.md,e8d5a07fb3c35d67f9bdd19e97e5e1d5c5c0ad3c9acf9e188146faac5ef4b15e,retain-knowledge-substrate,false,progressive-on-demand,Do not flatten into always-on host context; preserve package and evaluate through product context packs.
apex/soql-aggregate-field-type-support,apex,soql-aggregate-field-type-support,"Use when you need to know which of the six SOQL aggregate functions (AVG, COUNT, COUNT_DISTINCT, MIN, MAX, SUM) a given Salesforce field type supports — e.g. diagnosing why SUM() or AVG() on a date, text, picklist, or boolean field throws a query error, confirming a field is aggregatable before you write the query, or reasoning about multi-currency and picklist-sort-order semantics. Trigger keywords: soql aggregate field type support, sum/avg unsupported field type, aggregate function malformed query, which fields support avg sum, min max picklist sort order, currency aggregate system currency. NOT for GROUP BY / HAVING / ROLLUP / CUBE / AggregateResult iteration mechanics (use apex/apex-aggregate-queries), NOT for report-builder summary formulas or the Reporting/Analytics API, and NOT for declarative Roll-Up Summary fields.",1.0.0,Spring '25+,false,5,0,Reliability;Performance,skills/apex/soql-aggregate-field-type-support/SKILL.md,443e1445718f9b8ab569f2bb742e22445fc3dc99f245ef0309a7927e7bb61724,retain-knowledge-substrate,false,progressive-on-demand,Do not flatten into always-on host context; preserve package and evaluate through product context packs.
apex/soql-date-functions,apex,soql-date-functions,"Use when writing a SOQL query that groups or filters records by a date period — day, week, calendar month/quarter/year, or fiscal month/quarter/year — with the 13 SOQL date functions (CALENDAR_MONTH/QUARTER/YEAR, DAY_IN_MONTH/WEEK/YEAR, DAY_ONLY, FISCAL_MONTH/QUARTER/YEAR, HOUR_IN_DAY, WEEK_IN_MONTH/YEAR). Covers WHERE-clause filtering with no GROUP BY, the SELECT-requires-GROUP-BY rule, the ban on comparing a date-function result to a date literal, the custom-fiscal-year restriction on FISCAL_* functions, and the dateTime-only inputs to DAY_ONLY()/HOUR_IN_DAY(). NOT for SOQL relative date literals (TODAY, LAST_N_DAYS, THIS_FISCAL_YEAR — those are literals, not functions), NOT for Apex Date/Datetime class methods, NOT for GROUP BY/ROLLUP/CUBE/HAVING mechanics (use apex/apex-aggregate-queries), and NOT for time-zone conversion internals (use apex/timezone-and-datetime-pitfalls).",1.0.0,Spring '25+,false,5,0,Performance;Operational Excellence,skills/apex/soql-date-functions/SKILL.md,d989a12c486d530dae055f7977367406c29c0110bbbafa12ce375d50bccb76ca,retain-knowledge-substrate,false,progressive-on-demand,Do not flatten into always-on host context; preserve package and evaluate through product context packs.
apex/soql-for-view-and-for-reference,apex,soql-for-view-and-for-reference,"Use when a SOQL query that serves a custom record-viewing surface (custom LWC/Aura/Visualforce page, mobile app, or API client) must make the retrieved records show up in the user's Recent Items and global-search auto-complete by writing LastViewedDate / LastReferencedDate and a RecentlyViewed row via the optional FOR VIEW / FOR REFERENCE clauses. Covers which clause to pick, correct grammar placement, the misuse warning, the RecentlyViewed 90-day / 200-per-object lifecycle, and the custom-object custom-tab prerequisite. Standard Lightning record pages already write recency for you. NOT for FOR UPDATE row locking — use apex/record-locking-and-contention. NOT for scoping a query to Mine / Team / Territory — use apex/soql-using-scope-clause.",1.0.0,Spring '25+,false,5,0,Security;Performance,skills/apex/soql-for-view-and-for-reference/SKILL.md,555792eae3fcb8fbe9f499f72afebb3798f2fda9f54a97c05e83076d0b96ff0f,retain-knowledge-substrate,false,progressive-on-demand,Do not flatten into always-on host context; preserve package and evaluate through product context packs.
apex/soql-format-function-localization,apex,soql-format-function-localization,"Use when a SOQL SELECT clause or SOSL FIND/RETURNING clause must return number, date, time, or currency fields already localized to the running user's locale (e.g. $44,000.00 or 4/10/2025, 3:31 PM instead of a raw decimal or ISO 8601 string). Covers the FORMAT() function: its four supported field categories, the aliasing rule when the same field is queried twice, and nesting FORMAT() inside aggregate functions or convertCurrency(). NOT for grouping or filtering by date period — use apex/soql-date-functions. NOT for multi-currency setup and conversion rates — use data/currency-management-patterns.",1.0.0,Spring '25+,false,5,0,Operational Excellence;Reliability,skills/apex/soql-format-function-localization/SKILL.md,77fd034766b91fb2d44ed7f191972e82cf5c20b6a74bd981c05fc68c59ea57b6,retain-knowledge-substrate,false,progressive-on-demand,Do not flatten into always-on host context; preserve package and evaluate through product context packs.
apex/soql-fundamentals,apex,soql-fundamentals,"Use this skill when writing or debugging SOQL queries: SELECT syntax, WHERE filters, ORDER BY, LIMIT, OFFSET, relationship queries (child-to-parent and parent-to-child), aggregate functions (COUNT, SUM, AVG, MIN, MAX), and date literals. Trigger keywords: soql, query, SELECT FROM WHERE. NOT for SOQL injection or CRUD/FLS enforcement — use apex/soql-security. NOT for query performance and index tuning — use data/soql-query-optimization. NOT for SOSL cross-object / full-text search — use data/sosl-search-patterns.",1.0.0,Spring '25+,false,7,0,Security;Reliability,skills/apex/soql-fundamentals/SKILL.md,ffa6d0cfd3d398df9fbbeacd450fac331116a48c105d8b70ccc996cd609031ae,retain-knowledge-substrate,false,progressive-on-demand,Do not flatten into always-on host context; preserve package and evaluate through product context packs.
apex/soql-multiselect-picklist-queries,apex,soql-multiselect-picklist-queries,"Use when filtering SOQL (static or dynamic Apex) on a multi-select picklist field — the four operators =, !=, INCLUDES, EXCLUDES, the semicolon (AND) / comma (OR) grouping inside quoted operands, querying by a value's API name vs display label (API 39.0+), and why the field can't appear in ORDER BY. Trigger keywords: multi-select picklist, multiselect, INCLUDES, EXCLUDES, semicolon, 'field contains value'. NOT for single-select picklist filtering (use plain = / IN), NOT for query performance/selectivity tuning (use data/soql-query-optimization), and NOT for defining or maintaining the picklist field itself (use admin/picklist-and-value-sets).",1.0.0,Spring '25+,false,5,0,Security;Performance,skills/apex/soql-multiselect-picklist-queries/SKILL.md,922a751f7b242b4b921ac5f513ab10f4f5459e570238d65640cfe84c02cfdc60,retain-knowledge-substrate,false,progressive-on-demand,Do not flatten into always-on host context; preserve package and evaluate through product context packs.
apex/soql-null-ordering-patterns,apex,soql-null-ordering-patterns,"Use when SOQL ORDER BY behavior with NULL values surprises a query — null records sorting before non-null, paginated results inconsistent across pages, NULLS FIRST/LAST clauses needed. Triggers: 'soql nulls first', 'soql null sort order', 'pagination missing records with null fields', 'order by skipping null records', 'consistent ordering with optional fields'. NOT for general SOQL optimization (use data/soql-query-optimization) or for ordering of relationship-traversed fields.",1.1.0,Spring '25+,false,6,0,Reliability;Performance,skills/apex/soql-null-ordering-patterns/SKILL.md,313670e52156bb98ab369874c092b8ee98f450d99503f83260be1333022741b8,retain-knowledge-substrate,false,progressive-on-demand,Do not flatten into always-on host context; preserve package and evaluate through product context packs.
apex/soql-object-limits-and-restrictions,apex,soql-object-limits-and-restrictions,"Use when a SOQL query fails or must be shaped around a specific object's own limits and restrictions — Attachment's 100,000-record ceiling, the mandatory filter fields on ContentDocumentLink / ContentHubItem / Vote, the required LIMIT clause on TopicAssignment / NewsFeed / UserProfileFeed (absent View All Data), the hard 200-row cap and ORDER BY HasAccess rule on UserRecordAccess, indexed-field-only filtering on big objects, the 4-join / 1,000-row-subquery caps on external objects, KnowledgeArticleVersion requiring dynamic SOQL, and RecentlyViewed's 90-day rolling window. NOT for generic SOQL governor limits — use apex/governor-limits. NOT for index and selectivity tuning — use data/soql-query-optimization. NOT for general SOQL syntax — use apex/soql-fundamentals.",1.0.0,Spring '25+,false,5,0,Reliability;Performance;Security,skills/apex/soql-object-limits-and-restrictions/SKILL.md,ea4774f8372faffd5ea4ce0ae483e174f80a0930bbac05cc6e1b0a8b02f9f151,retain-knowledge-substrate,false,progressive-on-demand,Do not flatten into always-on host context; preserve package and evaluate through product context packs.
apex/soql-outer-join-null-semantics,apex,soql-outer-join-null-semantics,"Use when a SOQL child-to-parent relationship query returns more records than expected because relationship queries behave like an outer join — rows with a null foreign key still come back, `WHERE Parent.Field = null` returns children even when the parent record does not exist, Boolean fields compare as false instead of null, and ORDER BY / OR clauses keep the null-foreign-key rows. Also covers the base null-in-WHERE syntax: SOQL has no `IS NULL` / `IS NOT NULL` — filter with `= null` / `!= null` — and an explicit `!= null` guard helps query performance. Trigger keywords: soql outer join, null foreign key, WHERE Parent.Field = null, boolean field = null, relationship query returning null-parent rows, AccountId/WhatId is null, SOQL IS NULL / IS NOT NULL not supported, filter nulls for query performance. NOT for NULLS FIRST/NULLS LAST sort placement (use apex/soql-null-ordering-patterns), general relationship-query syntax and subqueries (use apex/apex-soql-relationship-queries), or SOQL injection / CRUD-FLS enforcement (use apex/soql-security).",1.1.0,Spring '25+,false,7,0,Reliability;Security,skills/apex/soql-outer-join-null-semantics/SKILL.md,b32706f1e1dc8fd7cc8223f6ce43553b7b9cfc966e2267c2adf5b0b475c9277c,retain-knowledge-substrate,false,progressive-on-demand,Do not flatten into always-on host context; preserve package and evaluate through product context packs.
apex/soql-security,apex,soql-security,"Use when writing, reviewing, or troubleshooting Apex queries that may expose SOQL injection or CRUD/FLS issues. Triggers: 'Database.query', 'WITH USER_MODE', 'WITH SECURITY_ENFORCED', 'stripInaccessible', 'security review finding'. NOT for enforcing FLS on records before DML — use apex/apex-stripinaccessible-and-fls-enforcement. NOT for the with sharing / without sharing choice — use apex/apex-with-without-sharing-decision.",1.0.0,Spring '25+,false,7,0,Security;Reliability;Operational Excellence,skills/apex/soql-security/SKILL.md,7a99bb593aff71b591cbb077388b8836a9c3e0372bf829eb83384e77d483258f,retain-knowledge-substrate,false,progressive-on-demand,Do not flatten into always-on host context; preserve package and evaluate through product context packs.
apex/soql-string-escaping-and-reserved-characters,apex,soql-string-escaping-and-reserved-characters,"Use when a SOQL single-quoted string literal contains a character that must be escaped: an apostrophe in a name (O'Brien, Bob's BBQ), a backslash, a tab/newline/other control character, a Unicode character via \uXXXX, or a literal LIKE wildcard (\_ or \%). Covers the backslash escape character, the full quoted-string escape-sequence table, the two reserved characters (single quote and backslash) that must always be escaped, the LIKE-only \_ / \% wildcard escapes, the hard-error rule for any other backslash use, and String.escapeSingleQuotes on the Apex side. NOT for binding untrusted input into dynamic SOQL — use apex/apex-dynamic-soql-binding-safety. NOT for SOQL-injection review or CRUD/FLS enforcement — use apex/soql-security. NOT for Apex String/regex methods — use apex/apex-string-and-regex.",1.0.0,Spring '25+,false,5,0,Security;Reliability,skills/apex/soql-string-escaping-and-reserved-characters/SKILL.md,5e9650ce11701e4648e91b9ea7c668dde52b0a945fdd3f94c228fd03cec24d96,retain-knowledge-substrate,false,progressive-on-demand,Do not flatten into always-on host context; preserve package and evaluate through product context packs.
apex/soql-using-scope-clause,apex,soql-using-scope-clause,"Use when writing or reviewing a SOQL query (in Apex, a selector, or via the API) that must return only a subset of records defined by ownership, team, territory, delegation, or an active scoping rule — through the optional USING SCOPE filterScope clause (mine, everything, team, delegated, my_territory, my_team_territory, mine_and_my_groups, scopingRule) placed after FROM and before WHERE. Also covers the mandatory USING SCOPE EVERYTHING requirement for the Scoping Rules SOQL operator. NOT for plain SELECT / WHERE / ORDER BY syntax — use apex/soql-fundamentals. NOT for WITH USER_MODE or CRUD/FLS enforcement — use apex/soql-security. NOT for the with sharing / without sharing choice — use apex/apex-with-without-sharing-decision. NOT the Metadata API ListView filterScope enum (different casing and value set), and NOT for authoring scoping rules beyond their SOQL-operator criteria.",1.0.1,Spring '25+,false,5,0,Security;Performance,skills/apex/soql-using-scope-clause/SKILL.md,cb681d753fb7a2a76d0b91e1ef6eb33c3e0952b67f4668974bf1acf9d9cdd801,retain-knowledge-substrate,false,progressive-on-demand,Do not flatten into always-on host context; preserve package and evaluate through product context packs.
apex/ssjs-server-side-javascript,apex,ssjs-server-side-javascript,"Use this skill when writing, debugging, or reviewing Server-Side JavaScript (SSJS) in Salesforce Marketing Cloud — Script Activities, Cloud Pages, and Landing Pages. Covers WSProxy for SOAP API access, Script.Util.HttpRequest for outbound REST calls, error handling patterns, execution limits, and SSJS/AMPscript interoperability. NOT for standard Apex on the Salesforce Platform, and not for client-side JavaScript in Experience Cloud or LWC. NOT for AMPscript-only personalization logic inside Email Studio sends — use apex/ampscript-development. NOT for calling the Marketing Cloud REST/SOAP API from Salesforce — use apex/marketing-cloud-api.",1.0.0,Spring '25+,false,8,0,Security;Reliability;Performance,skills/apex/ssjs-server-side-javascript/SKILL.md,0869547a27af7d3792085be6fb5121406f8cb874405f37cbd0e55911041cfb0b,retain-knowledge-substrate,false,progressive-on-demand,Do not flatten into always-on host context; preserve package and evaluate through product context packs.
apex/territory-api-and-assignment,apex,territory-api-and-assignment,"Territory2 API in Apex: programmatic territory member management (UserTerritory2Association, ObjectTerritory2Association), bulk assignment DML, and SOAP-based rule evaluation. NOT for ETM admin setup, territory model design, declarative assignment rules, or Opportunity territory configuration (use admin/enterprise-territory-management).",1.0.0,Spring '25+,false,5,0,Performance;Reliability;Security,skills/apex/territory-api-and-assignment/SKILL.md,b69346db0c4832aba004eb8cddb27b8abb172028d15ca8a027ef3579376f3521,retain-knowledge-substrate,false,progressive-on-demand,Do not flatten into always-on host context; preserve package and evaluate through product context packs.
apex/test-class-standards,apex,test-class-standards,"Use when writing, reviewing, or debugging Apex test classes, test data factories, async test behavior, negative-path assertions, or callout mocking. Triggers: 'SeeAllData', 'Test.startTest', 'HttpCalloutMock', 'test data factory', 'missing assertions'. NOT for the factory class itself — use apex/test-data-factory-patterns. NOT for the mock class itself — use apex/apex-http-callout-mocking.",1.3.5,Spring '25+,false,13,0,Reliability;Operational Excellence,skills/apex/test-class-standards/SKILL.md,1e85efc05bec2dfcb5b7bb1467cdfdff05ab775ecaacb4dd1efd7372d92d3769,retain-knowledge-substrate,false,progressive-on-demand,Do not flatten into always-on host context; preserve package and evaluate through product context packs.
apex/test-data-factory-patterns,apex,test-data-factory-patterns,"Use when designing or building reusable Apex test data factories: @IsTest utility classes, SObject hierarchy construction, bulk data generation, portal user factories with System.runAs(), and @testSetup methods. NOT for test class structure and assertions (use apex/test-class-standards) or for loading data into sandboxes (use devops/data-seeding-for-testing).",1.0.0,Spring '25+,false,5,0,Reliability;Operational Excellence,skills/apex/test-data-factory-patterns/SKILL.md,2ed561b9b99b5a77849ab10ef86002af7cdb3cdc3e3a10a5d9bfd139212e4147,retain-knowledge-substrate,false,progressive-on-demand,Do not flatten into always-on host context; preserve package and evaluate through product context packs.
apex/timezone-and-datetime-pitfalls,apex,timezone-and-datetime-pitfalls,"Use when writing or reviewing Apex, SOQL, or Flow logic that involves Date or Datetime fields: scheduling jobs, comparing dates across timezones, displaying Datetime values to users, filtering records by date literals, or persisting Datetime from external systems. NOT for calendar UI component layout, time-zone configuration in org settings, or Salesforce Connect external object date mapping. NOT for grouping or filtering a query by calendar/fiscal period (CALENDAR_MONTH, FISCAL_QUARTER) — use apex/soql-date-functions. NOT for returning locale-formatted query output via FORMAT() — use apex/soql-format-function-localization.",1.1.0,Spring '25+,false,9,0,Reliability;Operational Excellence,skills/apex/timezone-and-datetime-pitfalls/SKILL.md,89850c96be63943a4e101b897ca98dbbb1fdaa14c442aa239882763023722c1e,retain-knowledge-substrate,false,progressive-on-demand,Do not flatten into always-on host context; preserve package and evaluate through product context packs.
apex/tooling-api-patterns,apex,tooling-api-patterns,"Use when building external tooling, IDE-style automation, or scripts that talk to the Salesforce **Tooling API** — single-class compile-and-deploy via `MetadataContainer`/`ApexClassMember`/`ContainerAsyncRequest`, querying Tooling-only sObjects (`ApexClass`, `ApexCodeCoverage`, `FlowDefinition`, `EntityDefinition`/`FieldDefinition`), debug-log retrieval (`ApexLog`, `TraceFlag`, `DebugLevel`), heap-dump overlays (`ApexExecutionOverlayAction`, `ApexExecutionOverlayResult`), and anonymous Apex execution. Triggers: 'tooling api compile single apex class', 'MetadataContainer ContainerAsyncRequest', 'ApexCodeCoverageAggregate query', 'ApexLog retrieve via tooling api', 'TraceFlag debug level setup', 'EntityDefinition FieldDefinition queryable', 'tooling api vs metadata api', 'tooling api vs data api'. NOT for runtime Apex metadata operations (use `apex/apex-metadata-api` for the `Metadata.Operations` namespace), Metadata API zip-based deploys (use `devops/metadata-api-retrieve-deploy`), Data API SOQL fundamentals (use `apex/soql-fundamentals`), or general deployment-error diagnosis (use `devops/deployment-error-troubleshooting`).",1.0.0,Spring '25+,true,8,0,Operational Excellence;Reliability;Security,skills/apex/tooling-api-patterns/SKILL.md,683772d9d70173acff947430f3537e83fdadebcd5ea8f4aa1547b4d33a23f82d,retain-knowledge-substrate,false,progressive-on-demand,Do not flatten into always-on host context; preserve package and evaluate through product context packs.
apex/trigger-and-flow-coexistence,apex,trigger-and-flow-coexistence,"Governance patterns for orgs where Apex triggers and record-triggered Flows both run on the same object: field-write conflict prevention, single-entry-point consolidation, recursion guards across automation types, and automation inventory. Use when inheriting a mixed-automation org, adding a Flow to an object that already has triggers, or resolving silent field-overwrite bugs. NOT for save order of execution — use apex/order-of-execution-deep-dive. NOT for Flow-only patterns — use flow/record-triggered-flow-patterns.",1.0.0,Spring '25+,false,6,0,Reliability;Operational Excellence,skills/apex/trigger-and-flow-coexistence/SKILL.md,f9946c298b19a298470d91d6abeb499754a9f801bd6f2a5d67e966c583dd18d3,retain-knowledge-substrate,false,progressive-on-demand,Do not flatten into always-on host context; preserve package and evaluate through product context packs.
apex/trigger-framework,apex,trigger-framework,"Use when writing, reviewing, or designing Apex triggers. Triggers: 'trigger', 'trigger handler', 'trigger framework', 'recursion', 'before insert', 'after update', 'one trigger per object'. NOT for Flow-based automation — use admin/flow-for-admins for declarative automation decisions.",1.2.1,Spring '25+,false,8,0,Scalability;Reliability;Operational Excellence,skills/apex/trigger-framework/SKILL.md,4957224a3463895ad01c43d7699dc7f934d48d16780adf7533e5826448b8646f,retain-knowledge-substrate,false,progressive-on-demand,Do not flatten into always-on host context; preserve package and evaluate through product context packs.
apex/visualforce-fundamentals,apex,visualforce-fundamentals,"Designing and debugging Visualforce pages: standard/custom controllers, view state management, CSRF and SOQL injection security, PDF rendering, Visualforce email templates. Use when building custom UI pages or PDF outputs on the Salesforce platform. NOT for hardening or rewriting legacy VF in LWC — use security/visualforce-security-and-modernization. NOT for migrating Classic VF email templates — use admin/classic-email-template-migration.",1.0.1,Spring '25+,false,6,0,Security;Performance,skills/apex/visualforce-fundamentals/SKILL.md,734846f0478b35645667d0d1b621f622bbf59e9e37a58e1b09dc69b880c6e8fd,retain-knowledge-substrate,false,progressive-on-demand,Do not flatten into always-on host context; preserve package and evaluate through product context packs.
architect/agent-console-requirements,architect,agent-console-requirements,"Use when gathering and documenting requirements for a Lightning Service Console deployment: agent workspace layout, page template selection, utility bar composition, macro requirements, case handling workflows, split-view navigation design, and licensing requirements. Triggers: service console requirements, agent workspace design, console page layout, utility bar planning, console licensing. NOT for console configuration steps or click-by-click setup (use admin/case-management-setup), NOT for Omni-Channel routing model design (use architect/service-cloud-architecture), NOT for CTI telephony integration details.",1.0.0,Spring '25+,false,5,0,User Experience;Operational Excellence;Scalability,skills/architect/agent-console-requirements/SKILL.md,748baa5ed3718c2c974cd2200d66559baf9b93f3f12336c4e1c6977552de074e,retain-knowledge-substrate,false,progressive-on-demand,Do not flatten into always-on host context; preserve package and evaluate through product context packs.
architect/ai-agent-org-integration-architecture,architect,ai-agent-org-integration-architecture,"Use this skill to design and review the architecture for integrating external AI agents (Claude, ChatGPT, LangChain, custom LLM pipelines) with a Salesforce org — covering integration pattern selection (MCP vs. REST vs. Platform Events), auth model design, data exposure scope, org governor limit planning, and Well-Architected tradeoffs. Trigger keywords: AI agent Salesforce integration, agent-to-org architecture, LLM Salesforce access pattern, external AI org connectivity, agentic system org design. NOT for building an Agentforce agent in-org — use agentforce/agentforce-agent-creation. NOT for implementation-level Apex tool code — use agentforce/mcp-tool-definition-apex. NOT for ETL or data pipeline design — use agentforce/sf-to-llm-data-pipelines.",1.0.0,Spring '25+,false,5,0,Security;Scalability;Reliability;Operational Excellence,skills/architect/ai-agent-org-integration-architecture/SKILL.md,39b0fdd4aba968abc3a1da5d38c55c39ee9c5155d0be9582a8175e7eeb33b178,retain-knowledge-substrate,false,progressive-on-demand,Do not flatten into always-on host context; preserve package and evaluate through product context packs.
architect/ai-governance-architecture,architect,ai-governance-architecture,"System architecture for Salesforce AI governance: MLOps pipeline design, AI Audit Trail architecture, Einstein Trust Layer security design, Policy-as-Code engine, and regulatory compliance design for EU AI Act and similar frameworks. NOT for authoring AI ethics policy and human-oversight requirements - use admin/ai-ethics-and-governance-requirements. NOT for model tier selection or Supervisor/Specialist topology - use architect/ai-platform-architecture.",1.0.0,Spring '25+,false,5,1,Security;Operational Excellence;Reliability,skills/architect/ai-governance-architecture/SKILL.md,b72995b6a6ecf2dde1e040e902c769023796065edaf929c8608f2de22d3346ed,retain-knowledge-substrate,false,progressive-on-demand,Do not flatten into always-on host context; preserve package and evaluate through product context packs.
architect/ai-platform-architecture,architect,ai-platform-architecture,"Use this skill when designing or evaluating the holistic Salesforce AI platform strategy: model tier selection (Salesforce Default vs BYOLLM vs zero-data-retention partner models), Trust Layer design decisions at the architecture level, and multi-agent Supervisor/Specialist orchestration topology. Trigger keywords: AI platform strategy, model selection strategy, Supervisor agent topology, multi-agent orchestration, Einstein LLM gateway, BYOLLM architecture, trust layer design, agentic platform design, model tier decision. NOT for Model Builder or BYOLLM registration steps — use agentforce/model-builder-and-byollm. NOT for Trust Layer feature configuration steps — use agentforce/einstein-trust-layer. NOT for RAG grounding mechanics — use agentforce/rag-patterns-in-salesforce.",1.0.0,Spring '25+,false,6,0,Security;Reliability;Scalability,skills/architect/ai-platform-architecture/SKILL.md,a8d18d0fc383e2b2fe74462f3ced370150ca734824207f95855b7b0cbe8423e5,retain-knowledge-substrate,false,progressive-on-demand,Do not flatten into always-on host context; preserve package and evaluate through product context packs.
architect/ai-ready-data-architecture,architect,ai-ready-data-architecture,"Use when designing or auditing a Salesforce data architecture to support AI features — Einstein, Agentforce, Data Cloud, or custom ML models. Covers field-level data quality requirements, structured vs unstructured data placement, embedding-ready text field design, knowledge article structure for RAG grounding, Data Cloud harmonized data model, Einstein Feature Store patterns, AI-ready field naming conventions, and data freshness requirements for model retraining. Trigger phrases: design data model for AI, make Salesforce data AI-ready, data quality for Einstein, grounding data for Agentforce, Data Cloud for AI, RAG data architecture Salesforce. NOT for building the RAG grounding pipeline — use agentforce/rag-patterns-in-salesforce. NOT for Einstein Discovery or Prediction Builder training-data prep — use data/ai-training-data-preparation.",1.0.0,Spring '25+,false,10,0,Scalability;Reliability;Operational Excellence,skills/architect/ai-ready-data-architecture/SKILL.md,928853b51a318af50a7074f2f49553bde617cb44747ef0efb00f73805adb862d,retain-knowledge-substrate,false,progressive-on-demand,Do not flatten into always-on host context; preserve package and evaluate through product context packs.
architect/aml-kyc-process-architecture,architect,aml-kyc-process-architecture,"Use when designing the architecture for AML/KYC compliance workflows on Salesforce — covering verification orchestration, third-party screening integration patterns, risk scoring design, and regulatory data flow. Triggers: AML architecture, KYC verification workflow design, sanctions screening integration, customer risk rating design, onboarding compliance workflow, watchlist screening Salesforce, FinCEN / FATF obligation data flow, BSA compliance architecture. NOT for implementing KYC data collection forms or FSC Action Plans (use admin/fsc-action-plans). NOT for configuring FSC Identity Verification for contact-center caller authentication. NOT for production screening vendor ISV configuration.",1.0.0,Spring '25+,false,5,0,Security;Reliability;Operational Excellence,skills/architect/aml-kyc-process-architecture/SKILL.md,52904eeb830e9293cb47b29f3e36b267aba54f42031b1842f47425b83915faed,retain-knowledge-substrate,false,progressive-on-demand,Do not flatten into always-on host context; preserve package and evaluate through product context packs.
architect/analytics-data-architecture,architect,analytics-data-architecture,"Use this skill when designing CRM Analytics dataset architecture, planning dataflow or Recipe ELT strategies, implementing incremental extraction patterns, or integrating external data lakes (Snowflake, BigQuery, Redshift). Trigger keywords: CRM Analytics dataset design, dataflow performance, Recipe incremental, remote connection data lake, analytics ELT strategy, dataset row limits. NOT for the External Data API or live-dataset setup itself — use data/analytics-external-data. NOT for authoring dataflow node JSON — use admin/analytics-dataflow-development. NOT for building a recipe's join, bucket and formula nodes — use admin/analytics-recipe-design.",1.0.0,Spring '25+,false,3,0,Performance;Reliability;Scalability,skills/architect/analytics-data-architecture/SKILL.md,2bdeb1e6285b74e33de5b0514a17a9f878886394e58ac9d4d18462e59ee3e3f2,retain-knowledge-substrate,false,progressive-on-demand,Do not flatten into always-on host context; preserve package and evaluate through product context packs.
architect/analytics-embedded-components,architect,analytics-embedded-components,"Use this skill when embedding a CRM Analytics dashboard into a Lightning App Builder page, Experience Cloud page, or when embedding a custom LWC inside an Analytics dashboard. Trigger keywords: wave-wave-dashboard-lwc, wave-community-dashboard, analytics__Dashboard target, embed dashboard, record-id context filtering, dashboard state JSON, analytics component. NOT for charts - use admin/analytics-dashboard-design. NOT for Aura wave:waveDashboard on Visualforce or cross-dashboard state - use architect/embedded-analytics-architecture.",1.0.0,Spring '25+,false,6,0,Performance;User Experience,skills/architect/analytics-embedded-components/SKILL.md,f89922b0aaea642ec32622948e9f228d3f7f135fa0481707143a01d423223855,retain-knowledge-substrate,false,progressive-on-demand,Do not flatten into always-on host context; preserve package and evaluate through product context packs.
architect/analytics-security-architecture,architect,analytics-security-architecture,"Use this skill when designing or auditing CRM Analytics (formerly Einstein Analytics / Tableau CRM) data access controls: row-level security predicates, dataset-level visibility, app-level sharing roles, sharing inheritance configuration, and cross-dataset security embedding strategies. Trigger keywords: CRM Analytics security, row-level security predicate, Analytics dataset access, sharing inheritance, security predicate design, cross-dataset security, analytics entitlement dataset. NOT for a predicate's SAQL syntax - use data/crm-analytics-security-predicates. NOT for sharing an app or assigning an Analytics license - use admin/analytics-permission-and-sharing.",1.0.0,Spring '25+,false,3,0,Security;Reliability,skills/architect/analytics-security-architecture/SKILL.md,4236740d52a5913e355d14f6404040400cb786493e2e55154156267dadea78dc,retain-knowledge-substrate,false,progressive-on-demand,Do not flatten into always-on host context; preserve package and evaluate through product context packs.
architect/api-led-connectivity-architecture,architect,api-led-connectivity-architecture,"Use this skill when designing API-led connectivity architecture for Salesforce integrations — covering System/Process/Experience layer separation, governance policy (catalog, versioning, deprecation, rate limits), multi-consumer strategy, and Agentforce Agent Fabric integration. Trigger keywords: API-led connectivity, MuleSoft three-tier, System API, Process API, Experience API, integration layer governance, API versioning policy, Agent Fabric. NOT for Salesforce's own place in the layered model, or whether three layers are overkill - use integration/api-led-connectivity. NOT for HTTP error contracts - use integration/api-error-handling-design. NOT for retry backoff mechanics - use integration/retry-and-backoff-patterns.",1.0.0,Spring '25+,false,6,0,Reliability;Operational Excellence;Security,skills/architect/api-led-connectivity-architecture/SKILL.md,0d91c1e5059ae3534b39713ed4c3b538964223cff07f68401928d4d7add151ec,retain-knowledge-substrate,false,progressive-on-demand,Do not flatten into always-on host context; preserve package and evaluate through product context packs.
architect/architecture-decision-records,architect,architecture-decision-records,"Author and maintain Architecture Decision Records (ADRs) for Salesforce implementations: capture chosen approach, rejected alternatives, constraints, and consequences. Trigger keywords: adr, architecture decision record, design decision log, technical decision. NOT for making the design decision itself, e.g. Flow vs Apex — use architect/solution-design-patterns. NOT for a formal architecture review that produces findings — use architect/well-architected-review.",1.0.1,Spring '25+,false,5,1,Operational Excellence;Reliability,skills/architect/architecture-decision-records/SKILL.md,882fb20a0cecde20185587d3e06ac004e8bef8e318f4a14d03a32f27abfd9b94,retain-knowledge-substrate,false,progressive-on-demand,Do not flatten into always-on host context; preserve package and evaluate through product context packs.
architect/b2b-vs-b2c-architecture,architect,b2b-vs-b2c-architecture,"Use this skill when designing or evaluating the architecture of a Salesforce Commerce implementation that involves choosing between B2B Commerce (on Core, Lightning platform) and B2C Commerce (Salesforce Commerce Cloud / SFCC). Trigger keywords: B2B vs B2C architecture, SFCC vs B2B Commerce, Commerce Cloud platform decision, B2B data model architecture, B2C storefront architecture, commerce infrastructure comparison, platform selection architecture. NOT for implementation mechanics — use admin/b2b-commerce-store-setup or admin/b2c-commerce-store-setup for configuration work. NOT for requirements gathering — use admin/b2b-vs-b2c-requirements for pre-build platform selection based on buyer journey. NOT for D2C vs B2B feature comparisons within Lightning-based Commerce.",1.0.0,Spring '25+,false,5,0,Performance;Scalability;Security;Operational Excellence;Reliability,skills/architect/b2b-vs-b2c-architecture/SKILL.md,3ebcc69bc6702cf6be6ed2b9261d61cc427953d972098d23f288f7297e3c8e3f,retain-knowledge-substrate,false,progressive-on-demand,Do not flatten into always-on host context; preserve package and evaluate through product context packs.
architect/banking-lending-architecture,architect,banking-lending-architecture,"Architecture guidance for Salesforce FSC banking and Digital Lending: loan origination platform design, ResidentialLoanApplication data model, payment processing integration patterns, and account servicing workflow architecture. NOT for FSC Insurance policy, claims or underwriting architecture — use architect/insurance-cloud-architecture. NOT for the FSC data-model choice and Compliant Data Sharing design — use architect/fsc-architecture-patterns.",1.0.0,Spring '25+,false,5,1,Security;Reliability;Performance,skills/architect/banking-lending-architecture/SKILL.md,27da2788b71e64e1a4c06aff5bbb01d3842e7b97bfaba841e219e642e0081834,retain-knowledge-substrate,false,progressive-on-demand,Do not flatten into always-on host context; preserve package and evaluate through product context packs.
architect/case-deflection-strategy,architect,case-deflection-strategy,"Use this skill when designing or assessing a Salesforce case deflection program — identifying high-frequency contact reasons, selecting deflection channels, and defining KPIs such as deflection rate and goal completion rate. Trigger keywords: case deflection, self-service, Einstein Conversation Mining, chatbot containment, knowledge-led deflection, contact reason analysis. NOT for the self-service portal UX, search experience and case-form design — use admin/self-service-design. NOT for end-to-end Service Cloud channel and routing architecture — use architect/service-cloud-architecture.",1.0.0,Spring '25+,false,3,0,User Experience;Operational Excellence;Reliability,skills/architect/case-deflection-strategy/SKILL.md,86e073c137fd83bae944305050118c1d92e279988b629eb9e2475c5c853a693e,retain-knowledge-substrate,false,progressive-on-demand,Do not flatten into always-on host context; preserve package and evaluate through product context packs.
architect/ci-cd-pipeline-architecture,architect,ci-cd-pipeline-architecture,"Use when designing or reviewing the end-to-end stage sequence, promotion strategy, and quality gates for a Salesforce CI/CD pipeline. Trigger keywords: pipeline stages, promotion strategy, quality gate, deployment gate, CI validation sandbox, staging environment, pipeline design, release strategy, rollback strategy, environment topology. NOT for configuring an individual CI tool (GitHub Actions, GitLab CI, Jenkins) — use devops/github-actions-for-salesforce or devops/gitlab-ci-for-salesforce. NOT for Apex test configuration in CI — use devops/continuous-integration-testing. NOT for DevOps Center setup or work item promotion — use devops/devops-center-pipeline.",1.0.0,Spring '25+,false,7,0,Operational Excellence;Reliability;Security,skills/architect/ci-cd-pipeline-architecture/SKILL.md,171394a341d5778b0d3af787e0c6df51197da7b9404c27dc340a9ca16d9b688e,retain-knowledge-substrate,false,progressive-on-demand,Do not flatten into always-on host context; preserve package and evaluate through product context packs.
architect/cloud-specific-deployment-architecture,architect,cloud-specific-deployment-architecture,"Deployment architecture quirks per Salesforce cloud: Industries (OmniStudio), Marketing Cloud (MC packages), Commerce Cloud, Data Cloud, Agentforce. What ships via metadata API, what ships via cloud-specific tools, ordering, dependencies. NOT for building the OmniStudio DataPack pipeline itself — use omnistudio/omnistudio-ci-cd-patterns. NOT for the generic CI/CD pipeline, branch strategy or Copado-vs-Gearset choice — use architect/deployment-automation-architecture.",1.0.0,Spring '25+,false,6,0,Reliability;Scalability,skills/architect/cloud-specific-deployment-architecture/SKILL.md,872668d1861e3c3568a4bf07e7864d57506095ea1072cf41968c8e4d79f7d9eb,retain-knowledge-substrate,false,progressive-on-demand,Do not flatten into always-on host context; preserve package and evaluate through product context packs.
architect/commerce-integration-patterns,architect,commerce-integration-patterns,"Use this skill when designing or diagnosing end-to-end integration between Salesforce B2B or D2C Commerce and external systems — including ERP pricing/inventory, PIM product sync, payment gateways, shipping providers, tax engines, and order management systems (OMS). Covers CartExtension Apex namespace (PricingCartCalculator, ShippingCartCalculator, InventoryCartCalculator), RegisteredExternalService custom metadata, payment gateway architecture, and Product2 External ID patterns. NOT for CommercePayments adapter implementation — use apex/commerce-payment-integration. NOT for generic non-commerce Salesforce integration (Platform Events, MuleSoft, REST APIs), NOT for storefront UI or LWC development.",1.0.0,Spring '25+,false,6,2,Security;Reliability;Operational Excellence,skills/architect/commerce-integration-patterns/SKILL.md,b7c6937f95dd1554354fb48162c5c831da8806420759f46efc0ae66c52982ab2,retain-knowledge-substrate,false,progressive-on-demand,Do not flatten into always-on host context; preserve package and evaluate through product context packs.
architect/composable-commerce-architecture,architect,composable-commerce-architecture,"Composable commerce on Salesforce: headless API layer, micro-frontends, BFF pattern, CDN strategy, third-party composability over B2C/B2B Commerce. NOT for the supported PWA Kit on Managed Runtime composable storefront — use architect/headless-commerce-architecture. NOT for standard B2C storefront setup — use admin/b2c-commerce-store-setup.",1.0.0,Spring '25+,false,6,0,Scalability;Performance;Reliability,skills/architect/composable-commerce-architecture/SKILL.md,7faeb0a8bd7bd84bc69ffc384d6d618206603be9355a91c39dbafd6839a611a9,retain-knowledge-substrate,false,progressive-on-demand,Do not flatten into always-on host context; preserve package and evaluate through product context packs.
architect/conversational-ai-architecture,architect,conversational-ai-architecture,"Use when designing or evaluating a Salesforce conversational AI deployment that involves Agentforce agents, Einstein Bots, or a combination of both. Triggers: Agentforce topic design, Einstein Bot handoff to Agentforce, multi-agent orchestration, conversational channel routing, Atlas Reasoning Engine behavior. NOT for Einstein Bot dialog and NLU design — use architect/einstein-bot-architecture. NOT for cutting an existing bot over to Agentforce — use agentforce/einstein-bots-to-agentforce-migration. NOT for Omni-Channel routing for human agents — use architect/multi-channel-service-architecture. NOT for Flow-only automation without a conversational surface — use admin/process-automation-selection.",1.0.0,Spring '25+,false,3,0,Security;Reliability;Operational Excellence;Performance,skills/architect/conversational-ai-architecture/SKILL.md,8e50a9514b0fe21f77d56071b3aec68aaead2c5241fc0949d06f291f555e7bd5,retain-knowledge-substrate,false,progressive-on-demand,Do not flatten into always-on host context; preserve package and evaluate through product context packs.
architect/cpq-architecture-patterns,architect,cpq-architecture-patterns,"CPQ solution architecture covering bundle design, pricing engine performance, multi-currency strategy, and integration patterns. Trigger keywords: CPQ architecture, quote scalability, bundle design, QCP performance, CPQ integration, large quote, pricing waterfall, ServiceRouter. NOT for a quote that already calculates slowly or times out — use data/cpq-performance-optimization. NOT for configuring individual Price Rules or Discount Schedules — use admin/cpq-pricing-rules.",1.0.0,Spring '25+,false,7,0,Performance;Reliability;Scalability,skills/architect/cpq-architecture-patterns/SKILL.md,2fa1a556f329587ea73a74f37faa4670a832e16f9550c9b0831020856969991a,retain-knowledge-substrate,false,progressive-on-demand,Do not flatten into always-on host context; preserve package and evaluate through product context packs.
architect/cpq-integration-with-erp,architect,cpq-integration-with-erp,"Use this skill when designing or troubleshooting an integration between Salesforce CPQ and an ERP system (SAP, Oracle, NetSuite, Microsoft Dynamics). Covers the canonical order transmission trigger, pricing data mastery strategy, amendment delta-quantity handling, and non-blocking inventory checks during quoting. NOT for syncing standard Accounts, Products or Orders with an ERP in an org without CPQ — use architect/sales-cloud-integration-patterns. NOT for moving CPQ Price Rules and quote templates between orgs — use devops/cpq-deployment-administration.",1.0.0,Spring '25+,false,7,0,Reliability;Performance;Security;Operational Excellence,skills/architect/cpq-integration-with-erp/SKILL.md,424e4a0ce4b25f522623fcef847264aa78e4ca6884aa16634114fd3bc900768f,retain-knowledge-substrate,false,progressive-on-demand,Do not flatten into always-on host context; preserve package and evaluate through product context packs.
architect/cpq-vs-standard-products-decision,architect,cpq-vs-standard-products-decision,"Use when deciding whether to implement Salesforce CPQ or stay with standard Products and Pricebooks for quoting and pricing. Triggers: 'should we buy CPQ or use standard pricebooks', 'is CPQ worth the cost for our quoting process', 'product bundling without CPQ', 'guided selling vs manual product selection', 'complex pricing rules or multi-dimensional discounting'. NOT for designing bundles, the pricing waterfall or QCP once CPQ is chosen — use architect/cpq-architecture-patterns. NOT for picking a CPQ pricing method for a product — use admin/pricing-model-design. NOT for Revenue Cloud / RLM as the alternative to CPQ — use architect/revenue-cloud-architecture.",1.0.0,Spring '25+,false,5,0,Scalability;Reliability;Operational Excellence,skills/architect/cpq-vs-standard-products-decision/SKILL.md,e1a0e996de293feabd1fc9c8dac2cdf4fb70beb25532d541fb90b79ba5b4d852,retain-knowledge-substrate,false,progressive-on-demand,Do not flatten into always-on host context; preserve package and evaluate through product context packs.
architect/crm-analytics-vs-tableau-decision,architect,crm-analytics-vs-tableau-decision,"Use when deciding between CRM Analytics (formerly Einstein Analytics / Tableau CRM) and Tableau Desktop, Tableau Server, or Tableau Cloud for a Salesforce-centric analytics requirement. Triggers: 'CRM Analytics vs Tableau', 'which BI tool for Salesforce', 'Tableau for Salesforce data', 'Einstein Analytics vs Tableau', 'analytics platform decision', 'licensing comparison CRM Analytics Tableau', 'Tableau Next', 'Tableau+ for Salesforce'. NOT for implementation guidance on configuring CRM Analytics datasets, recipes, or Tableau workbooks — use admin/einstein-analytics-basics for that.",1.0.0,Spring '25+,false,5,0,Performance;Scalability;Operational Excellence,skills/architect/crm-analytics-vs-tableau-decision/SKILL.md,a36b30e3a6f312cb22436972168962e61956ee3a0aa916632e64961cb0c8213b,retain-knowledge-substrate,false,progressive-on-demand,Do not flatten into always-on host context; preserve package and evaluate through product context packs.
architect/cross-cloud-data-deployment,architect,cross-cloud-data-deployment,"Cross-cloud data deployment: designing the data handoff when an implementation spans Sales Cloud, Service Cloud, Marketing Cloud, Data Cloud, Commerce Cloud. Shared keys, identity resolution, sync vs event, CDC, Data Cloud as hub. NOT for configuring the Data Cloud identity-resolution ruleset itself — use admin/data-cloud-identity-resolution. NOT for designing Data Cloud DMOs and their relationships — use data/data-cloud-data-model-objects. NOT for integration pattern selection — use the integration-pattern-selection decision tree.",1.0.0,Spring '25+,false,6,0,Scalability;Reliability;Security,skills/architect/cross-cloud-data-deployment/SKILL.md,3584ff6cbbd079e5715f0e7902fd79a07368748e95c476be99008de38ded8494,retain-knowledge-substrate,false,progressive-on-demand,Do not flatten into always-on host context; preserve package and evaluate through product context packs.
architect/customer-effort-scoring,architect,customer-effort-scoring,"Designing a customer experience measurement strategy using CSAT, NPS, and CES metrics in Salesforce Feedback Management: metric selection, survey timing, Feedback Management license requirements, Flow-triggered survey delivery, and CX KPI integration into Service Analytics dashboards. Use when choosing which CX metric to deploy, defining survey timing rules, or connecting survey response data to operational KPIs. NOT for building or configuring the technical survey objects, flows, or email templates (use admin/salesforce-surveys for that). NOT for custom programmatic survey delivery via API.",1.0.0,Spring '25+,false,5,0,Reliability;Operational Excellence;User Experience,skills/architect/customer-effort-scoring/SKILL.md,d317794a8458da3cdd5e38be7ad7ef3a337329b6ff6ca7efb0bbc45461da29fd,retain-knowledge-substrate,false,progressive-on-demand,Do not flatten into always-on host context; preserve package and evaluate through product context packs.
architect/data-cloud-architecture,architect,data-cloud-architecture,"Use when designing or evaluating a Data Cloud implementation architecture — covering data lake strategy (DSO/DLO/DMO layers), identity resolution rule design, activation target configuration, and segmentation strategy. Trigger phrases: Data Cloud architecture design, identity resolution strategy, activation target setup, data lakehouse layers, unified profile design, Data Cloud segment activation, DMO mapping strategy, golden profile design. NOT for configuring a data stream, DLO-to-DMO mapping or Calculated Insights — use data/data-cloud-data-streams. NOT for choosing between Data Cloud and CRM Analytics — use architect/data-cloud-vs-analytics-decision.",1.0.0,Spring '25+,false,7,0,Reliability;Scalability;Performance,skills/architect/data-cloud-architecture/SKILL.md,2514543dd76c419d47172647bc1311056ef6f893cd512df26b7001f92da8053a,retain-knowledge-substrate,false,progressive-on-demand,Do not flatten into always-on host context; preserve package and evaluate through product context packs.
architect/data-cloud-vs-analytics-decision,architect,data-cloud-vs-analytics-decision,"Use when choosing or explaining how Salesforce Data Cloud (Data 360) and CRM Analytics (Tableau CRM / Einstein Analytics) fit together versus overlap — unified data platform vs analytics consumption, Direct Data on Data Model Objects (DMOs), identity and activation vs dashboards and recipes. Triggers: 'Data Cloud vs CRM Analytics', 'when to use Data Cloud versus Einstein Analytics', 'should we buy Data Cloud or CRM Analytics', 'CRM Analytics on Data Cloud DMOs', 'direct data connector Data Cloud', 'analytics on unified profile architecture'. NOT for step-by-step implementation of Data Cloud data streams, identity resolution rules, CRM Analytics recipes, dataflows, or dashboard build — use architect/data-cloud-architecture, admin/data-cloud-identity-resolution, or admin/einstein-analytics-basics for that.",1.0.0,Spring '25+,false,5,0,Performance;Scalability;Operational Excellence;Security,skills/architect/data-cloud-vs-analytics-decision/SKILL.md,c01511d6af00254d278472591211c37b38762d8c1054e88275c1380fb97e65c9,retain-knowledge-substrate,false,progressive-on-demand,Do not flatten into always-on host context; preserve package and evaluate through product context packs.
architect/deployment-automation-architecture,architect,deployment-automation-architecture,"Deployment automation architecture on Salesforce: pipeline orchestration, branch strategy, environment topology, quality gates, release trains. Selecting between Copado, Gearset, Flosum, and native SFDX + GitHub Actions. NOT for cloud-specific deploy mechanics (Industries, Marketing Cloud, Data Cloud) — use architect/cloud-specific-deployment-architecture. NOT for CI/CD tool tutorials.",1.0.0,Spring '25+,false,6,0,Reliability;Scalability;Security,skills/architect/deployment-automation-architecture/SKILL.md,2b2fe516d288191bc06fbeb1349d6083f6d1ca5bb3d0584e2237821613c7674a,retain-knowledge-substrate,false,progressive-on-demand,Do not flatten into always-on host context; preserve package and evaluate through product context packs.
architect/einstein-bot-architecture,architect,einstein-bot-architecture,"Use when designing conversational AI architecture on Salesforce: Einstein Bot dialog design, Agentforce Agent topic planning, intent models, NLU training strategy, bot-to-agent handoff, escalation paths, knowledge article surfacing, and bot analytics. Triggers: 'einstein bot architecture', 'agentforce dialog design', 'bot handoff to agent', 'intent model training'. NOT for multi-agent orchestration or Atlas Reasoning Engine behavior - use architect/conversational-ai-architecture. NOT for the fallback and escalation wording itself - use admin/agent-conversation-design.",1.0.0,Spring '25+,false,5,0,User Experience;Scalability;Reliability,skills/architect/einstein-bot-architecture/SKILL.md,8722dc9142ec710806b155ad76f0ecb047f58a0c9b2917c4008c80dfee02cab1,retain-knowledge-substrate,false,progressive-on-demand,Do not flatten into always-on host context; preserve package and evaluate through product context packs.
architect/embedded-analytics-architecture,architect,embedded-analytics-architecture,"Use this skill to architect CRM Analytics dashboard embedding in Lightning pages, Experience Cloud, or Visualforce — covering dashboard context strategy, filter/state management, cross-dashboard context propagation, performance optimization, and LWC vs Aura component selection. Trigger keywords: embed CRM Analytics dashboard, embedded analytics Lightning page, analytics dashboard filter, wave dashboard LWC, analytics state attribute. NOT for a custom LWC inside a dashboard canvas - use architect/analytics-embedded-components. NOT for building the dashboard's charts and datasets - use admin/analytics-dashboard-design.",1.0.0,Spring '25+,false,6,0,Performance;Reliability;Security,skills/architect/embedded-analytics-architecture/SKILL.md,06f8e2dd61c19d54bb3f24620e5bd107d759b95fd10a3b456e032643692e79c2,retain-knowledge-substrate,false,progressive-on-demand,Do not flatten into always-on host context; preserve package and evaluate through product context packs.
architect/event-driven-architecture,architect,event-driven-architecture,"Use when making architectural style decisions about whether and how to adopt event-driven architecture (EDA) for a Salesforce solution — including selecting a bus pattern, deciding between choreography and orchestration, designing event schema, and evaluating event sourcing feasibility. Triggers: 'should we use event-driven architecture or request-reply for this integration', 'designing an event mesh for Salesforce enterprise integration', 'choreography vs orchestration for our multi-system workflow', 'when does EDA add more complexity than value', 'how to architect event sourcing on Salesforce'. NOT for Platform Events implementation (use integration/event-driven-architecture-patterns). NOT for selecting between specific Salesforce event mechanisms such as Platform Events, CDC, or Pub/Sub API (use integration/event-driven-architecture-patterns).",1.0.0,Spring '25+,false,7,1,Scalability;Reliability;Operational Excellence,skills/architect/event-driven-architecture/SKILL.md,1789c18698a77073ad99e08059e1cb78354db578ea5d4a23a2f89e3d4a4adde3,retain-knowledge-substrate,false,progressive-on-demand,Do not flatten into always-on host context; preserve package and evaluate through product context packs.
architect/experience-cloud-integration-patterns,architect,experience-cloud-integration-patterns,"Use when designing or reviewing integrations between an Experience Cloud site and external systems — SSO identity providers, third-party widgets, external content sources, and behavioral data platforms. Triggers: 'integrate SSO with Experience Cloud site', 'embed third-party chat widget in LWR site', 'connect Data Cloud to Experience Cloud', 'inject Google Tag Manager into Experience Cloud', 'configure SAML for community login', 'allow external IdP login on portal'. NOT for internal Salesforce-to-Salesforce integration, NOT for Apex callout mechanics within Experience Cloud pages, NOT for multi-IdP SSO login-page routing (use lwc/experience-cloud-multi-idp-sso).",1.0.0,Spring '25+,false,7,2,Security;Reliability;Operational Excellence,skills/architect/experience-cloud-integration-patterns/SKILL.md,de63abb02edb00c19db352ed0d90ddafd1916258352983cd47000ae05217d038,retain-knowledge-substrate,false,progressive-on-demand,Do not flatten into always-on host context; preserve package and evaluate through product context packs.
architect/experience-cloud-licensing-model,architect,experience-cloud-licensing-model,"Use this skill to select the correct Experience Cloud external user license type for a portal or community. Trigger keywords: Customer Community vs Partner Community, login-based vs member-based license, External Apps license, external user license selection, Experience Cloud license tiers. NOT for adding members, self-registration or login pages — use admin/experience-cloud-member-management. NOT for bulk-migrating existing portal users between license types — use data/community-user-data-migration.",1.0.0,Spring '25+,false,5,0,Security;Operational Excellence,skills/architect/experience-cloud-licensing-model/SKILL.md,9c7c138a2ea3fea162dcb606e7bb14d21ab65d0f56fb9e5b29a5b0b8c9034cf4,retain-knowledge-substrate,false,progressive-on-demand,Do not flatten into always-on host context; preserve package and evaluate through product context packs.
architect/experience-cloud-performance,architect,experience-cloud-performance,"Use when diagnosing slow Experience Cloud site load times, planning CDN and caching strategy, optimizing page weight, or advising on component loading patterns for Aura and LWR-based sites. Trigger phrases: 'Experience Cloud site loads slowly', 'CDN cache not updating after publish', 'LWR site stale after deployment', 'too many Apex calls on Experience Cloud page', 'browser caching Experience Builder', 'CDN configuration Experience Cloud', 'how to reduce page load time community site', 'Experience Cloud performance audit'. NOT for LWC component-level JavaScript performance (use lwc/lwc-performance). NOT for initial site setup (use admin/experience-cloud-site-setup). NOT for multi-site topology decisions (use architect/multi-site-architecture).",1.0.0,Spring '25+,false,8,0,Performance;Reliability,skills/architect/experience-cloud-performance/SKILL.md,8c801f2a652114080f96f2eebfa1d3b131701928d4f349450f4976089e2ab075,retain-knowledge-substrate,false,progressive-on-demand,Do not flatten into always-on host context; preserve package and evaluate through product context packs.
architect/fhir-integration-architecture,architect,fhir-integration-architecture,"Use this skill when architecting how Health Cloud connects to external EHR/EMR systems via FHIR R4 — integration pattern selection, transformation layer design, MuleSoft Accelerator usage, and EMR bidirectional sync topology. NOT for writing the FHIR calls or HL7 v2 conversion in Apex — use apex/fhir-integration-patterns. NOT for mapping a FHIR resource to an object — use data/fhir-data-mapping.",1.0.0,Spring '25+,false,5,0,Security;Reliability;Scalability;Operational Excellence,skills/architect/fhir-integration-architecture/SKILL.md,7819ece884d465e0d4cd8ba47e485c46c0279796d0ddec3ac90d2f83ba357ef7,retain-knowledge-substrate,false,progressive-on-demand,Do not flatten into always-on host context; preserve package and evaluate through product context packs.
architect/fsc-architecture-patterns,architect,fsc-architecture-patterns,"Use when designing or reviewing a Financial Services Cloud (FSC) solution architecture covering data model selection, Compliant Data Sharing design, integration strategy, and compliance framework alignment. Triggers: 'should I use the managed-package FSC data model or the platform-native model', 'how do I design Compliant Data Sharing for cross-team visibility in FSC', 'FSC integration architecture with core banking', 'which data model does FSC use for households and financial accounts'. NOT for individual FSC feature configuration (use admin/household-model-configuration or admin/financial-account-setup), NOT for person account mechanics outside FSC context (use data/person-accounts), NOT for generic sharing-rule design without FSC compliance requirements (use data/external-user-data-sharing).",1.0.0,Spring '25+,false,7,4,Security;Scalability;Reliability;Operational Excellence,skills/architect/fsc-architecture-patterns/SKILL.md,57bd91c9d10802012ec17c7bb58c69d014541f053f3a3033b9257dcf4510f92e,retain-knowledge-substrate,false,progressive-on-demand,Do not flatten into always-on host context; preserve package and evaluate through product context packs.
architect/fsl-integration-patterns,architect,fsl-integration-patterns,"Use this skill when designing FSL integrations: ERP parts/inventory sync, GPS/fleet management integration, IoT-triggered work order creation, and customer notification workflows. Trigger keywords: FSL ERP integration, ProductConsumed ERP sync, GPS fleet integration FSL, IoT work order trigger, customer notification FSL integration. NOT for Financial Services Cloud integration design — use architect/fsc-architecture-patterns. NOT for bulk-loading Work Order and Service Appointment history — use data/fsl-work-order-migration.",1.0.0,Spring '25+,false,5,0,Reliability;Performance;Security;Operational Excellence,skills/architect/fsl-integration-patterns/SKILL.md,f7d81964ca2ad626b0d0a4c96c2490abf287d02144f1c537485315bf762a138f,retain-knowledge-substrate,false,progressive-on-demand,Do not flatten into always-on host context; preserve package and evaluate through product context packs.
architect/fsl-multi-region-architecture,architect,fsl-multi-region-architecture,"Use this skill when designing FSL for multiple geographic regions or timezones: territory timezone configuration, cross-territory resource assignment, and concurrent optimization serialization. Trigger keywords: multi-region FSL, FSL timezone territories, cross-territory resource scheduling, concurrent optimization territories, international FSL deployment. NOT for choosing an optimization mode or fixing Global optimization timeouts — use architect/fsl-optimization-architecture. NOT for creating a territory, its operating hours or polygon in Setup — use admin/fsl-service-territory-setup.",1.0.0,Spring '25+,false,5,1,Reliability;Performance;Scalability,skills/architect/fsl-multi-region-architecture/SKILL.md,c32fdd048e674faece597b9432f6bfd38d848c5b997cac248f5b1300afb9664f,retain-knowledge-substrate,false,progressive-on-demand,Do not flatten into always-on host context; preserve package and evaluate through product context packs.
architect/fsl-offline-architecture,architect,fsl-offline-architecture,"Use this skill when designing FSL Mobile offline-first architecture: data priming strategy, priming limits, conflict resolution patterns, and sync failure handling. Trigger keywords: FSL offline priming, briefcase sync FSL, offline data limits, conflict resolution MERGE_ACCEPT_YOURS, ghost records FSL. NOT for offline in the standard mobile app — use lwc/lwc-mobile-offline-and-briefcase. NOT for installing, branding or extending the FSL mobile app — use admin/fsl-mobile-app-setup.",1.0.0,Spring '25+,false,5,0,Reliability;Performance;Security,skills/architect/fsl-offline-architecture/SKILL.md,632dc225c4ae5f13a6f5362c7d9e4a6d426e475a15bf9e9b2bb377c314b7d59e,retain-knowledge-substrate,false,progressive-on-demand,Do not flatten into always-on host context; preserve package and evaluate through product context packs.
architect/fsl-optimization-architecture,architect,fsl-optimization-architecture,"Use this skill when designing or evaluating the FSL scheduling engine architecture: optimization mode selection (Global/In-Day/Resource/Reshuffle), ESO adoption strategy, territory sizing for optimization, and fallback planning. Trigger keywords: FSL optimization engine, ESO enhanced scheduling, global optimization timeout, in-day optimization, OAAS architecture, territory optimization design. NOT for tuning an optimization run in Setup — use admin/fsl-scheduling-optimization-design. NOT for per-appointment scheduling API calls — use apex/fsl-scheduling-api.",1.0.0,Spring '25+,false,5,1,Reliability;Performance;Scalability,skills/architect/fsl-optimization-architecture/SKILL.md,cd2899f728675b29b6f0ed9f85bc3d2fcc7af8e1bdb25360172b411f9b5acc3b,retain-knowledge-substrate,false,progressive-on-demand,Do not flatten into always-on host context; preserve package and evaluate through product context packs.
architect/fundraising-integration-patterns,architect,fundraising-integration-patterns,"Use this skill when connecting a Salesforce Nonprofit Cloud or NPSP org to fundraising-adjacent systems: payment gateways via Salesforce.org Elevate, wealth screening tools (iWave, DonorSearch), email marketing platforms (Marketing Cloud, Pardot), and event management platforms. Trigger keywords: payment gateway nonprofit, Elevate payment services, GiftTransaction API, wealth screening integration, iWave Salesforce, DonorSearch scores, donor email marketing sync, event registration fundraising. NOT for writing NPSP BDI gift-ingestion or Enhanced Recurring Donation API code — use apex/npsp-api-and-integration. NOT for a one-off historical gift migration — use data/gift-history-import.",1.0.0,Spring '25+,false,5,0,Security;Reliability;Operational Excellence,skills/architect/fundraising-integration-patterns/SKILL.md,12f75328a047415fc5d4a32a850ea8968b533e6c5b64162f232ce83a4c6272c3,retain-knowledge-substrate,false,progressive-on-demand,Do not flatten into always-on host context; preserve package and evaluate through product context packs.
architect/government-cloud-compliance,architect,government-cloud-compliance,"Use when architecting or assessing a Salesforce Government Cloud org — covering FedRAMP High authorization, Hyperforce GovCloud on AWS GovCloud regions, GovCloud Plus feature set, data residency and US-only data processing, FISMA continuous monitoring, CMS ARC-AMPE controls, NIST 800-53 control mapping, compliance automation patterns, DoD IL2/IL4/IL5 considerations, and multi-org architecture in government deployments. Triggers: FedRAMP, Government Cloud, GovCloud Plus, Hyperforce government, ATO, FISMA, NIST 800-53, CMS ARC-AMPE, IL4 IL5 DoD, data residency US government, compliance evidence automation. NOT for general security reviews (use architect/security-architecture-review or security/* skills). NOT for platform encryption in isolation (use security/platform-encryption). NOT for general Well-Architected reviews (use architect/well-architected-review).",1.0.0,Spring '25+,false,5,2,Security;Reliability,skills/architect/government-cloud-compliance/SKILL.md,d214217b467699566723df76e0525cb9ae8a4fc3d952dbea612fef04f956bff0,retain-knowledge-substrate,false,progressive-on-demand,Do not flatten into always-on host context; preserve package and evaluate through product context packs.
architect/ha-dr-architecture,architect,ha-dr-architecture,"Designing high availability and disaster recovery strategies for Salesforce: Trust site monitoring, backup strategies, cross-region considerations, business continuity planning, RTO/RPO target definition, and failover patterns for integrations. Use when designing org resilience architecture, planning for outages, or defining recovery objectives. NOT for picking a backup product or restore mechanics — use data/salesforce-backup-and-restore. NOT for a security posture review — use architect/security-architecture-review.",1.0.0,Spring '25+,false,5,0,Reliability;Operational Excellence,skills/architect/ha-dr-architecture/SKILL.md,1e46f68d6feadca0a384213e45b1c7cdbf6c9eb36438aa199f8368c7d8a89d9a,retain-knowledge-substrate,false,progressive-on-demand,Do not flatten into always-on host context; preserve package and evaluate through product context packs.
architect/headless-commerce-architecture,architect,headless-commerce-architecture,"Use this skill when designing or evaluating a headless B2C Commerce storefront architecture — covering the Composable Storefront (PWA Kit on Managed Runtime), SCAPI-first API design, frontend framework selection, latency budgets, and caching strategy. NOT for standard SFRA storefronts, Experience Cloud headless CMS delivery, B2B Commerce architecture, or SCAPI implementation-level coding (use apex/headless-commerce-api for that).",1.0.0,Spring '25+,false,5,0,Performance;Security;Scalability,skills/architect/headless-commerce-architecture/SKILL.md,b9a516657abb1725c10843f7cb423bbf5ffa46f295cf1f47a0dfb5f0ace2ddf3,retain-knowledge-substrate,false,progressive-on-demand,Do not flatten into always-on host context; preserve package and evaluate through product context packs.
architect/headless-vs-standard-experience,architect,headless-vs-standard-experience,"Use when choosing between Headless, LWR (Lightning Web Runtime), or Aura as the Experience Cloud frontend architecture: performance tradeoffs, developer cost, migration readiness, and flexibility. Trigger keywords: headless vs LWR, LWR vs Aura, Experience Cloud architecture decision, site performance architecture, community site technology choice. NOT for building the chosen site — branding, domain, Experience Builder pages — use admin/experience-cloud-site-setup. NOT for LWR themes and custom components — use lwc/lwr-site-development. NOT for headless CMS delivery via Connect REST API — use lwc/headless-experience-cloud.",1.0.0,Spring '25+,false,6,0,Performance;Operational Excellence;Security,skills/architect/headless-vs-standard-experience/SKILL.md,b60a2d27b991d65f1e02cbd2d0723c70039efa010c613675c8dc43f44e941569,retain-knowledge-substrate,false,progressive-on-demand,Do not flatten into always-on host context; preserve package and evaluate through product context packs.
architect/health-cloud-data-residency,architect,health-cloud-data-residency,"Use this skill when architecting Health Cloud orgs that must satisfy geographic data residency, HIPAA, GDPR, or national health-data regulations on Hyperforce — scoping the HIPAA BAA, mapping transient processing exceptions, and the features that require separate compliance addenda. NOT for choosing a Hyperforce region or planning a Hyperforce migration outside healthcare — use architect/hyperforce-architecture. NOT for Shield encryption and HIPAA technical safeguards — use architect/hipaa-compliance-architecture.",1.0.0,Spring '25+,false,5,0,Security;Reliability;Operational Excellence,skills/architect/health-cloud-data-residency/SKILL.md,0d08643fd4a5f3395aff9b320000e10ee3f9659e0168f3b1b3ea3f2fabbbff05,retain-knowledge-substrate,false,progressive-on-demand,Do not flatten into always-on host context; preserve package and evaluate through product context packs.
architect/health-cloud-multi-cloud-strategy,architect,health-cloud-multi-cloud-strategy,"Use this skill when designing the license model, cloud topology, and org structure for a Salesforce Health Cloud implementation that involves more than one Salesforce cloud product (Experience Cloud patient portals, OmniStudio engagement flows, Marketing Cloud care campaigns, or Service Cloud case management). Trigger keywords: Health Cloud multi-cloud, patient portal licensing, Health Cloud Experience Cloud add-on, OmniStudio Health Cloud PSL, Marketing Cloud HIPAA BAA healthcare, multi-cloud healthcare org design. NOT for deciding whether the org serves a payer or a provider and which objects follow — use architect/payer-vs-provider-architecture. NOT for Health Cloud object and field definitions — use data/health-cloud-data-model.",1.0.0,Spring '25+,false,6,0,Security;Reliability;Scalability,skills/architect/health-cloud-multi-cloud-strategy/SKILL.md,3945886a822b5077a52cbcd1ca20a615e4e34010404e71c9a66c7f8a278bc5ed,retain-knowledge-substrate,false,progressive-on-demand,Do not flatten into always-on host context; preserve package and evaluate through product context packs.
architect/high-volume-sales-data-architecture,architect,high-volume-sales-data-architecture,"Use when designing or reviewing Salesforce orgs with large Opportunity and Account volumes, including archival strategy, report performance, data skew prevention, SOQL tuning for sales queries, and index planning. Triggers: 'opportunity table is slow', 'account ownership skew', 'sales report timing out', 'archive old opportunities'. NOT for org-wide LDV design on non-sales objects - use architect/large-data-volume-architecture. NOT for tuning one query or reading a Query Plan - use data/soql-query-optimization.",1.0.0,Spring '25+,false,4,0,Performance;Scalability;Reliability,skills/architect/high-volume-sales-data-architecture/SKILL.md,333d66d6f76b65f65a6d6aeb229722af076decf6ae0d8ff554c6e0beaafd8a45,retain-knowledge-substrate,false,progressive-on-demand,Do not flatten into always-on host context; preserve package and evaluate through product context packs.
architect/hipaa-compliance-architecture,architect,hipaa-compliance-architecture,"Use this skill to design HIPAA-compliant Salesforce org architectures for healthcare organizations storing or processing Protected Health Information (PHI). Trigger keywords: HIPAA BAA, PHI storage, Shield encryption, Health Cloud compliance, HIPAA technical safeguards, covered entity Salesforce architecture. NOT for minimum-necessary access design — use admin/hipaa-workflow-design. NOT for non-healthcare org security review — use architect/security-architecture-review.",1.0.0,Spring '25+,false,5,0,Security;Reliability;Operational Excellence,skills/architect/hipaa-compliance-architecture/SKILL.md,9245a408e03cf9841f0233e76aff8bd62416697c10b43d65aef02b85ad06da98,retain-knowledge-substrate,false,progressive-on-demand,Do not flatten into always-on host context; preserve package and evaluate through product context packs.
architect/hybrid-integration-architecture,architect,hybrid-integration-architecture,"Use this skill when designing hybrid on-premises-to-Salesforce integration architectures: DMZ relay patterns, reverse proxy configuration, VPN connectivity, and Salesforce Private Connect (AWS PrivateLink) topology. Trigger keywords: on-premises to Salesforce integration network topology, DMZ relay Salesforce, hybrid integration VPN, Private Connect architecture, data residency Salesforce hybrid. NOT for choosing the authentication mechanism — mTLS, OAuth flow, API gateway placement — use architect/integration-security-architecture. NOT for the Setup steps that configure Private Connect peering — use integration/private-connect-setup.",1.0.0,Spring '25+,false,6,0,Security;Reliability,skills/architect/hybrid-integration-architecture/SKILL.md,5ab1d8d3cb36ef1a9f0719ede0ee246e131da7e4777ee72da206ac29f2fb80ac,retain-knowledge-substrate,false,progressive-on-demand,Do not flatten into always-on host context; preserve package and evaluate through product context packs.
architect/hyperforce-architecture,architect,hyperforce-architecture,"Use when an architect must plan a Hyperforce migration, choose a Hyperforce region, validate Hyperforce-only feature dependencies, or assess data-residency and IP-allowlisting impact. Triggers: 'hyperforce migration', 'hyperforce region selection', 'first-generation infrastructure to hyperforce', 'hyperforce ip allowlisting', 'data residency on hyperforce', 'hyperforce features not on first gen'. NOT for general HA/DR strategy (use architect/ha-dr-architecture), NOT for Salesforce Functions decommission (use integration/salesforce-functions-replacement), NOT for vertical-specific data residency (use architect/health-cloud-data-residency or architect/government-cloud-compliance).",1.0.0,Spring '25+,false,6,0,Reliability;Security;Operational Excellence,skills/architect/hyperforce-architecture/SKILL.md,f4329ff252d16238b44cee2fc367661637ccf4add434b5b52d4b1ec47f0f6055,retain-knowledge-substrate,false,progressive-on-demand,Do not flatten into always-on host context; preserve package and evaluate through product context packs.
architect/industries-cloud-selection,architect,industries-cloud-selection,"Use this skill when selecting which Salesforce Industries (vertical) cloud fits a customer's industry and requirements — evaluating data model compatibility, licensing implications, and customization vs configuration tradeoffs before committing to a vertical cloud; pre-purchase selection only, not configuration or OmniStudio development. Trigger keywords: which industry cloud should I use, Communications Cloud vs Health Cloud, Industries licensing, vertical cloud selection, Salesforce Industries portfolio, industry cloud comparison. NOT for Industries CPQ vs Salesforce CPQ selection — use omnistudio/industries-cpq-vs-salesforce-cpq. NOT for the object model of a chosen vertical — use architect/industries-data-model.",1.0.0,Spring '26+,false,5,0,Reliability;Scalability;Operational Excellence,skills/architect/industries-cloud-selection/SKILL.md,0d5fcb6625f33db628840bc5b4d2a97a6085bb583a66fec774be60c4e14f1f6a,retain-knowledge-substrate,false,progressive-on-demand,Do not flatten into always-on host context; preserve package and evaluate through product context packs.
architect/industries-data-model,architect,industries-data-model,"Reference guide for Salesforce Industries cloud data models: Insurance Cloud (InsurancePolicy hierarchy), Communications Cloud (Account record types, BillingAccount), Energy & Utilities (ServicePoint, ServiceContract), and Health Cloud (CarePlan, FHIR-aligned patient objects). NOT for Health Cloud clinical objects in depth, HC24 vs FHIR R4 — use data/health-cloud-data-model. NOT for insurance module licensing, claims and underwriting design — use architect/insurance-cloud-architecture.",1.0.0,Spring '25+,false,5,2,Reliability;Operational Excellence,skills/architect/industries-data-model/SKILL.md,b94580f7a5a4205d5f5d1f1c3114d04415a988cb7faa9384333d6bb389c63e22,retain-knowledge-substrate,false,progressive-on-demand,Do not flatten into always-on host context; preserve package and evaluate through product context packs.
architect/industries-integration-architecture,architect,industries-integration-architecture,"Use when designing or reviewing the integration layer between Salesforce Industries clouds (Insurance, Communications, Energy & Utilities) and vertical backend systems such as policy administration systems, BSS/OSS platforms, or Customer Information Systems (CIS). NOT for calling a named Industries API (TMF679, InsurancePolicy Connect) — use omnistudio/industries-api-extensions. NOT for FSC data model or module licensing — use architect/insurance-cloud-architecture.",1.0.0,Spring '25+,false,5,0,Reliability;Security;Performance,skills/architect/industries-integration-architecture/SKILL.md,6f0a54508f1a6de00b0c679ebfae44032b00dbe681716fe5c055d53dca23f5d0,retain-knowledge-substrate,false,progressive-on-demand,Do not flatten into always-on host context; preserve package and evaluate through product context packs.
architect/insurance-cloud-architecture,architect,insurance-cloud-architecture,"Architecture guidance for Salesforce Insurance Cloud on FSC: module licensing strategy, policy administration object model, claims processing workflow design, underwriting rule integration, and channel routing. NOT for enabling insurance objects, coverage types or claim config in Setup — use admin/industries-insurance-setup. NOT for FSC retail banking and lending architecture — use architect/banking-lending-architecture.",1.0.0,Spring '25+,false,5,2,Security;Reliability;Performance,skills/architect/insurance-cloud-architecture/SKILL.md,47752352853d80fbc8d3e5160a0152852d2374bd5532830ca9f93c7664958462,retain-knowledge-substrate,false,progressive-on-demand,Do not flatten into always-on host context; preserve package and evaluate through product context packs.
architect/integration-framework-design,architect,integration-framework-design,"Use when designing a reusable integration layer in Salesforce that serves multiple external APIs through a shared callout infrastructure. Triggers: 'how to design a reusable integration layer in Salesforce', 'architect an Apex callout framework for multiple APIs', 'create a centralized error handling pattern for integrations', 'service interface pattern for external APIs', 'factory pattern for dynamic API resolution', 'centralized callout dispatcher'. NOT for individual API implementation (use apex/callouts-and-http-integrations), NOT for Named Credential setup (use integration/named-credentials-setup), NOT for async callout patterns (use apex/continuation-callouts).",1.0.0,Spring '25+,false,8,3,Reliability;Scalability;Operational Excellence,skills/architect/integration-framework-design/SKILL.md,cf16d77bfcab1a598f9a96404760a1af7ddaa6baa6ae669d7116677cf6031362,retain-knowledge-substrate,false,progressive-on-demand,Do not flatten into always-on host context; preserve package and evaluate through product context packs.
architect/integration-security-architecture,architect,integration-security-architecture,"Architecture-layer guidance for securing Salesforce integrations: mTLS mutual authentication, OAuth 2.0 flow selection, API gateway placement, IP allowlisting strategy on Hyperforce, and certificate lifecycle management. Trigger keywords: mTLS, mutual TLS, Hyperforce IP allowlisting, Salesforce Private Connect, certificate limit, integration authentication architecture. NOT for wiring mTLS onto one Named Credential — use integration/mutual-tls-callouts. NOT for Named Credential and External Credential field setup — use integration/named-credentials-setup. NOT for connected app registration and OAuth app setup — use admin/connected-apps-and-auth. NOT for Apex callout code patterns — use apex/callouts-and-http-integrations.",1.0.0,Spring '25+,false,7,1,Security;Reliability;Operational Excellence,skills/architect/integration-security-architecture/SKILL.md,7c3f80330808f9e06f64fbce55fbc48e917d1fd709876e73208cef2603460002,retain-knowledge-substrate,false,progressive-on-demand,Do not flatten into always-on host context; preserve package and evaluate through product context packs.
architect/knowledge-taxonomy-design,architect,knowledge-taxonomy-design,"Use when designing or restructuring a Salesforce Knowledge taxonomy: Data Category Group structure, hierarchy depth, article type selection, article lifecycle governance (Draft/Published/Archived), Validation Status gating, and content gap analysis via KCS methodology and Search Activity Gaps. Triggers: knowledge taxonomy design, data category hierarchy, knowledge article lifecycle, knowledge governance model, KCS content gap analysis, search activity gaps, knowledge category structure. NOT for enabling Lightning Knowledge, Knowledge__kav record types or Data Category visibility setup — use admin/knowledge-base-administration. NOT for choosing Salesforce Knowledge vs an external CMS — use architect/knowledge-vs-external-cms.",1.0.0,Spring '25+,false,7,0,Scalability;Operational Excellence;User Experience,skills/architect/knowledge-taxonomy-design/SKILL.md,ae72e916f909437297fd1634114d814c0aaa2161a6b7ec698fb304d45dae54e9,retain-knowledge-substrate,false,progressive-on-demand,Do not flatten into always-on host context; preserve package and evaluate through product context packs.
architect/knowledge-vs-external-cms,architect,knowledge-vs-external-cms,"Use when deciding between Salesforce Knowledge, an external CMS (Contentful, WordPress, AEM), or a hybrid content strategy. Triggers: 'should we use Salesforce Knowledge or a CMS', 'content federation across Salesforce and headless CMS', 'CMS Connect for Experience Cloud', 'agent-facing vs customer-facing content architecture'. NOT for setting up CMS workspaces, content types or publishing — use admin/experience-cloud-cms-content. NOT for building a React or mobile frontend on the CMS delivery API — use lwc/headless-experience-cloud.",1.0.0,Spring '25+,false,4,0,Scalability;User Experience;Operational Excellence,skills/architect/knowledge-vs-external-cms/SKILL.md,fb7000512c3f464e05deb6b271a4bc8b75d2024d68403c8c74c3607b65088bb2,retain-knowledge-substrate,false,progressive-on-demand,Do not flatten into always-on host context; preserve package and evaluate through product context packs.
architect/large-data-volume-architecture,architect,large-data-volume-architecture,"Use when designing or reviewing org-wide large data volume (LDV) concerns: query optimizer behavior and selectivity, custom indexes and skinny tables, sharing and ownership skew, bulk data loads, archival to Big Objects, and divisions. Triggers: LDV architecture review, skinny table request, ownership skew hurting sharing, millions of records on custom object, bulk load performance, 40 million rows on one object and queries crawl, tens of millions of records and everything is slow, object has grown too large and reports time out. NOT for rewriting individual SOQL statements or interpreting Query Plan output in isolation (use data/soql-query-optimization), sales-only Opportunity and Account skew playbooks (use architect/high-volume-sales-data-architecture), or Marketing Cloud data extensions.",1.0.0,Spring '25+,false,5,0,Performance;Scalability;Reliability,skills/architect/large-data-volume-architecture/SKILL.md,53c8d8009c7abb4a588609bd162c8677e2a5156b619064f48c21afaaed62c082,retain-knowledge-substrate,false,progressive-on-demand,Do not flatten into always-on host context; preserve package and evaluate through product context packs.
architect/license-optimization-strategy,architect,license-optimization-strategy,"Auditing, right-sizing, and reclaiming Salesforce licenses to reduce cost and ensure compliant allocation. Trigger keywords: license audit, license cost reduction, unused licenses, permission set license, login-based license, inactive users, license reclamation, right-size licenses. NOT for whether a feature needs an edition upgrade or add-on license — use architect/org-edition-and-feature-licensing. NOT for choosing an Experience Cloud external user license type — use architect/experience-cloud-licensing-model.",1.0.0,Spring '25+,false,5,0,Operational Excellence;Security,skills/architect/license-optimization-strategy/SKILL.md,79e2d994ff9012b5c9a0b162015c1bbe8c8fcaa8a8c703f1f77c4c241985f4ea,retain-knowledge-substrate,false,progressive-on-demand,Do not flatten into always-on host context; preserve package and evaluate through product context packs.
architect/limits-and-scalability-planning,architect,limits-and-scalability-planning,"Use when planning a new org build for scale, auditing an existing org for governor limit exposure, or investigating a limit-related incident. Trigger phrases: 'org is hitting governor limits', 'how many custom objects can we have', 'will our data volume cause performance issues', 'batch job keeps failing with limit errors', 'planning for 10 million records', 'platform event throughput limits', 'SOQL limit exceeded in production'. NOT for one transaction's limits - use apex/governor-limits. NOT for tuning an individual SOQL query - use data/soql-query-optimization. NOT for Batch Apex authoring mechanics - use apex/batch-apex-patterns.",1.0.0,Spring '25+,false,7,0,Scalability;Performance;Reliability;Operational Excellence,skills/architect/limits-and-scalability-planning/SKILL.md,ad1c601daac4ed2f570beab875ce9339210cc6a0290bd908003c7c9c7c1f1b0f,retain-knowledge-substrate,false,progressive-on-demand,Do not flatten into always-on host context; preserve package and evaluate through product context packs.
architect/loyalty-program-architecture,architect,loyalty-program-architecture,"Use when designing or reviewing the architecture of a Salesforce Loyalty Management program before configuration begins — tier-ladder economics, qualifying-vs-non-qualifying currency split, point inflation/deflation modeling, fraud-prevention controls, partner-network topology, multi-region program federation, and tier-descalation policy. Triggers: 'designing a loyalty program', 'how many tiers should we have', 'point economy design', 'preventing loyalty fraud', 'partner loyalty architecture', 'multi-region loyalty rollout', 'tier descalation policy', 'how do we set the qualifying threshold'. NOT for hands-on Loyalty Management setup (use integration/loyalty-management-setup) — this skill produces the architecture document, not the configuration steps. NOT for Marketing Cloud engagement programs (different product). NOT for B2B partner programs that aren't loyalty (regular Sales Cloud opportunity tracking applies).",1.0.0,Spring '25+,false,8,0,Reliability;Scalability;Security,skills/architect/loyalty-program-architecture/SKILL.md,b578d5562eaf08e8904e0cf1905be0e32eb8d0556b5341faad878f636d7aa582,retain-knowledge-substrate,false,progressive-on-demand,Do not flatten into always-on host context; preserve package and evaluate through product context packs.
architect/marketing-cloud-vs-mcae-selection,architect,marketing-cloud-vs-mcae-selection,"Use this skill when selecting between Marketing Cloud Engagement (MCE) and Marketing Cloud Account Engagement (MCAE/Pardot) for a Salesforce marketing implementation. Trigger keywords: MCE vs MCAE, Marketing Cloud vs Pardot, B2B vs B2C marketing platform, which marketing cloud product, marketing platform selection. NOT for configuring an MCAE business unit and its Salesforce connector — use admin/mcae-pardot-setup. NOT for setting up MCE business units, roles and sender profiles — use admin/marketing-cloud-engagement-setup.",1.0.0,Spring '25+,false,5,0,Scalability;Operational Excellence;Reliability,skills/architect/marketing-cloud-vs-mcae-selection/SKILL.md,c5b53e9f2dfdbebbb278c201fdccbb3c737ebb7d46c09141d0446dbf6ca09ce2,retain-knowledge-substrate,false,progressive-on-demand,Do not flatten into always-on host context; preserve package and evaluate through product context packs.
architect/marketing-consent-architecture,architect,marketing-consent-architecture,"Consent management architecture across Marketing Cloud and CRM: data model design, cross-system sync patterns, and compliance design for GDPR/CCPA. Trigger keywords: consent data model, ContactPointConsent, ContactPointTypeConsent, Individual object, CRM system of record, MC consent sync, opt-in opt-out architecture, data use purpose, lawful basis. NOT for Subscription or Preference Center setup, publication lists and unsubscribe handling — use admin/consent-management-marketing. NOT for right-to-be-forgotten and data subject requests in CRM — use security/gdpr-data-privacy.",1.0.0,Spring '25+,false,6,2,Security;Reliability;Operational Excellence,skills/architect/marketing-consent-architecture/SKILL.md,53ad3b14ba338ff836f3e3ae3db972084fa2564eea7702831bc9b135c1a57603,retain-knowledge-substrate,false,progressive-on-demand,Do not flatten into always-on host context; preserve package and evaluate through product context packs.
architect/marketing-data-architecture,architect,marketing-data-architecture,"Use this skill when designing or evaluating the overall Marketing Cloud data architecture — covering Data Extension schema design (sendable vs. non-sendable), Contact Key/SubscriberKey linkage across All Subscribers and attribute DEs, Data Relationship definitions for AMPscript Lookup and Query Activity joins, and CRM-to-MC data flow patterns (MC Connect Synchronized DEs vs. SFTP file imports). Trigger keywords: MC data model, relational data extensions, CRM to Marketing Cloud data flow, Contact Key linkage, data architecture, sendable DE design, normalized DE model, SFTP import strategy, synchronized data extension architecture. NOT for one Data Extension's keys and retention — use data/data-extension-design. NOT for diagnosing MC Connect synchronized DE sync failures — use data/marketing-cloud-data-sync.",1.0.0,Spring '25+,false,7,0,Performance;Reliability;Security;Operational Excellence,skills/architect/marketing-data-architecture/SKILL.md,d48067960f9551c3369bf77d7dcd23bc2de2384662c3053ac52419e7223b9229,retain-knowledge-substrate,false,progressive-on-demand,Do not flatten into always-on host context; preserve package and evaluate through product context packs.
architect/marketing-integration-patterns,architect,marketing-integration-patterns,"Use when designing or selecting an integration pattern between Marketing Cloud and an external system or Salesforce CRM — including Triggered Sends, Journey injection via Event API, async batch contact entry, SFTP file-based batch sync, and MC Connect Synchronized Data Extensions. Triggers: 'send transactional email from external app', 'inject contacts into a journey from e-commerce', 'batch sync customer records into Marketing Cloud', 'connect Marketing Cloud to Salesforce CRM', 'real-time triggered messages from external platform'. NOT for generic integration framework design unrelated to Marketing Cloud, NOT for Marketing Cloud Automation Studio scripting logic, NOT for Salesforce core-to-core integration patterns (use architect/sales-cloud-integration-patterns).",1.0.0,Spring '25+,false,5,2,Security;Reliability;Scalability,skills/architect/marketing-integration-patterns/SKILL.md,feb8fae0c314079317883176852d22ba7d74ff71f63266a2d0a14ce18a66cbc6,retain-knowledge-substrate,false,progressive-on-demand,Do not flatten into always-on host context; preserve package and evaluate through product context packs.
architect/metadata-coverage-and-dependencies,architect,metadata-coverage-and-dependencies,"Assessing metadata type coverage across Salesforce deployment channels (Metadata API, SFDX, unlocked packages, managed packages) and mapping component dependency graphs using Tooling API MetadataComponentDependency. Use when planning packaging strategies, evaluating deployment risk, or performing impact analysis before component deletion. Trigger keywords: metadata coverage report, dependency graph, MetadataComponentDependency, impact analysis, unsupported metadata types, packaging eligibility. NOT for a deployment that already failed on an unsupported type — use devops/metadata-api-coverage-gaps. NOT for writing package.xml or running retrieve and deploy — use apex/metadata-api-and-package-xml.",1.0.0,Spring '25+,false,7,0,Scalability;Operational Excellence,skills/architect/metadata-coverage-and-dependencies/SKILL.md,82a2d97589036dc70855931d0a2f02c2234a7b6f4145bf1d7bc5580aac4925e0,retain-knowledge-substrate,false,progressive-on-demand,Do not flatten into always-on host context; preserve package and evaluate through product context packs.
architect/migration-architecture-patterns,architect,migration-architecture-patterns,"Architectural patterns for org migration — org merge (consolidate two orgs into one), org split (separate one org into two), and coexistence (run both for a transition period with identity / data / metadata bridges). Covers the pre-migration metadata audit (the most-skipped step), the why-vs-how decision separation for splits, record-Id remapping for external systems that hardcoded 15/18-digit IDs, and rollback-safe deployment windows. NOT for the go-live cutover sequencing itself (use devops/go-live-cutover-planning), NOT for the upstream multi-org-strategy decision (use architect/multi-org-strategy).",1.0.0,Spring '25+,false,6,0,Reliability;Security;Operational Excellence,skills/architect/migration-architecture-patterns/SKILL.md,b9640ededcd1e43fd2295ecc1900403f4665e69268cc0d052d9c98b343d21649,retain-knowledge-substrate,false,progressive-on-demand,Do not flatten into always-on host context; preserve package and evaluate through product context packs.
architect/mulesoft-anypoint-architecture,architect,mulesoft-anypoint-architecture,"Use when designing or evaluating MuleSoft Anypoint Platform deployment topology, runtime model selection, API governance with API Manager, or Anypoint Exchange strategy. Trigger keywords: CloudHub, Runtime Fabric, Anypoint Platform, API Manager, Anypoint Exchange, MuleSoft runtime model, private space, Anypoint Security. NOT for Salesforce-native integration patterns (use integration/api-led-connectivity), NOT for Salesforce Connector configuration in MuleSoft (use integration/mulesoft-salesforce-connector), NOT for MuleSoft flow implementation or DataWeave scripting.",1.0.0,Spring '25+,false,5,0,Security;Operational Excellence;Reliability;Performance,skills/architect/mulesoft-anypoint-architecture/SKILL.md,5521858e15a78b6056c88419207685c215db269bb510d9783836f83fe55ec918,retain-knowledge-substrate,false,progressive-on-demand,Do not flatten into always-on host context; preserve package and evaluate through product context packs.
architect/multi-bu-marketing-architecture,architect,multi-bu-marketing-architecture,"Use this skill when designing or evaluating a Marketing Cloud Engagement multi-Business-Unit hierarchy — covering Enterprise 2.0 parent/child BU structure, Shared Data Extensions, cross-BU user provisioning, and data segregation governance. NOT for configuring business units, user roles, sender and delivery profiles in one account — use admin/marketing-cloud-engagement-setup. NOT for choosing between Marketing Cloud Engagement and Account Engagement (Pardot) — use architect/marketing-cloud-vs-mcae-selection.",1.0.0,Spring '25+,false,5,0,Security;Operational Excellence;Scalability,skills/architect/multi-bu-marketing-architecture/SKILL.md,5e9aec69cc661e1943a841f3554e4063fa5bfcb68e737ea9b8b0de39125f88a0,retain-knowledge-substrate,false,progressive-on-demand,Do not flatten into always-on host context; preserve package and evaluate through product context packs.
architect/multi-channel-service-architecture,architect,multi-channel-service-architecture,"Use when designing a unified multi-channel service strategy spanning phone (Service Cloud Voice), email (Email-to-Case), chat (Messaging for In-App/Web), social, and SMS with Omni-Channel routing. Triggers: channel prioritization, unified routing across channels, service channel migration, multi-channel capacity planning. NOT for end-to-end contact centre design - use architect/service-cloud-architecture. NOT for enabling Omni-Channel and creating Service Channels - use admin/omni-channel-routing-setup.",1.0.0,Spring '25+,false,5,0,Scalability;Reliability;Operational Excellence,skills/architect/multi-channel-service-architecture/SKILL.md,eff10d451dd6c5c081d9fcb3b8d2a6dfdb78aa0026786fd2af3abf7a77d407ee,retain-knowledge-substrate,false,progressive-on-demand,Do not flatten into always-on host context; preserve package and evaluate through product context packs.
architect/multi-currency-sales-architecture,architect,multi-currency-sales-architecture,"Use when designing or reviewing multi-currency behavior in Sales Cloud: advanced currency management (ACM), dated exchange rates, converted amount field behavior, roll-up summary currency handling, and reporting currency implications. Triggers: 'multi-currency reporting wrong amounts', 'dated exchange rates architecture', 'ACM converted amount fields'. NOT for enabling multi-currency itself - use data/multi-currency-and-advanced-currency-management.",1.0.0,Spring '25+,false,5,0,Reliability;Performance;Operational Excellence,skills/architect/multi-currency-sales-architecture/SKILL.md,f3792e96ff149560b2ae2a29cb1dcba3464f2b5832ae8799000a31d00c23811e,retain-knowledge-substrate,false,progressive-on-demand,Do not flatten into always-on host context; preserve package and evaluate through product context packs.
architect/multi-org-strategy,architect,multi-org-strategy,"Use when deciding whether to use multiple Salesforce production orgs, designing a hub-and-spoke integration topology, reviewing an existing multi-org architecture for risk, or troubleshooting cross-org integration failures. Trigger phrases: 'should we have separate Salesforce orgs', 'how do we share data between two orgs', 'we acquired a company that uses Salesforce', 'our EU data must stay in Europe', 'cross-org integration keeps hitting API limits', 'Salesforce-to-Salesforce stopped working', 'how do we do SSO across multiple orgs'. NOT for sandbox topology, refresh cadence and masking — use admin/sandbox-strategy. NOT for building the cross-org sync itself (S2S, cross-org Platform Events, Salesforce Connect) — use integration/salesforce-to-salesforce-integration.",1.0.0,Spring '25+,false,7,0,Security;Scalability;Reliability;Operational Excellence,skills/architect/multi-org-strategy/SKILL.md,93102c1dffa535db72ceb95fd6031d99015258aad68bb331ca00c026de20ac9a,retain-knowledge-substrate,false,progressive-on-demand,Do not flatten into always-on host context; preserve package and evaluate through product context packs.
architect/multi-site-architecture,architect,multi-site-architecture,"Use when designing a strategy for multiple Experience Cloud sites within one Salesforce org, selecting a domain and URL pattern, planning shared LWC component libraries, designing cross-site navigation, managing the org's 100-site quota, or deciding between multi-site vs multi-org for portal needs. Trigger phrases: 'multiple Experience Cloud sites architecture', 'multi-portal strategy Salesforce', 'cross-site navigation Experience Cloud', 'domain strategy community portals', 'shared components across sites', 'how many Experience Cloud sites can I have', 'customer and partner portal same org', 'regional sub-portals Salesforce'. NOT for single Experience Cloud site setup (use admin/experience-cloud-site-setup). NOT for Experience Cloud page layout or component development in isolation. NOT for multi-org strategy (use architect/multi-org-strategy).",1.0.0,Spring '25+,false,7,0,Security;Scalability;Operational Excellence,skills/architect/multi-site-architecture/SKILL.md,50f76d2a0ba4fe6e204051b070089edef2465f2fd887e3196785887068e45fd8,retain-knowledge-substrate,false,progressive-on-demand,Do not flatten into always-on host context; preserve package and evaluate through product context packs.
architect/multi-store-architecture,architect,multi-store-architecture,"Multi-store Commerce architecture: shared catalog, localization, multi-currency, multi-language, and regional storefront design for B2B, D2C, and SFCC deployments. Trigger keywords: multi-store, regional storefronts, shared catalog, multi-currency commerce, localization, multiple WebStores. NOT for creating one WebStore with buyer groups and entitlement policies — use admin/b2b-commerce-store-setup. NOT for choosing between B2B Commerce on Core and B2C Commerce (SFCC) — use architect/b2b-vs-b2c-architecture.",1.0.0,Spring '25+,false,5,0,Scalability;Performance,skills/architect/multi-store-architecture/SKILL.md,c5d9f05358b73b86c9ebe8db8f91eee00e074c0ab3ef12c3bba2a5c2351d2ff6,retain-knowledge-substrate,false,progressive-on-demand,Do not flatten into always-on host context; preserve package and evaluate through product context packs.
architect/nfr-definition-for-salesforce,architect,nfr-definition-for-salesforce,"Defining measurable non-functional requirements for Salesforce implementations: performance SLIs, scalability targets, availability SLAs, security and compliance requirements, usability benchmarks. Use when starting architecture design or preparing for go-live sign-off. NOT for technical implementation of those requirements. NOT for HA/DR and failover planning — use architect/ha-dr-architecture. NOT for governor limit and scale headroom analysis — use architect/limits-and-scalability-planning.",1.0.0,Spring '25+,false,5,0,Reliability;Security;Performance,skills/architect/nfr-definition-for-salesforce/SKILL.md,8895b2fdd912fbbc5e2259023124d2663efa80d71007074884cfbef4bc6f587d,retain-knowledge-substrate,false,progressive-on-demand,Do not flatten into always-on host context; preserve package and evaluate through product context packs.
architect/nonprofit-cloud-vs-npsp-migration,architect,nonprofit-cloud-vs-npsp-migration,"Nonprofit Cloud vs NPSP decision and migration: choose NPSP (managed package) or Nonprofit Cloud (native), plan data migration, Account Model differences, Program Management, fundraising. NOT for the go/stay decision alone, with no migration to plan - use architect/npsp-vs-nonprofit-cloud-decision. NOT for designing the NPC module and platform architecture - use architect/nonprofit-platform-architecture.",1.0.0,Spring '25+,false,7,0,Scalability;Security;Reliability,skills/architect/nonprofit-cloud-vs-npsp-migration/SKILL.md,19e976b4a1c4b4f5bc755b22619e2ab73f8c90751168f89432f031873ade6010,retain-knowledge-substrate,false,progressive-on-demand,Do not flatten into always-on host context; preserve package and evaluate through product context packs.
architect/nonprofit-platform-architecture,architect,nonprofit-platform-architecture,"Use this skill when designing or evaluating the holistic platform architecture for a Nonprofit Cloud (Agentforce Nonprofit) implementation — module selection, data model foundations, integration strategy, and phased adoption across the six independently licensable modules. Trigger keywords: Nonprofit Cloud architecture, NPC platform design, nonprofit Salesforce architecture, program and fundraising architecture, nonprofit data model strategy, Agentforce Nonprofit. NOT for deciding whether to stay on NPSP or move to NPC — use architect/npsp-vs-nonprofit-cloud-decision. NOT for planning the NPSP-to-NPC data migration — use architect/nonprofit-cloud-vs-npsp-migration.",1.0.0,Spring '25+,false,7,0,Scalability;Reliability;Operational Excellence;Security,skills/architect/nonprofit-platform-architecture/SKILL.md,0b6762433b0e4b31e1e3ef06716ac4cbe5c71693b5e0e37ff366ce6221069d40,retain-knowledge-substrate,false,progressive-on-demand,Do not flatten into always-on host context; preserve package and evaluate through product context packs.
architect/npsp-vs-nonprofit-cloud-decision,architect,npsp-vs-nonprofit-cloud-decision,"Use this skill when an organization must decide whether to stay on NPSP (Nonprofit Success Pack) or move to Nonprofit Cloud (NPC), evaluate the timeline for that move, and understand what the migration entails at an architectural level. Trigger keywords: NPSP vs Nonprofit Cloud, upgrade NPSP, migrate to NPC, nonprofit platform decision, NPSP end of life, Nonprofit Cloud vs NPSP comparison. NOT for migration execution: object mapping and phased data conversion - use architect/nonprofit-cloud-vs-npsp-migration. NOT for designing the NPC module architecture - use architect/nonprofit-platform-architecture.",1.0.0,Spring '25+,false,7,0,Scalability;Operational Excellence;Reliability,skills/architect/npsp-vs-nonprofit-cloud-decision/SKILL.md,59fd87f411aa879def2516fa21fbeb4caed9ec3d521c019ba099a068e9641533,retain-knowledge-substrate,false,progressive-on-demand,Do not flatten into always-on host context; preserve package and evaluate through product context packs.
architect/omni-channel-capacity-model,architect,omni-channel-capacity-model,"Designing Omni-Channel capacity models for service orgs: agent capacity allocation, channel weighting (cases, chats, calls), skills matrix design, overflow strategy, presence configuration, and interruptible work patterns. Use when planning capacity units, defining Service Channel weights, or designing agent skills-based routing capacity. NOT for enabling Omni-Channel, creating Service Channels or routing rules - use admin/omni-channel-routing-setup. NOT for cross-channel strategy and channel-to-feature mapping - use architect/multi-channel-service-architecture.",1.0.0,Spring '25+,false,5,0,Scalability;Reliability;Operational Excellence,skills/architect/omni-channel-capacity-model/SKILL.md,be440bc83a550ad19ebf46f851ab665446fe66a0372f59b74de5ee8fd4c58638,retain-knowledge-substrate,false,progressive-on-demand,Do not flatten into always-on host context; preserve package and evaluate through product context packs.
architect/omnistudio-scalability-patterns,architect,omnistudio-scalability-patterns,"Use when OmniStudio components are degrading under high concurrent user load, when Integration Procedures are hitting governor limits at portal scale, or when designing an OmniStudio deployment for thousands of simultaneous Experience Cloud users. Trigger keywords: OmniScript concurrency, Integration Procedure SOQL limits portal, Queueable Chainable, Direct Platform Access, LWR CDN Experience Cloud high volume. NOT for generic scalability planning (use architect/limits-and-scalability-planning), NOT for single-session performance tuning (use omnistudio/omnistudio-performance).",1.0.0,Spring '25+,false,5,0,Scalability;Performance;Reliability;Operational Excellence,skills/architect/omnistudio-scalability-patterns/SKILL.md,0c67861bf2e857a93efa1574b885cdc5aeeccf229c6741b8a71acda435b35117,retain-knowledge-substrate,false,progressive-on-demand,Do not flatten into always-on host context; preserve package and evaluate through product context packs.
architect/omnistudio-vs-standard-architecture,architect,omnistudio-vs-standard-architecture,"Pick and then document the OmniStudio runtime path an architect has to live with: Standard Runtime (natively embedded, Spring '25+, no namespace) versus the legacy vlocity_ins__ / industries__ managed package and the migration debt every new component on it accrues — gated first on whether the org actually holds a qualifying Industries license. Ends in a written ADR that records the license gate, the runtime path, team ramp cost, and the fallback to Screen Flow + LWC for a guided wizard when OmniStudio is not available. NOT for the OmniStudio-vs-standard-tooling capability matrix itself (use architect/omnistudio-vs-standard-decision), NOT for OmniScript, FlexCard, or Integration Procedure implementation.",1.0.1,Spring '26+,false,5,1,Operational Excellence;Reliability,skills/architect/omnistudio-vs-standard-architecture/SKILL.md,a1f184a631a41358d49b010377a761fbd1fc896750c80d50e97398ed76c15d0e,retain-knowledge-substrate,false,progressive-on-demand,Do not flatten into always-on host context; preserve package and evaluate through product context packs.
architect/omnistudio-vs-standard-decision,architect,omnistudio-vs-standard-decision,"Decision framework for choosing OmniStudio (OmniScript, FlexCards, Integration Procedures) vs standard Salesforce tooling (Screen Flow, LWC, Apex) for guided UI and data transformation use cases: capability matrix, license availability gate, team skills assessment, and migration path from managed package to Standard Designers. NOT for the runtime-path ADR, Standard Runtime vs the vlocity_ins__ package - use architect/omnistudio-vs-standard-architecture. NOT for platform-wide capability choices like Custom Metadata vs Custom Settings - use architect/platform-selection-guidance. NOT for executing a Vlocity managed-package to native OmniStudio namespace migration — use omnistudio/vlocity-to-native-omnistudio-migration; this skill only decides whether to use OmniStudio at all.",1.0.0,Spring '25+,false,5,1,Operational Excellence;Operational Excellence,skills/architect/omnistudio-vs-standard-decision/SKILL.md,54c0e959675b5bb69ae97c00e4c2c15dcf5c321cd9b4dee990c30dda0423fefa,retain-knowledge-substrate,false,progressive-on-demand,Do not flatten into always-on host context; preserve package and evaluate through product context packs.
architect/order-management-architecture,architect,order-management-architecture,"Use when designing or reviewing a Salesforce Order Management (OMS) solution architecture: fulfillment workflow strategy, split-order routing design, Omnichannel Inventory (OCI) integration, returns process architecture, and multi-location inventory management decisions. Trigger keywords: OMS architecture, split orders, fulfillment routing, OCI, order routing strategy, returns architecture, fulfillment location design. NOT for individual order setup or day-to-day OMS administration (use admin/commerce-order-management), NOT for storefront or checkout flow design, NOT for CPQ quote-to-order workflows.",1.0.0,Spring '25+,false,5,1,Reliability;Performance;Operational Excellence,skills/architect/order-management-architecture/SKILL.md,be244fcf92316716f886d935644ce1290ca2f30dfa0de87bcd4a1a33d6b712c7,retain-knowledge-substrate,false,progressive-on-demand,Do not flatten into always-on host context; preserve package and evaluate through product context packs.
architect/org-edition-and-feature-licensing,architect,org-edition-and-feature-licensing,"Use when evaluating which Salesforce features are available in a given org edition, determining whether a planned solution requires an add-on license, or investigating why a feature is unavailable in the current org. Triggers: 'feature not available in our edition', 'does Enterprise include Einstein', 'Unlimited vs Performance edition differences', 'we need Flow Orchestration but do not have it', 'what license do we need for Agentforce'. NOT for auditing and reclaiming unused seats to cut cost — use architect/license-optimization-strategy. NOT for ISV/AppExchange package license management and Trialforce — use devops/isv-license-management-and-trialforce.",1.0.0,Spring '25+,false,9,0,Scalability;Reliability,skills/architect/org-edition-and-feature-licensing/SKILL.md,6274324a0e1f2a28b89d37dec73af20878694effe25d1023c519e60f42dd7e02,retain-knowledge-substrate,false,progressive-on-demand,Do not flatten into always-on host context; preserve package and evaluate through product context packs.
architect/org-limits-monitoring,architect,org-limits-monitoring,"Use when designing proactive monitoring of Salesforce org-level limits such as API call consumption, storage usage, custom object counts, or platform event allocations. Trigger phrases: 'how do I monitor org limits programmatically', 'set up alerts before we hit API limits', 'REST Limits resource usage', 'OrgLimits.getAll() in Apex', 'scheduled limit checks', 'proactive limit threshold alerting', 'Company Information limits dashboard', 'we keep getting surprised by limit breaches in production'. NOT for Limits-class guard clauses inside Apex — use apex/apex-limits-monitoring. NOT for planning an org build for scale — use architect/limits-and-scalability-planning. NOT for Connected App API throttling policy — use security/api-security-and-rate-limiting.",1.0.0,Spring '25+,false,5,1,Operational Excellence;Reliability;Security,skills/architect/org-limits-monitoring/SKILL.md,8feb68d0c79442a6583b2a564981721870885da6728d0807c9691617071ffbce,retain-knowledge-substrate,false,progressive-on-demand,Do not flatten into always-on host context; preserve package and evaluate through product context packs.
architect/payer-vs-provider-architecture,architect,payer-vs-provider-architecture,"Use this skill when designing or evaluating a Health Cloud implementation to determine whether the org serves a payer (health insurer), a provider (care delivery organization), or both — and to derive the correct object model, PSL matrix, and feature activation. Triggers: 'should we use MemberPlan or ClinicalEncounter', 'payer vs provider Health Cloud', 'which Health Cloud objects does an insurer use', 'setting up a Health Cloud org for a hospital vs a health plan', 'Provider Relationship Management vs clinical provider'. NOT for an insurance carrier on FSC Insurance Cloud — policy admin, claims, underwriting — use architect/insurance-cloud-architecture. NOT for the Health Cloud object and field definitions themselves — use data/health-cloud-data-model.",1.0.0,Spring '25+,false,3,0,Security;Scalability;Reliability,skills/architect/payer-vs-provider-architecture/SKILL.md,adb4640e37061c623462e12278275bdd0485dacc9d618a5e41b74928cbaf4a8c,retain-knowledge-substrate,false,progressive-on-demand,Do not flatten into always-on host context; preserve package and evaluate through product context packs.
architect/platform-selection-guidance,architect,platform-selection-guidance,"Use when choosing which Salesforce platform capability to use for a requirement — covering metadata storage (Custom Metadata vs Custom Settings vs Custom Objects), UI framework (LWC vs Aura), integration approach (Platform Events vs Change Data Capture vs Outbound Messaging), and data extension (OmniStudio vs standard automation). Triggers: custom metadata vs custom settings, LWC vs Aura, which salesforce feature to use, platform events vs change data capture, omnistudio vs flow. NOT for automation-specific tool selection between Flow / Apex / Workflow (use admin/process-automation-selection) or for implementing the chosen platform feature.",1.0.0,Spring '25+,false,6,0,Operational Excellence;Reliability,skills/architect/platform-selection-guidance/SKILL.md,2ff119d31c1334e768f12a6caeb28aadfcc5786e5786993309165f074427d11e,retain-knowledge-substrate,false,progressive-on-demand,Do not flatten into always-on host context; preserve package and evaluate through product context packs.
architect/revenue-cloud-architecture,architect,revenue-cloud-architecture,"Architecting on Salesforce Revenue Cloud (Revenue Lifecycle Management — RLM, the successor to CPQ-Plus + Billing). Covers the five RLM domains (Product Catalog & Pricing, Transaction Management, Contract Lifecycle Management, Order-to-Cash, Billing), the canonical data model (Product2 / PricebookEntry / Quote / Order / OrderItem / Contract / Asset / BillingSchedule / Invoice / LegalEntity), multi-entity scoping via LegalEntity, the RLM ↔ ERP integration patterns (CDC + MuleSoft preferred over point-to-point trigger callouts), and the disambiguation between native RLM and the legacy `blng__` Salesforce Billing managed package and `SBQQ__` CPQ classic. NOT for implementing DRO fulfilment plans or Connect API billing schedules - use integration/revenue-lifecycle-management. NOT for CPQ classic bundle, pricing and quoting architecture - use architect/cpq-architecture-patterns.",1.0.0,Spring '25+,false,7,0,Reliability;Operational Excellence;Security,skills/architect/revenue-cloud-architecture/SKILL.md,54bb58fb4b2ae2251264db24d7c9bf1f02b58898352c3221062bf6e16d4acdeb,retain-knowledge-substrate,false,progressive-on-demand,Do not flatten into always-on host context; preserve package and evaluate through product context packs.
architect/sales-cloud-architecture,architect,sales-cloud-architecture,"Use when designing or reviewing a Sales Cloud solution architecture covering process automation strategy, integration points, data model decisions, and scalability planning. Triggers: 'design a Sales Cloud architecture for enterprise org', 'Sales Cloud data model and automation strategy', 'how to architect Sales Cloud for high-volume pipeline management'. NOT for individual feature configuration (use admin/opportunity-management or admin/lead-management-and-conversion), NOT for CPQ-specific decisions (use architect/cpq-vs-standard-products-decision), NOT for integration implementation details (use architect/sales-cloud-integration-patterns).",1.0.0,Spring '25+,false,5,3,Scalability;Performance;Reliability;Operational Excellence,skills/architect/sales-cloud-architecture/SKILL.md,88f5c291cedb739ec5b644d294f4df0b6e975b589b78156e753cc909d0574394,retain-knowledge-substrate,false,progressive-on-demand,Do not flatten into always-on host context; preserve package and evaluate through product context packs.
architect/sales-cloud-integration-patterns,architect,sales-cloud-integration-patterns,"Use when designing or reviewing integrations between Sales Cloud and external systems such as ERP, marketing automation, CPQ, or partner portals. Triggers: 'sync Accounts and Products with ERP', 'integrate marketing leads with Salesforce', 'quote-to-order flow between Salesforce and ERP', 'CPQ integration patterns', 'partner portal data access design'. NOT for generic integration framework design (use architect/integration-framework-design), NOT for Apex HTTP callout mechanics (use apex/callouts-and-http-integrations), NOT for MuleSoft or middleware configuration.",1.0.0,Spring '25+,false,8,2,Reliability;Security;Scalability,skills/architect/sales-cloud-integration-patterns/SKILL.md,dc0d843057e34bc8849152749e048849831ae4cc826774abf388727426761da4,retain-knowledge-substrate,false,progressive-on-demand,Do not flatten into always-on host context; preserve package and evaluate through product context packs.
architect/salesforce-decision-analysis,architect,salesforce-decision-analysis,"Structure and evaluate a consequential Salesforce choice before the team commits: frame the decision, separate hard constraints from preferences, compare viable options with evidence, test score sensitivity, and recommend a reversible next step. Trigger keywords: compare Salesforce options, evaluate alternatives, make a platform decision, decision matrix, weighted decision. NOT for documenting an already accepted choice — use architect/architecture-decision-records. NOT for a narrow technology branch already covered by a canonical decision tree — apply that tree first.",1.0.0,Summer '26+,false,5,3,Security;Reliability;Performance;Scalability;User Experience;Operational Excellence,skills/architect/salesforce-decision-analysis/SKILL.md,bc1d9cd2adb9a652e124448d010c80580d8809d4cff08cd649b77c8c09fb8408,retain-knowledge-substrate,false,progressive-on-demand,Do not flatten into always-on host context; preserve package and evaluate through product context packs.
architect/salesforce-erd-and-diagramming,architect,salesforce-erd-and-diagramming,"Salesforce ERD and architecture diagram generation: Mermaid/PlantUML data-model diagrams for Sales, Service, FSL, Commerce, Revenue Cloud; OAuth flow diagrams; integration architecture diagrams; object-relationship visualization. NOT for writing the field inventory or data dictionary — use admin/data-model-documentation. NOT for deciding lookup vs master-detail or the model itself — use data/data-model-design-patterns.",1.0.0,Spring '25+,false,6,0,Operational Excellence;Reliability,skills/architect/salesforce-erd-and-diagramming/SKILL.md,3d30b5c42f6fbf667e7630153b88c4102349907f70b9e7f092efb7a07bee9a25,retain-knowledge-substrate,false,progressive-on-demand,Do not flatten into always-on host context; preserve package and evaluate through product context packs.
architect/salesforce-learning-research,architect,salesforce-learning-research,"Research a Salesforce topic for a learner using a citation-first, release-aware evidence workflow: bound the question, prioritize official sources, build a claim ledger, resolve contradictions, and produce a research packet for teaching. Trigger keywords: research Salesforce topic, find official Salesforce docs, prepare learning sources, verify Salesforce concept, release-aware research. Repository package authoring and upstream intake remain outside this package. NOT for the final learner-facing explanation — use admin/salesforce-learning-brief.",1.0.0,Summer '26+,false,5,0,Reliability;User Experience;Operational Excellence,skills/architect/salesforce-learning-research/SKILL.md,8177f87595da3798bb267c640c5ff4ceca74aea489ebf48e5fa5967610c807e4,retain-knowledge-substrate,false,progressive-on-demand,Do not flatten into always-on host context; preserve package and evaluate through product context packs.
architect/salesforce-shield-architecture,architect,salesforce-shield-architecture,"Salesforce Shield as an architectural choice — Platform Encryption + Event Monitoring + Field Audit Trail as three SEPARATELY-LICENSED components, none of which ship in any standard edition. Covers BYOK vs Cache-Only Key Service (CCKM) tradeoffs, probabilistic vs deterministic encryption schemes, the field-type encryption blocklist (Formula, Roll-Up Summary, indexed External ID), Field Audit Trail's 10-year retention model, and why every Shield design starts with a license confirmation. NOT for setting up one Shield feature — use security/platform-encryption, security/event-monitoring or security/field-audit-trail. NOT for HIPAA control mapping — use architect/hipaa-compliance-architecture. NOT for FedRAMP, FISMA or Government Cloud control mapping — use architect/government-cloud-compliance.",1.0.0,Spring '25+,false,6,0,Security;Reliability;Operational Excellence,skills/architect/salesforce-shield-architecture/SKILL.md,0b83d622c885b9b86e7ae9ebf5f23a3a7799389341fce8b103ca47f24312a3d5,retain-knowledge-substrate,false,progressive-on-demand,Do not flatten into always-on host context; preserve package and evaluate through product context packs.
architect/security-architecture-review,architect,security-architecture-review,"Use when conducting a dedicated security architecture review of a Salesforce org — assessing sharing model completeness, FLS/CRUD enforcement, Apex security patterns, exposed API surface, Connected App policies, and Shield readiness. Produces a structured findings report with severity ratings (Critical/High/Medium/Low) and a 20+ point review checklist. Triggers: security architecture review, org security posture, sharing model audit, FLS coverage review, Connected App security, Shield assessment, org security health deep-dive, HIPAA or PCI security controls Salesforce. NOT for auditing Apex or LWC code line-by-line for CRUD/FLS, SOQL injection and XSS — use security/secure-coding-review-checklist. NOT for a full Well-Architected review across all three pillars — use architect/well-architected-review.",1.0.0,Spring '25+,false,10,0,Security,skills/architect/security-architecture-review/SKILL.md,05bc9ef8f646103478effe5c1bc2d8820fcfdca06285edf419d9e4e999262dad,retain-knowledge-substrate,false,progressive-on-demand,Do not flatten into always-on host context; preserve package and evaluate through product context packs.
architect/service-cloud-architecture,architect,service-cloud-architecture,"Use when designing a Service Cloud solution end-to-end: channel strategy (phone, email, chat, messaging, social), routing model (queue-based vs skills-based Omni-Channel), knowledge strategy, entitlement and SLA enforcement, Einstein Bot / Agentforce deflection, and integration points. Triggers: service cloud architecture, case routing design, omni-channel strategy, contact center design, channel strategy, knowledge deflection, service console architecture. NOT for case setup click-paths - use admin/case-management-setup. NOT for Einstein Bot dialog and intent design - use architect/einstein-bot-architecture.",1.0.0,Spring '25+,false,7,0,Security;Scalability;Reliability;User Experience;Operational Excellence,skills/architect/service-cloud-architecture/SKILL.md,b7d857319812252d1a82b6b4516c00c636a1677863e51ba9d7e2c24f9e037a09,retain-knowledge-substrate,false,progressive-on-demand,Do not flatten into always-on host context; preserve package and evaluate through product context packs.
architect/sla-design-and-escalation-matrix,architect,sla-design-and-escalation-matrix,"Use when designing the SLA tier definition table, escalation matrix document, and milestone threshold configuration for a Salesforce Service Cloud implementation. Covers designing the artifact layer — tier tiers (e.g., Enterprise/Professional/Basic), response and resolution time targets, business hours mapping, milestone percentage thresholds at 50/75/90/100%, and the escalation action matrix that maps thresholds to notification targets and automated actions. Triggers: SLA design, escalation matrix, milestone thresholds, tier definition, business hours alignment, SLA enforcement design. NOT for entitlement process configuration steps (use admin/case-management-setup), NOT for escalation rule setup (use admin/escalation-rules), NOT for CPQ quoting SLAs.",1.0.0,Spring '25+,false,6,0,Reliability;Operational Excellence;Security,skills/architect/sla-design-and-escalation-matrix/SKILL.md,6a0346819b6ac8f05674109882578547c7898258da37257123873db5afd4c860,retain-knowledge-substrate,false,progressive-on-demand,Do not flatten into always-on host context; preserve package and evaluate through product context packs.
architect/solution-design-patterns,architect,solution-design-patterns,"Use when selecting the right automation layer (Flow, Apex, LWC) for a new feature, reviewing an existing design for technical debt, or troubleshooting a mismatched automation architecture. Triggers: 'should I use Flow or Apex', 'declarative vs programmatic', 'which layer should handle this', 'automation design review', 'should I use LWC or standard components', 'is this over-engineered'. NOT for picking before-save Flow vs trigger vs invocable Apex on one record-save requirement — use admin/process-automation-selection. NOT for Custom Metadata vs Custom Settings, LWC vs Aura or Platform Events vs CDC — use architect/platform-selection-guidance.",1.0.0,Spring '25+,false,7,0,Scalability;Operational Excellence;Reliability,skills/architect/solution-design-patterns/SKILL.md,9470246005609314c5765a076a457e96efb5b661b51b0429d77c0b51d78292b6,retain-knowledge-substrate,false,progressive-on-demand,Do not flatten into always-on host context; preserve package and evaluate through product context packs.
architect/subscription-management-architecture,architect,subscription-management-architecture,"Use when designing or evaluating Salesforce CPQ subscription lifecycle architecture: amendment flow, renewal automation, co-termination design, or billing integration at the contract level. Trigger keywords: amendment architecture, renewal automation, co-termination design, subscription ledger, large-scale amendment, billing schedule, swap pattern, SBQQ__Subscription__c. NOT for configuring amendment and renewal quotes - use admin/contract-and-renewal-management. NOT for bundle design or pricing-engine performance - use architect/cpq-architecture-patterns.",1.0.0,Spring '25+,false,6,3,Reliability;Performance;Operational Excellence,skills/architect/subscription-management-architecture/SKILL.md,e6b3c56a1195cced2e7959700cd953dd430175db7a6282f626b17dfb62bcfeba,retain-knowledge-substrate,false,progressive-on-demand,Do not flatten into always-on host context; preserve package and evaluate through product context packs.
architect/technical-debt-assessment,architect,technical-debt-assessment,"Use when auditing a Salesforce org for technical debt: dead code, unused automations, overlapping Flow and Apex triggers, deprecated features, configuration complexity, and legacy patterns. Triggers: technical debt review, org health check, dead code analysis, automation overlap, deprecated features, complexity audit. NOT for actually deleting the unused fields, inactive Flow versions and old workflow rules — use admin/org-cleanup-and-technical-debt. NOT for a security-specific review — use architect/security-architecture-review.",1.0.0,Spring '25+,false,6,0,Operational Excellence;Reliability,skills/architect/technical-debt-assessment/SKILL.md,1b488ef496d10e9b959ee8fdfd5d215a78ab5e161b44dda003ed6a7c45bf43fd,retain-knowledge-substrate,false,progressive-on-demand,Do not flatten into always-on host context; preserve package and evaluate through product context packs.
architect/tenant-isolation-patterns,architect,tenant-isolation-patterns,"Multi-tenant isolation patterns on Salesforce: custom metadata per-tenant, permission-based feature gating, data partitioning, namespace isolation, ISV managed-package patterns. NOT for deciding whether each tenant should get its own org — use architect/multi-org-strategy. NOT for the managed vs unlocked package-type decision — use devops/package-development-strategy. NOT for data sharing design — use the sharing-selection decision tree.",1.0.0,Spring '25+,false,6,0,Security;Scalability;Reliability,skills/architect/tenant-isolation-patterns/SKILL.md,596122c742d5731a68593f6d3570e861ef605459d500bb5730ac719fe5995b46,retain-knowledge-substrate,false,progressive-on-demand,Do not flatten into always-on host context; preserve package and evaluate through product context packs.
architect/wealth-management-architecture,architect,wealth-management-architecture,"Use this skill when designing or reviewing a Salesforce Financial Services Cloud (FSC) wealth management platform — covering advisor workspace configuration, client portal setup, portfolio data integration, Compliant Data Sharing, and FSC feature enablement decisions. NOT for the org-wide FSC data-model choice (managed-package vs platform-native) — use architect/fsc-architecture-patterns. NOT for gathering wealth management requirements before design — use admin/wealth-management-requirements.",1.0.0,Spring '25+,false,6,0,Security;Scalability;Reliability,skills/architect/wealth-management-architecture/SKILL.md,2cde0839f7697b714127a96ac43cea4a337f6d6477905fc859919ceb26d4e349,retain-knowledge-substrate,false,progressive-on-demand,Do not flatten into always-on host context; preserve package and evaluate through product context packs.
architect/well-architected-review,architect,well-architected-review,"Use when conducting a formal Salesforce Well-Architected Framework (WAF) review of an org or solution design. Covers all three pillars: Trusted (security, compliance), Easy (user experience, adoption), and Adaptable (scalability, maintainability). Produces a structured assessment with findings and recommendations. Triggers: well-architected review, WAF assessment, org architecture review, architecture health check, trusted easy adaptable. NOT for a security-only deep-dive — use architect/security-architecture-review. NOT for a dead-code and automation-overlap audit — use architect/technical-debt-assessment.",1.0.1,Spring '25+,false,8,0,Security;Reliability;Scalability;Operational Excellence;User Experience,skills/architect/well-architected-review/SKILL.md,b4f9159104d8210dd797696c1e5548f32425dff8b9827350db8fa9253100304c,retain-knowledge-substrate,false,progressive-on-demand,Do not flatten into always-on host context; preserve package and evaluate through product context packs.
architect/zero-trust-salesforce-patterns,architect,zero-trust-salesforce-patterns,"Architecture pattern for assembling a zero-trust posture in Salesforce — there is no single zero-trust toggle. The pattern composes High-Assurance Sessions, Real-Time Event Monitoring (RTEM) Transaction Security Policies, Login Flows for conditional access, Event Monitoring for continuous verification, Mobile Security for device compliance, and a Permission Set Group strategy that defaults-deny. Covers the gotcha that not all RTEM event types support TSP enforcement (IdentityVerificationEvent and MobileEmailEvent do NOT). NOT for the LLM-side Einstein Trust Layer, an unrelated concept despite the shared word — use agentforce/einstein-trust-layer. NOT for MFA-only rollouts — use security/mfa-enforcement-strategy. NOT for Apex CRUD/FLS enforcement — use apex/apex-stripinaccessible-and-fls-enforcement.",1.0.0,Spring '25+,false,6,0,Security;Operational Excellence,skills/architect/zero-trust-salesforce-patterns/SKILL.md,857ea69dadf3696cdd50c86f28a631bc8b736aef92aea282407dda8b43e77702,retain-knowledge-substrate,false,progressive-on-demand,Do not flatten into always-on host context; preserve package and evaluate through product context packs.
data/ai-training-data-preparation,data,ai-training-data-preparation,"Judging whether Salesforce data is fit to train an Einstein model: feature field selection, outcome definition, data quality and fill-rate thresholds, leakage detection. Trigger keywords: Einstein Discovery data requirements, training data for Einstein, ML feature engineering, Einstein Prediction Builder data prep, AI model training data. NOT for authoring the story in CRM Analytics Studio — use admin/einstein-discovery-setup. NOT for setting up the prediction itself — use agentforce/einstein-prediction-builder.",1.0.0,Spring '25+,false,7,0,Reliability;Performance,skills/data/ai-training-data-preparation/SKILL.md,e5d40f5de9a92a9deefe0895158123f7b525a847c69c7ef36963fe3706be48be,retain-knowledge-substrate,false,progressive-on-demand,Do not flatten into always-on host context; preserve package and evaluate through product context packs.
data/analytics-data-governance,data,analytics-data-governance,"Use when implementing or auditing data governance controls for CRM Analytics (Tableau CRM / Wave Analytics): dataset lineage tracing, access audit logging, data classification handling, and retention management. Trigger keywords: CRM Analytics audit, dataset lineage, event monitoring analytics, access logging Wave, data classification propagation, analytics retention, GDPR analytics datasets, analytics compliance. NOT for row-level security predicate design across datasets — use architect/analytics-security-architecture. NOT for sharing an app or assigning Analytics licenses — use admin/analytics-permission-and-sharing. NOT for org-wide data governance outside Analytics — use data/data-quality-and-governance.",1.0.0,Spring '25+,false,5,0,Security;Reliability;Operational Excellence,skills/data/analytics-data-governance/SKILL.md,3de31ecc81296ca47462d1eeb57631ec574ec88e642112fa1ec526dead4450d7,retain-knowledge-substrate,false,progressive-on-demand,Do not flatten into always-on host context; preserve package and evaluate through product context packs.
data/analytics-data-preparation,data,analytics-data-preparation,"Use this skill when customizing CRM Analytics dataset field metadata via the XMD (Extended Metadata) REST API, or augmenting recipes with external non-Salesforce data: field labels, display formats, measures vs dimensions, main XMD PATCH. Trigger keywords: XMD field labels, CRM Analytics main XMD update, dataset field formatting wave, analytics external data augmentation, WaveXmd REST API. NOT for recipe node transformation logic — use admin/analytics-recipe-design. NOT for dataflow node types or SOQL extraction — use admin/analytics-dataflow-development.",1.0.0,Spring '25+,false,7,0,Reliability;Operational Excellence,skills/data/analytics-data-preparation/SKILL.md,7f5fd477ca6a7dfca407cde487df8504372632bdf5030a16ffac84a24f1966eb,retain-knowledge-substrate,false,progressive-on-demand,Do not flatten into always-on host context; preserve package and evaluate through product context packs.
data/analytics-dataset-optimization,data,analytics-dataset-optimization,"Use this skill when tuning CRM Analytics dataset performance through field selection, date granularity choices, dataset splitting strategy, and run-budget optimization. Trigger keywords: dataset too many fields, SAQL timeseries slow, epoch vs date storage, dataset field count limit, dataset partition, split dataset by year, CRM Analytics performance tuning. NOT for creating a dataset, refresh schedules, or wrong field types — use admin/analytics-dataset-management. NOT for a slow SOQL query on Salesforce objects — use data/soql-query-optimization.",1.0.0,Spring '25+,false,6,0,Performance;Scalability;Operational Excellence,skills/data/analytics-dataset-optimization/SKILL.md,d45e8f56803326bf22684cec34f1f8390931cc9e9a476964692fd1bbc883fba3,retain-knowledge-substrate,false,progressive-on-demand,Do not flatten into always-on host context; preserve package and evaluate through product context packs.
data/analytics-external-data,data,analytics-external-data,"Use when bringing non-Salesforce data into CRM Analytics via the External Data API, Data Connectors, or Live Datasets. Trigger keywords: InsightsExternalData, External Data API, live dataset, remote connection, Snowflake connector, BigQuery connector, Tableau Bridge, external CSV upload, analytics connector. NOT for Salesforce object sync, sync schedules, or sync errors in Data Manager — use admin/analytics-data-manager. NOT for importing data into Salesforce objects themselves — use admin/data-import-and-management.",1.0.0,Spring '26+,false,5,0,Performance;Reliability;Security,skills/data/analytics-external-data/SKILL.md,f54f4c4380e3511545385d11b6f8d7ca7d521bb4b616e169471ff6c70ec16029,retain-knowledge-substrate,false,progressive-on-demand,Do not flatten into always-on host context; preserve package and evaluate through product context packs.
data/attachment-to-files-migration,data,attachment-to-files-migration,"Migrating Classic Notes & Attachments to Salesforce Files (ContentDocument / ContentVersion / ContentDocumentLink): bulk extraction, owner and parent preservation, sharing translation, idempotent re-runs, and post-migration cleanup. Triggers: 'attachments to files', 'notes and attachments migration', 'ContentDocument from Attachment', 'enable Files for Salesforce'. NOT for general file storage strategy (use data/salesforce-files-architecture) or for ContentVersion API patterns in new code (use integration/file-and-document-integration).",1.0.0,Spring '25+,false,5,0,Operational Excellence;Security;Reliability,skills/data/attachment-to-files-migration/SKILL.md,899ecbb3e97fa7f5e55b87415013f1e848a30fb2351dac13d4d078ca29c7f673,retain-knowledge-substrate,false,progressive-on-demand,Do not flatten into always-on host context; preserve package and evaluate through product context packs.
data/batch-data-cleanup-patterns,data,batch-data-cleanup-patterns,"Use when scheduling automated deletion of temporary records, enforcing data retention policies, running nightly cleanup jobs, reclaiming org storage, managing recycle bin, or performing async bulk deletion of aged records. Trigger keywords: batch delete, retention policy, purge records, cleanup job, recycle bin, emptyRecycleBin, hard delete, nightly purge, storage optimization. NOT for archiving records to Big Objects or external storage instead of deleting them — use data/data-archival-strategies. NOT for deleting unused fields, flows and other metadata — use admin/org-cleanup-and-technical-debt.",1.0.0,Spring '25+,false,5,0,Operational Excellence;Scalability,skills/data/batch-data-cleanup-patterns/SKILL.md,8b986f3610e7e464186863401fdd63b1c0056f389ee081ce8ad1c21aad8e8776,retain-knowledge-substrate,false,progressive-on-demand,Do not flatten into always-on host context; preserve package and evaluate through product context packs.
data/billing-data-reconciliation,data,billing-data-reconciliation,"Investigate billing data mismatches across Quote, Order, Invoice, Payment, and Allocation. Triggers: invoice balance mismatch, payment allocation, billing reconciliation. NOT for revenue recognition setup — use admin/revenue-recognition-requirements. NOT for billing schedule configuration — use admin/billing-schedule-setup.",1.0.0,Spring '25+,false,7,0,Reliability;Operational Excellence;Security,skills/data/billing-data-reconciliation/SKILL.md,a43760ed8e53a2527f1a82fc82fcf435d3086e8c65bee07b69b39d5fd73e36c5,retain-knowledge-substrate,false,progressive-on-demand,Do not flatten into always-on host context; preserve package and evaluate through product context packs.
data/bulk-api-and-large-data-loads,data,bulk-api-and-large-data-loads,"Use when choosing between Bulk API 2.0 and REST/SOAP API for large-volume data operations, sizing batch jobs, monitoring bulk job status, and handling failed records in bulk pipelines. Triggers: bulk api, large data load, batch insert, bulk job, serial vs parallel mode. NOT for Data Loader UI steps (use data-import-and-management) or real-time single-record integrations (use apex/callouts-and-http-integrations).",1.0.0,Spring '25+,false,3,0,Reliability;Operational Excellence,skills/data/bulk-api-and-large-data-loads/SKILL.md,2c9b11c15cd819290478158583e9989faecb9eedcd5efca12a8e784f2006da66,retain-knowledge-substrate,false,progressive-on-demand,Do not flatten into always-on host context; preserve package and evaluate through product context packs.
data/bulk-api-patterns,data,bulk-api-patterns,"Use when implementing Bulk API 2.0 REST calls, choosing between Bulk API 2.0 and legacy Bulk API v1, handling CSV format requirements for bulk ingest, paginating query job results with locators, or constructing multipart job requests. Triggers: bulk api 2.0 endpoint, ingest job REST call, query job locator, bulk CSV format, hard delete bulk, v1 vs v2 bulk api. NOT for Data Loader UI steps — use admin/data-import-and-management. NOT for strategic load-size decisions or serial vs parallel concurrency mode — use data/bulk-api-and-large-data-loads.",1.0.0,Spring '25+,false,6,0,Scalability;Reliability,skills/data/bulk-api-patterns/SKILL.md,90844b5a16a02a904fedad94fdd153aaf835ad65cc0bcd90058d9e630ba5b3c0,retain-knowledge-substrate,false,progressive-on-demand,Do not flatten into always-on host context; preserve package and evaluate through product context packs.
data/case-history-migration,data,case-history-migration,"Use when migrating historical Case records — including CaseComments, EmailMessages, email attachments, and related files — from a legacy system into Salesforce Service Cloud. Covers strict object load order, EmailMessage Status='3' permanent locking, ContentDocumentLink Bulk API limitation, CaseHistory non-insertable constraint, and EmailMessageRelation setup. NOT for archiving or purging Case data already in the org — use data/service-data-archival. NOT for generic multi-object migration planning and rollback — use data/data-migration-planning.",1.0.0,Spring '25+,false,6,0,Reliability;Operational Excellence;Performance,skills/data/case-history-migration/SKILL.md,671fc1a13547045af112f9b4addde931754172cf0a7b040ac2dba8556f8b74f2,retain-knowledge-substrate,false,progressive-on-demand,Do not flatten into always-on host context; preserve package and evaluate through product context packs.
data/cdc-data-sync-patterns,data,cdc-data-sync-patterns,"Use this skill for the replication lifecycle of CDC-based data synchronization: day-0 full load, incremental delta processing, replay ID management, gap event fallback, and ordering/deduplication using transactionKey and sequenceNumber. NOT for CDC entity selection, channel config, or edition limits — use integration/change-data-capture-integration. NOT for checking whether the two systems actually match — use data/data-reconciliation-patterns.",1.0.0,Spring '25+,false,3,0,Reliability;Scalability,skills/data/cdc-data-sync-patterns/SKILL.md,8d7b081e93cdcad562ea70660c6b190fe2982675ebce67c321339caa29204b0f,retain-knowledge-substrate,false,progressive-on-demand,Do not flatten into always-on host context; preserve package and evaluate through product context packs.
data/clinical-data-quality,data,clinical-data-quality,"Use this skill when configuring duplicate detection for Health Cloud patient records, managing Person Account merges in a clinical org, or designing pre-merge clinical record reassignment strategies. Trigger keywords:. NOT for generic Salesforce data quality or standard deduplication outside Health Cloud — use data/large-scale-deduplication.",1.0.0,Spring '25+,false,3,0,Reliability;Security,skills/data/clinical-data-quality/SKILL.md,4dc008cdf6ee34f60df10ba66b42370262450a62cd98d2da97d7481e8484d697,retain-knowledge-substrate,false,progressive-on-demand,Do not flatten into always-on host context; preserve package and evaluate through product context packs.
data/commerce-analytics-data,data,commerce-analytics-data,"Use when analyzing B2C Commerce storefront metrics (conversion funnel, cart abandonment, product performance, revenue trends) via the Business Manager Reports and Dashboards app, or when deriving B2B Commerce analytics. NOT for CRM Analytics platform configuration, Einstein Analytics, or Experience Cloud analytics — use data/analytics-data-governance.",1.0.1,Spring '25+,false,7,0,Reliability;Operational Excellence;Security,skills/data/commerce-analytics-data/SKILL.md,6e6596a942a3df21c04c3bc0ef256088b1bcf8818ebf6c01409ed57ef56a8476,retain-knowledge-substrate,false,progressive-on-demand,Do not flatten into always-on host context; preserve package and evaluate through product context packs.
data/commerce-inventory-data,data,commerce-inventory-data,"Use when managing inventory data in Salesforce Omnichannel Inventory (OCI) — covers stock level APIs, warehouse location mapping, IMPEX bulk upload, inventory availability queries, reservation management, and reorder point design. NOT for Field Service van stock, ProductItem and ProductTransfer — use admin/fsl-inventory-management. NOT for designing OCI integration and split-order fulfillment routing — use architect/order-management-architecture.",1.0.0,Spring '25+,false,5,0,Reliability;Operational Excellence,skills/data/commerce-inventory-data/SKILL.md,5197664e46d7f6f06dc780790513bba4ba39784d93dcb3f4b50b1efb3e85f49a,retain-knowledge-substrate,false,progressive-on-demand,Do not flatten into always-on host context; preserve package and evaluate through product context packs.
data/commerce-order-history-migration,data,commerce-order-history-migration,"Use when migrating historical order records into Salesforce Order Management — covers the required object creation sequence (Order > OrderDeliveryGroup > OrderItem > OrderSummary), LifeCycleType=Unmanaged for historical orders, and OrderSummary creation via ConnectAPI. NOT for CPQ legacy order, contract and asset upload using SBQQ objects — use data/historical-order-migration. NOT for live order processing, fulfilment, returns or cancellations — use admin/commerce-order-management.",1.0.0,Spring '25+,false,5,0,Operational Excellence;Reliability,skills/data/commerce-order-history-migration/SKILL.md,4cc0329e441f626bacf03ae3ff389ab79c17233312b440db79c7be674a307ee9,retain-knowledge-substrate,false,progressive-on-demand,Do not flatten into always-on host context; preserve package and evaluate through product context packs.
data/community-analytics-data,data,community-analytics-data,"Use when analyzing Experience Cloud site analytics including login metrics, member engagement, page view tracking, and content performance. Triggers: Experience Cloud site analytics, community member engagement data, portal login tracking, page view reports community, GA4 Experience Cloud integration. NOT for CRM Analytics / Tableau CRM — use admin/einstein-analytics-basics. NOT for designing reputation levels and the engagement program itself — use admin/community-engagement-strategy.",1.0.0,Spring '25+,false,7,0,Security;Reliability;Operational Excellence,skills/data/community-analytics-data/SKILL.md,63bf9ad2d35dbd93f9eba8f4755da46303db9e226f6957797cb01f741852e6a0,retain-knowledge-substrate,false,progressive-on-demand,Do not flatten into always-on host context; preserve package and evaluate through product context packs.
data/community-user-data-migration,data,community-user-data-migration,"Use to migrate external community/portal user accounts at scale — bulk user creation via Data Loader, license-type moves (Customer Community to Customer Community Plus, or to Partner Community), Customer Portal imports, and Contact/Account hierarchy prerequisites. Trigger keywords: migrate community users, import external users Experience Cloud, bulk create portal users, move users between license types, migrate Customer Community to Partner Community. NOT for adding members, self-registration and login page setup — use admin/experience-cloud-member-management. NOT for a general multi-object data migration — use data/data-migration-planning.",1.0.0,Spring '25+,false,6,2,Security;Reliability;Operational Excellence,skills/data/community-user-data-migration/SKILL.md,7fd98e85ac0ae34bc9dbfca7266ed5412ead7c91834eb25bceac5c4a84dbc52f,retain-knowledge-substrate,false,progressive-on-demand,Do not flatten into always-on host context; preserve package and evaluate through product context packs.
data/consent-data-model-health,data,consent-data-model-health,"Designing, querying, or troubleshooting the Health Cloud consent data model — the five-object HIPAA authorization hierarchy (DataUsePurpose → AuthorizationForm → AuthorizationFormText → AuthorizationFormDataUse → AuthorizationFormConsent). Trigger keywords: authorization form consent, ConsentGiverId, AuthorizationFormConsent SOQL, CareProgramEnrollee consent gate, PHI consent trail, consent hierarchy setup. NOT for the Setup configuration of authorization forms, consent templates, and withdrawal handling — use admin/health-cloud-consent-management. NOT for marketing or GDPR opt-out on ContactPointTypeConsent — use security/gdpr-data-privacy.",1.0.0,Spring '25+,false,3,0,Security;Reliability,skills/data/consent-data-model-health/SKILL.md,011fdb330dcc7a3e9c011ef9367e261f46647c26898e51e86c65be51aaa5a43c,retain-knowledge-substrate,false,progressive-on-demand,Do not flatten into always-on host context; preserve package and evaluate through product context packs.
data/constituent-data-migration,data,constituent-data-migration,"Use this skill when migrating constituent records (Contacts, Household Accounts, relationships, addresses, and donations loaded in the same run) into an NPSP org using the NPSP Data Importer. Triggers: importing contacts into NPSP, migrating nonprofit constituents, loading household data, bulk contact upload NPSP, constituent ETL. NOT for a standalone gift-history load with payments, soft credits, GAU allocations or campaign attribution — use data/gift-history-import. NOT for Nonprofit Cloud (NPC) migration — use architect/nonprofit-cloud-vs-npsp-migration.",1.0.0,Spring '25+,false,3,0,Security;Reliability;Operational Excellence,skills/data/constituent-data-migration/SKILL.md,72d32d66071f04478a2534066088861093cc208ef3ccf9510e457c2e93d709ef,retain-knowledge-substrate,false,progressive-on-demand,Do not flatten into always-on host context; preserve package and evaluate through product context packs.
data/cpq-data-model,data,cpq-data-model,"Use when querying, mapping, or building against Salesforce CPQ managed-package objects (SBQQ__ namespace): Quote, QuoteLine, QuoteLineGroup, DiscountSchedule, PriceRule, Subscription. Trigger keywords: SBQQ__Quote__c, QuoteLineModel, CPQ object graph, CPQ subscription, CPQ price rule. NOT for driving quote calculation, amend or renew from code — use apex/cpq-api-and-automation. NOT for bulk-loading the CPQ product catalog — use data/product-catalog-migration-cpq.",1.0.0,Spring '25+,false,5,0,Security;Reliability;Operational Excellence,skills/data/cpq-data-model/SKILL.md,14b008560837dda72746142d5ca2978eaeefd8270beffedd58a6b2b1e2b20307,retain-knowledge-substrate,false,progressive-on-demand,Do not flatten into always-on host context; preserve package and evaluate through product context packs.
data/cpq-performance-optimization,data,cpq-performance-optimization,"Use when diagnosing or resolving slow CPQ quote calculation, QLEx timeouts, or governor limit errors on large quotes. Trigger keywords: Large Quote Mode, QCP field declaration, quote calculation performance, SBQQ calculation timeout, async pricing. NOT for designing bundles and a pricing model that scales before the problem exists — use architect/cpq-architecture-patterns. NOT for writing the QCP or other SBQQ plugin interfaces themselves — use apex/cpq-apex-plugins.",1.0.0,Spring '25+,false,5,2,Performance;Reliability;Operational Excellence,skills/data/cpq-performance-optimization/SKILL.md,2ebd7882f7c644a7d6855c1350c63b16cf1770ccd15d3e7351b4867abe8d38e2,retain-knowledge-substrate,false,progressive-on-demand,Do not flatten into always-on host context; preserve package and evaluate through product context packs.
data/crm-analytics-security-predicates,data,crm-analytics-security-predicates,"Row-level security in CRM Analytics datasets via security predicates — SAQL filter expressions stored on the dataset that apply at query time per running user. Covers the syntax (`'DatasetColumn' operator value`), the `$User.*` context variables, multi-level predicates (role hierarchy + team + region), predicate performance cost, and testing discipline (admins bypass predicates). NOT for app-level sharing roles, dataset visibility, or sharing inheritance vs custom predicate design — use architect/analytics-security-architecture. NOT for the Setup steps and Analytics license assignment — use admin/analytics-permission-and-sharing.",1.0.0,Spring '25+,false,6,0,Security;Reliability;Operational Excellence,skills/data/crm-analytics-security-predicates/SKILL.md,35470330f3e2776ed530e1013148a0413bdfd91364cd8b195c52159180352ca2,retain-knowledge-substrate,false,progressive-on-demand,Do not flatten into always-on host context; preserve package and evaluate through product context packs.
data/currency-management-patterns,data,currency-management-patterns,"Working with multi-currency Salesforce orgs at the data layer — `CurrencyIsoCode` field semantics, the `CurrencyType` and `DatedConversionRate` standard objects, the `convertCurrency()` SOQL function, Advanced Currency Management vs basic multi-currency, formula fields and roll-up summaries across currencies, and the irreversibility of enabling multi-currency. NOT for wrong converted amounts in Sales Cloud reports or the dated-rate maintenance pipeline — use architect/multi-currency-sales-architecture. NOT for locale-formatted currency output from a SOQL SELECT via FORMAT() — use apex/soql-format-function-localization.",1.1.0,Spring '25+,false,9,0,Reliability;Operational Excellence,skills/data/currency-management-patterns/SKILL.md,8e67b344e5b6b18d3426f844fa774384a3ee7f5fd13d67b31bbef93b717cb155,retain-knowledge-substrate,false,progressive-on-demand,Do not flatten into always-on host context; preserve package and evaluate through product context packs.
data/custom-index-requests,data,custom-index-requests,"Use when standard Salesforce indexes are insufficient for query performance on high-volume objects: requesting custom indexes via Salesforce Support for standard fields, deploying custom field indexes via Metadata API, requesting skinny tables, or designing two-column composite indexes. NOT for SOQL query optimization techniques (use data/soql-query-optimization) or general large data volume design (use architect skills).",1.0.0,Spring '25+,false,5,0,Reliability;Operational Excellence,skills/data/custom-index-requests/SKILL.md,ac0c68f6d25058d51e36243d490c7109c02c464d7c7cbe4d3c355765b44609c2,retain-knowledge-substrate,false,progressive-on-demand,Do not flatten into always-on host context; preserve package and evaluate through product context packs.
data/data-archival-strategies,data,data-archival-strategies,"Use when planning how to archive aging Salesforce records to reduce storage costs, maintain query performance, and meet retention policies. Covers Big Object archival, external storage via Heroku or S3, field history truncation, recycle bin behavior, and soft-delete patterns. Triggers: storage limit reached, archive old records, Big Objects, field history too large, recycle bin overflow, data retention policy. NOT for finding out what is eating your storage right now — use data/data-storage-management. NOT for a scheduled job that just deletes aged records — use data/batch-data-cleanup-patterns.",1.0.0,Spring '25+,false,6,0,Reliability;Scalability,skills/data/data-archival-strategies/SKILL.md,6af122d2f6d5300fc86567c298d48cbea0f3dced60dba0e32e1121ce205c2bad,retain-knowledge-substrate,false,progressive-on-demand,Do not flatten into always-on host context; preserve package and evaluate through product context packs.
data/data-cloud-code-extensions,data,data-cloud-code-extensions,"Use when native Data 360 (formerly Data Cloud) transforms and pipelines can't express your logic and you need to deploy custom Python into the platform — a Code Extension — either as a batch data transform script or as a search-index chunking function, built with the Salesforce CLI Code Extension plugin + Data Custom Code Python SDK and promoted with a DevOps Data Kit. NOT for querying Data Cloud from outside the platform (use integration/data-cloud-query-api), NOT for stream/ingestion setup (use data/data-cloud-data-streams), and NOT for Apex — Code Extension is Python-only today and unavailable in BYOK orgs.",1.0.0,Summer '26+,false,5,0,Security;Operational Excellence;Reliability,skills/data/data-cloud-code-extensions/SKILL.md,87da5f1ed08a4289b15fa5907c5c934883939caf97dfd7c05c43e5e3aa0adc2d,retain-knowledge-substrate,false,progressive-on-demand,Do not flatten into always-on host context; preserve package and evaluate through product context packs.
data/data-cloud-consent-and-privacy,data,data-cloud-consent-and-privacy,"Use this skill when implementing consent management, data subject request processing, or data retention policies in Data Cloud — including the ssot__ContactPointConsent__dlm DMO, consent-aware segmentation filters, GDPR/CCPA data deletion requests via Privacy Center or Data Deletion API, and per-DLO retention policy configuration. Triggers on: consent-aware segmentation in Data Cloud, Data Cloud GDPR deletion request, right to be forgotten Data Cloud, ContactPointConsent DMO, Data Cloud data retention policy. NOT for CRM-layer consent and right-to-be-forgotten on Individual/ContactPointTypeConsent — use security/gdpr-data-privacy. NOT for the CRM-side data subject request workflow — use security/customer-data-request-workflow.",1.0.0,Spring '25+,false,5,0,Security;Reliability,skills/data/data-cloud-consent-and-privacy/SKILL.md,be39b59bb9a2d0efc1c5fc74f284aec0899e1c48e3a04276d330f6deb0ac2f4e,retain-knowledge-substrate,false,progressive-on-demand,Do not flatten into always-on host context; preserve package and evaluate through product context packs.
data/data-cloud-data-model-objects,data,data-cloud-data-model-objects,"Use when designing or managing Data Model Objects (DMOs) in Salesforce Data Cloud — covers DMO schema design, subject area governance, data relationships between DMOs, XMD (extended metadata) layer management, data transforms (streaming vs. batch), and mandatory DMO requirements for identity resolution. NOT for configuring source connectors or the DLO-to-DMO ingestion mapping — use data/data-cloud-data-streams. NOT for overall Data Cloud architecture, activation targets or segmentation strategy — use architect/data-cloud-architecture.",1.2.0,Spring '25+,false,9,0,Operational Excellence;Reliability,skills/data/data-cloud-data-model-objects/SKILL.md,b71569e9699d26423449d3c33059a8bdc5d5bd654bdf1459bbbe607aa4c3555e,retain-knowledge-substrate,false,progressive-on-demand,Do not flatten into always-on host context; preserve package and evaluate through product context packs.
data/data-cloud-data-streams,data,data-cloud-data-streams,"Step-by-step guidance for configuring Data Cloud data streams: connecting source connectors, mapping Data Lake Objects (DLOs) to Data Model Objects (DMOs), enabling identity resolution rulesets, defining Calculated Insights, and activating unified profiles. Trigger keywords: data stream setup, DLO to DMO mapping, identity resolution ruleset, ingestion API, Calculated Insights SQL. NOT for choosing the DSO/DLO/DMO layering and identity-resolution strategy up front — use architect/data-cloud-architecture. NOT for designing the DMO schema itself — use data/data-cloud-data-model-objects.",1.0.0,Spring '25+,false,6,0,Security;Reliability;Scalability,skills/data/data-cloud-data-streams/SKILL.md,f6eaaaa21fb379c931610190c5eb4827a801dc4f5e5fe85601af1aef1cd8c981,retain-knowledge-substrate,false,progressive-on-demand,Do not flatten into always-on host context; preserve package and evaluate through product context packs.
data/data-extension-design,data,data-extension-design,"Use this skill when designing, creating, or troubleshooting Marketing Cloud Data Extensions — including sendable vs. non-sendable DE selection, primary key composition, data retention configuration, Send Relationship mapping, and performance indexing. Trigger keywords: data extension, sendable DE, send relationship, DE primary key, data retention, Marketing Cloud data model, DE columns, subscriber key mapping. NOT for the whole MC data model, Contact Key linkage, or CRM-to-MC flow — use architect/marketing-data-architecture. NOT for synchronized DEs that stop updating — use data/marketing-cloud-data-sync.",1.0.0,Spring '25+,false,7,0,Performance;Reliability;Security,skills/data/data-extension-design/SKILL.md,65d4de6959f37beb6ce4311c89583ffed62ce1ef69418f1b8046fde6b81bc150,retain-knowledge-substrate,false,progressive-on-demand,Do not flatten into always-on host context; preserve package and evaluate through product context packs.
data/data-loader-and-tools,data,data-loader-and-tools,"Use this skill when selecting or configuring Salesforce data load tools: Data Loader, Data Import Wizard, Workbench, Salesforce Inspector, or Salesforce CLI for import/export. Trigger keywords: data loader configuration, import wizard, bulk data load, workbench SOQL, salesforce inspector, data export, csv import salesforce, data migration tool selection. NOT for mapping CSV columns to field API names — use data/data-loader-csv-column-mapping. NOT for coding a Bulk API 2.0 job and retrieving its failed records — use data/bulk-api-and-large-data-loads.",1.0.0,Spring '25+,false,7,0,Operational Excellence;Reliability,skills/data/data-loader-and-tools/SKILL.md,7bf4beccf22d10fdd3ca7104f353671c63c65c21a84fc218a91fff8dd88838f2,retain-knowledge-substrate,false,progressive-on-demand,Do not flatten into always-on host context; preserve package and evaluate through product context packs.
data/data-loader-batch-window-sizing,data,data-loader-batch-window-sizing,"Choose the right batch size, parallel/serial mode, and load window for Data Loader, Bulk API V1/V2, and custom Database.executeBatch jobs against a given object volume and complexity profile. Covers tradeoffs between batch size, trigger CPU cost, sharing recalculation cost, and row-skew lock contention. NOT for CSV column mapping (use data/data-loader-csv-column-mapping). NOT for picklist validation pre-load (use data/data-loader-picklist-validation-pre-load). NOT for sharing-recalc tuning after the load lands (use data/sharing-recalculation-performance).",1.0.0,Spring '25+,false,6,0,Reliability;Performance;Operational Excellence;Scalability,skills/data/data-loader-batch-window-sizing/SKILL.md,3f0fe61016a3b591060e7b9637df7bade952beee444dea2a4aefcc75466458e7,retain-knowledge-substrate,false,progressive-on-demand,Do not flatten into always-on host context; preserve package and evaluate through product context packs.
data/data-loader-csv-column-mapping,data,data-loader-csv-column-mapping,"Mapping CSV columns to Salesforce field API names for Data Loader, dataloader.io, Workbench, and custom Bulk API V2 loads. Covers header normalization, missing/extra-column behaviour per tool, required-field detection from describe metadata, polymorphic lookup prefixes, External ID upsert binding, picklist API names vs labels, datetime/timezone handling, and the Data Loader vs Bulk API V2 header case-sensitivity divergence. NOT for checking picklist values before the load runs — use data/data-loader-picklist-validation-pre-load. NOT for batch sizing — use data/data-loader-batch-window-sizing. NOT for sequencing a whole migration — use data/data-migration-planning.",1.0.0,Spring '25+,false,10,0,Security;Reliability;Performance;Operational Excellence;Scalability,skills/data/data-loader-csv-column-mapping/SKILL.md,2c59ce211ca6672b260a19a028d3ed5def32bcd6265c3e81100c661a34d4b13e,retain-knowledge-substrate,false,progressive-on-demand,Do not flatten into always-on host context; preserve package and evaluate through product context packs.
data/data-loader-picklist-validation-pre-load,data,data-loader-picklist-validation-pre-load,"When and how to pre-validate a CSV against Salesforce picklist rules and record-type assignments BEFORE running a Data Loader / Bulk API insert or upsert — restricted picklists, record-type-scoped values, inactive values, Global Value Sets, dependent picklists, multi-select delimiters, API name vs label, and the 255-char per-value limit. NOT for mapping CSV headers to field API names — use data/data-loader-csv-column-mapping. NOT for cleaning up bad picklist values already in the org — use admin/picklist-field-integrity-issues.",1.0.0,Spring '25+,false,6,0,Reliability;Operational Excellence,skills/data/data-loader-picklist-validation-pre-load/SKILL.md,49a381e3aad6803ee1fad3dcadf775d8c5091cb4bfebd96c13aef7ab7d9ec79f,retain-knowledge-substrate,false,progressive-on-demand,Do not flatten into always-on host context; preserve package and evaluate through product context packs.
data/data-migration-planning,data,data-migration-planning,"Use when planning, reviewing, or troubleshooting a Salesforce data migration — covering tool selection (Data Loader, Bulk API 2.0, MuleSoft, Informatica, Jitterbit), migration sequencing for parent-child objects, external ID strategy for upsert idempotency, validation rule bypass, trigger and flow suppression, rollback planning, and post-migration reconciliation. NOT for Data Loader step-by-step mechanics — use admin/data-import-and-management. NOT for schema or data model design — use data/data-model-design-patterns.",1.0.0,Spring '25+,false,6,0,Reliability;Operational Excellence;Security;Performance,skills/data/data-migration-planning/SKILL.md,ddb88a7d97b63be9737a60fe3335bb882d83219f5fe8da301fc8e803f1e27f6d,retain-knowledge-substrate,false,progressive-on-demand,Do not flatten into always-on host context; preserve package and evaluate through product context packs.
data/data-model-design-patterns,data,data-model-design-patterns,"Use when designing, reviewing, or troubleshooting Salesforce object relationships and field type choices — lookup vs master-detail, junction object modeling, indexing strategy, and data model anti-patterns. NOT for drawing or diagramming the model — use architect/salesforce-erd-and-diagramming. NOT for the Setup steps to create the object itself — use admin/object-creation-and-design. NOT for hierarchical or external relationship types, polymorphic lookups, or the per-object relationship limits — use admin/lookup-and-relationship-design.",1.0.1,Spring '25+,false,9,0,Scalability;Security;Performance,skills/data/data-model-design-patterns/SKILL.md,c22a7e0e57b551eb580fb14eb67974106ad90f2f50c4dd5cf21306392152c71b,retain-knowledge-substrate,false,progressive-on-demand,Do not flatten into always-on host context; preserve package and evaluate through product context packs.
data/data-quality-and-governance,data,data-quality-and-governance,"Use this skill when designing data quality gates, auditing data quality posture, troubleshooting validation failures, or implementing governance controls (field history, GDPR erasure, data classification, duplicate strategy). Trigger keywords: validation rules, field history, duplicate management, GDPR right to erasure, data retention, data classification, Shield Field Audit Trail, Einstein Data Detect, Matching Rules, PII anonymization. NOT for configuring matching and duplicate rules in Setup — use admin/duplicate-management. NOT for executing a bulk data migration — use data/data-migration-planning.",1.0.0,Spring '25+,false,5,0,Security;Reliability;Operational Excellence,skills/data/data-quality-and-governance/SKILL.md,31ce381d8251deb47009d3ce2d52ed4d24b2991b4398100b68508420212b3c71,retain-knowledge-substrate,false,progressive-on-demand,Do not flatten into always-on host context; preserve package and evaluate through product context packs.
data/data-reconciliation-patterns,data,data-reconciliation-patterns,"Patterns for reconciling Salesforce data with external systems: count-level, field-level, and record-level reconciliation, external ID upsert patterns, Change Data Capture for delta detection, and soft-delete tombstone strategies. Use when validating ongoing data sync or diagnosing discrepancies between Salesforce and external data sources. NOT for building the CDC replication pipeline itself — use data/cdc-data-sync-patterns. NOT for planning a one-time migration and its cutover — use data/data-migration-planning. NOT for merging duplicates already in Salesforce — use data/large-scale-deduplication. NOT for choosing or designing the external ID field / upsert key itself, including composite keys and relationship resolution by external ID — use data/external-id-strategy; this skill assumes the key already exists and covers detecting and repairing drift against it.",1.0.0,Spring '25+,false,6,0,Reliability;Operational Excellence,skills/data/data-reconciliation-patterns/SKILL.md,5ec4f72616b664954f8a23ca797ed99b2950547fc5beceb323561bfeb2cfcc7b,retain-knowledge-substrate,false,progressive-on-demand,Do not flatten into always-on host context; preserve package and evaluate through product context packs.
data/data-storage-management,data,data-storage-management,"Salesforce storage management: monitoring data storage vs file storage usage, diagnosing storage alerts, optimizing large text fields, choosing between Attachment and ContentDocument (Files), and planning storage reclamation. NOT for archiving aging records to Big Objects or external storage (S3, Heroku) — use data/data-archival-strategies. NOT for Case and EmailMessage storage bloat in Service Cloud — use data/service-data-archival.",1.0.0,Spring '25+,false,7,0,Reliability;Scalability,skills/data/data-storage-management/SKILL.md,2ba3bb93106db1c642db180dd17851f4ee129c2c3542dd72c6c60a640ec5bedc,retain-knowledge-substrate,false,progressive-on-demand,Do not flatten into always-on host context; preserve package and evaluate through product context packs.
data/data-virtualization-patterns,data,data-virtualization-patterns,"Choosing between virtualizing external data into Salesforce (External Objects via Salesforce Connect / OData 2.0 / 4.0 / cross-org adapter) and replicating it into a custom object. Covers indirect lookup keys, per-transaction callout caps, and what External Objects cannot do (no triggers, no validation rules, no record-triggered flows, limited reporting and search). NOT for plain REST callouts with no External Object — use apex/callouts-and-http-integrations. NOT for one-time ETL or a data migration that copies the data in — use data/data-migration-planning.",1.0.0,Spring '25+,false,7,0,Performance;Security;Reliability,skills/data/data-virtualization-patterns/SKILL.md,51b1390ee9d7f3ea7ebb5af50359c8022b949f973f6a034a34dcdb6aa4123cc7,retain-knowledge-substrate,false,progressive-on-demand,Do not flatten into always-on host context; preserve package and evaluate through product context packs.
data/deployment-data-dependencies,data,deployment-data-dependencies,"Use this skill when managing data record dependencies during deployments: resolving org-specific record type IDs that differ between source and target orgs, remapping queue IDs and user IDs in data plans, seeding Custom Settings values post-deployment, and using external IDs or DeveloperName references instead of hardcoded org-specific IDs. Trigger keywords: INVALID_CROSS_REFERENCE_KEY Record Type ID, hardcoded record type IDs deployment, deployment data record org-specific IDs, Custom Settings not deployed, queue ID remap after sandbox refresh. NOT for eliminating hardcoded record type IDs in Apex or metadata — use admin/record-type-id-management. NOT for designing the external ID field and upsert key itself — use data/external-id-strategy.",1.0.0,Spring '25+,false,6,0,Reliability;Operational Excellence,skills/data/deployment-data-dependencies/SKILL.md,eb33b0d2febaa9214ff9a688fa151b9e2e9538e983a36634e866b801b3ca9781,retain-knowledge-substrate,false,progressive-on-demand,Do not flatten into always-on host context; preserve package and evaluate through product context packs.
data/duplicate-rule-person-account-edge-cases,data,duplicate-rule-person-account-edge-cases,"Duplicate Rules and Matching Rules for Person Accounts — PA shape, lead convert, PII. Triggers: person account duplicate rule, PA matching, IsPersonAccount filter. NOT for general B2B duplicate management — use admin/duplicate-management. NOT for Person Account enablement — use data/person-accounts.",1.0.0,Spring '25+,false,8,0,Security;Reliability;Operational Excellence,skills/data/duplicate-rule-person-account-edge-cases/SKILL.md,c0d2203ab7041d4bb45f6e6550207d8edbe402f1e6ad7c4d73b237458dc6cd31,retain-knowledge-substrate,false,progressive-on-demand,Do not flatten into always-on host context; preserve package and evaluate through product context packs.
data/eda-data-model-and-patterns,data,eda-data-model-and-patterns,"Education Data Architecture (EDA) data model deep dive: Contact-centric, Affiliations, Relationships, Account record types (Academic Program, Educational Institution, Sports Organization), Course_Offering__c, Term__c, Course_Connection__c patterns. NOT for Education Cloud setup, student success hub and advisor workflows — use admin/education-cloud-eda-setup. NOT for generic object and relationship modeling — use data/data-model-design-patterns.",1.0.0,Spring '25+,false,6,0,Scalability;Reliability,skills/data/eda-data-model-and-patterns/SKILL.md,18067fd4f88d74c48f3a3e1ebb51f69e6010230c6b2b25773c91e49f362f3e87,retain-knowledge-substrate,false,progressive-on-demand,Do not flatten into always-on host context; preserve package and evaluate through product context packs.
data/einstein-analytics-data-model,data,einstein-analytics-data-model,"Use this skill when working with CRM Analytics (Einstein Analytics) extended metadata (XMD) — the multi-layer metadata system controlling field display labels, aliases, number and date formatting, measure/dimension classification, and dataset versioning. Trigger keywords: XMD API, dataset field formatting CRM Analytics, wave dataset labels, main XMD update, dataset versioning Analytics. NOT for recipe node configuration — use admin/analytics-recipe-design. NOT for dataflow development, node types, and scheduling — use admin/analytics-dataflow-development.",1.0.0,Spring '25+,false,6,0,Reliability;Operational Excellence,skills/data/einstein-analytics-data-model/SKILL.md,a75ce3dbbe62946c9287ab27f31f38dcba17e4f79ba0f2d3116db5226e0a5d1e,retain-knowledge-substrate,false,progressive-on-demand,Do not flatten into always-on host context; preserve package and evaluate through product context packs.
data/etl-vs-api-data-patterns,data,etl-vs-api-data-patterns,"Use this skill when selecting between ETL/ELT tools and API-based integration for ongoing data pipelines between Salesforce and external systems: Informatica Cloud, MuleSoft Batch, Jitterbit, and direct Bulk API patterns. Trigger keywords: ETL vs API integration choice, Informatica vs MuleSoft data pipeline, should I use ETL or API for Salesforce, bulk data pipeline architecture, ongoing data sync tool selection. NOT for one-time migration — use data/data-migration-planning. NOT for Platform Events, CDC or Pub/Sub vs Bulk API timing — use integration/real-time-vs-batch-integration.",1.0.0,Spring '25+,false,6,0,Reliability;Performance,skills/data/etl-vs-api-data-patterns/SKILL.md,c33fdaa747dcd665c9662172d3605192d9ecf9b5c53c1fb96c3baec935a5f501,retain-knowledge-substrate,false,progressive-on-demand,Do not flatten into always-on host context; preserve package and evaluate through product context packs.
data/external-data-and-big-objects,data,external-data-and-big-objects,"Use this skill when storing large historical datasets in Salesforce using Big Objects, querying them with Async SOQL, or deciding between Big Objects and External Objects for high-volume or external data access patterns. Trigger keywords: big object, async SOQL, AsyncQueryJob, external object, Salesforce Connect, IoT data, audit history, event log archival, Database.insertImmediate, composite index. NOT for reading the data live from the source system instead, via Salesforce Connect and External Objects — use integration/salesforce-connect-external-objects. NOT for planning what to archive and where to reclaim storage — use data/data-archival-strategies.",1.0.0,Spring '25+,false,5,0,Performance;Scalability;Reliability,skills/data/external-data-and-big-objects/SKILL.md,8377f2f4f1f40310cc86c3ae322cffde6fcb75e65da4b6c9e45e7117db8e32a7,retain-knowledge-substrate,false,progressive-on-demand,Do not flatten into always-on host context; preserve package and evaluate through product context packs.
data/external-id-strategy,data,external-id-strategy,"Use this skill when designing, selecting, or troubleshooting external ID fields on Salesforce objects for upsert operations, cross-system record correlation, or idempotent data loads. Trigger keywords: external ID field design, upsert key strategy, cross-system record matching, source system ID mapping, composite key for uniqueness, duplicate insert on upsert, relationship resolution by external ID. NOT for sequencing and running the migration itself — use data/data-migration-planning. NOT for making an inbound API retry-safe end to end — use integration/idempotent-integration-patterns.",1.0.0,Spring '25+,false,5,3,Reliability;Performance;Operational Excellence,skills/data/external-id-strategy/SKILL.md,23db855ebf9c494075c28f132a3194d6ee38fcb056458b1dce14fce39a51b6b4,retain-knowledge-substrate,false,progressive-on-demand,Do not flatten into always-on host context; preserve package and evaluate through product context packs.
data/external-user-data-sharing,data,external-user-data-sharing,"Configure record visibility for external users (Customer Community, Customer Community Plus, Partner Community) using External OWDs, Sharing Sets, and external sharing rules. Trigger keywords: sharing data with external users, portal user record visibility, Experience Cloud sharing model, sharing set configuration, external OWD setup, Customer Community data access, High-Volume Portal sharing. NOT for the internal sharing model — OWD, role hierarchy, sharing rules — use admin/sharing-and-visibility. NOT for guest-user record access or site hardening — use security/experience-cloud-security.",1.0.0,Spring '25+,false,9,0,Security;Reliability,skills/data/external-user-data-sharing/SKILL.md,aac868ae42da522a457dd60afcb7df41e82aac58d93a7fde506db32c96ee778f,retain-knowledge-substrate,false,progressive-on-demand,Do not flatten into always-on host context; preserve package and evaluate through product context packs.
data/fhir-data-mapping,data,fhir-data-mapping,"Use this skill when mapping FHIR R4 clinical resources (Patient, Observation, Condition, CarePlan, CodeableConcept) to Salesforce Health Cloud objects. Triggers: 'how do I map FHIR patient to Salesforce', 'FHIR Condition to Health Cloud object', 'FHIR R4 Support Settings', 'CodeableConcept to CodeSetBundle', 'HL7 FHIR integration Health Cloud'. NOT for building the FHIR REST integration, CDS Hooks, SMART on FHIR, or HL7 v2 conversion — use apex/fhir-integration-patterns. NOT for choosing legacy HC24__ EHR objects vs FHIR-aligned standard objects — use data/health-cloud-data-model.",1.0.0,Spring '25+,false,3,0,Security;Reliability;Operational Excellence,skills/data/fhir-data-mapping/SKILL.md,fb94c78a4ed3f653a067831e805ff8100f023c424187f474c2f1ffb5d55df5b0,retain-knowledge-substrate,false,progressive-on-demand,Do not flatten into always-on host context; preserve package and evaluate through product context packs.
data/field-history-tracking,data,field-history-tracking,"Use when enabling, configuring, or querying Salesforce field history tracking to audit changes to field values over time. Covers enabling tracking on objects and fields, the 20-field-per-object limit, 18-month data retention, querying standard History sObjects (AccountHistory, OpportunityFieldHistory, custom __History), and troubleshooting missing records. NOT for Shield Field Audit Trail, FieldHistoryArchive, or keeping history past 18 months — use security/field-audit-trail. NOT for CreatedDate, LastModifiedDate, or SystemModstamp behavior — use admin/system-field-behavior-and-audit.",1.1.0,Spring '25+,false,8,0,Security;Reliability,skills/data/field-history-tracking/SKILL.md,2462b462ba21a74620c83c014bb207649882fbeb56fde13d172872fd6d2f0637,retain-knowledge-substrate,false,progressive-on-demand,Do not flatten into always-on host context; preserve package and evaluate through product context packs.
data/financial-account-migration,data,financial-account-migration,"Use when bulk-migrating financial account data into Salesforce FSC — FinancialAccount, FinancialHolding, FinancialAccountRole, FinancialAccountTransaction, and balance history records. Trigger keywords: ETL load FSC, migrate holdings, bulk insert financial accounts, data migration rollup lock, FinancialAccountBalance import. NOT for configuring account types, roles and household rollup in Setup — use admin/financial-account-setup. NOT for the FinServ object graph and SOQL reference — use data/fsc-data-model.",1.0.0,Spring '25+,false,5,2,Reliability;Performance,skills/data/financial-account-migration/SKILL.md,d5d0851bacd7e59acdeb0987979f8ccb5092e0d7ef10010f10034956259eb7f1,retain-knowledge-substrate,false,progressive-on-demand,Do not flatten into always-on host context; preserve package and evaluate through product context packs.
data/financial-data-quality,data,financial-data-quality,"Use when validating FinancialAccount record integrity in Financial Services Cloud, detecting duplicate financial records, or reconciling FSC data against core banking and custodial source systems. Trigger keywords: FinancialAccount validation, FSC duplicate detection, financial record reconciliation, stale household KPIs, FinancialHolding data quality, FSC data integrity. NOT for the one-time bulk load of FSC accounts and holdings — use data/financial-account-migration. NOT for generic org-wide data quality gates and governance — use data/data-quality-and-governance. NOT for matching and duplicate rules on standard objects — use admin/duplicate-management.",1.1.0,Spring '25+,false,7,1,Security;Reliability;Operational Excellence,skills/data/financial-data-quality/SKILL.md,99caaae7a87a789ced3666c38d42dd6ca10d59b628180221cb0c2dd25558cc29,retain-knowledge-substrate,false,progressive-on-demand,Do not flatten into always-on host context; preserve package and evaluate through product context packs.
data/fsc-data-model,data,fsc-data-model,"Use when designing, querying, or troubleshooting the Financial Services Cloud data model — including managed-package (FinServ__ namespace) and Core FSC (standard objects, no namespace) object structures, household relationship modeling, financial account ownership, and the FSC rollup framework. Trigger keywords: FSC data model, FinancialAccount, FinancialHolding, FinancialAccountRole, FinancialAccountParty, FinServ namespace, household rollup, AssetsAndLiabilities, FinancialGoal, LifeEvent, AccountContactRelation FSC. NOT for setting up financial accounts and roles in Setup — use admin/financial-account-setup. NOT for household membership and rollup scheduling — use admin/household-model-configuration.",1.0.0,Spring '25+,false,4,1,Reliability;Performance,skills/data/fsc-data-model/SKILL.md,e86c80a0ca8aced897313c7d5f919ffd774308df3b752fb6f1b0a22e17522533,retain-knowledge-substrate,false,progressive-on-demand,Do not flatten into always-on host context; preserve package and evaluate through product context packs.
data/fsl-reporting-data-model,data,fsl-reporting-data-model,"Use this skill when building Salesforce reports and dashboards on FSL operational data: job completion metrics, travel time analytics, first-time fix rate, utilization, and service performance. Trigger keywords: FSL reporting, ServiceAppointment reports, ActualDuration ActualTravelTime, first-time fix rate custom field, FSL utilization metrics. NOT for loading the WorkOrder and ServiceAppointment records you want to report on — use data/fsl-work-order-migration. NOT for CRM Analytics / Field Service Intelligence dashboards — use admin/analytics-dashboard-design.",1.0.0,Spring '25+,false,5,0,Performance;Reliability,skills/data/fsl-reporting-data-model/SKILL.md,cc46408c91ed83b53e1e29d8207e45b51d265d3264130ed864fb26da43fad709,retain-knowledge-substrate,false,progressive-on-demand,Do not flatten into always-on host context; preserve package and evaluate through product context packs.
data/fsl-resource-and-skill-data,data,fsl-resource-and-skill-data,"Use this skill when bulk loading FSL ServiceResource records, ServiceResourceSkill data, skill certifications, capacity-based resource setup, and availability patterns. Trigger keywords: FSL resource migration, ServiceResourceSkill bulk load, skill certification tracking FSL, capacity-based resource, service resource availability. NOT for configuring resources and skills in Setup rather than loading them — use admin/fsl-resource-management. NOT for ServiceTerritoryMember and territory bulk load — use data/fsl-territory-data-setup.",1.0.0,Spring '25+,false,5,0,Reliability;Performance,skills/data/fsl-resource-and-skill-data/SKILL.md,7a756ac4e67d38a0fcf6ee55f8eded982f71bf3303977116804bcaffdc1d2e33,retain-knowledge-substrate,false,progressive-on-demand,Do not flatten into always-on host context; preserve package and evaluate through product context packs.
data/fsl-territory-data-setup,data,fsl-territory-data-setup,"Use this skill when bulk loading Service Territory data: boundary polygons, ServiceTerritoryMember assignments, OperatingHours, TimeSlots, and territory hierarchy setup. Trigger keywords: service territory bulk load, KML polygon import FSL, ServiceTerritoryMember migration, OperatingHours data setup, PolygonUtils Apex. NOT for ETM territory data — use data/territory-data-alignment. NOT for territory config in Setup — use admin/fsl-service-territory-setup.",1.0.0,Spring '25+,false,5,0,Reliability;Performance,skills/data/fsl-territory-data-setup/SKILL.md,4f4b48c6ef8ef7e13f643da10781580e8bba4b791c8fbd53e5e91222dfdbd84d,retain-knowledge-substrate,false,progressive-on-demand,Do not flatten into always-on host context; preserve package and evaluate through product context packs.
data/fsl-work-order-migration,data,fsl-work-order-migration,"Use this skill when migrating Work Order, Work Order Line Item, Service Appointment, AssignedResource, and ProductConsumed data into a Salesforce Field Service org. Trigger keywords: FSL data migration, WorkOrder import, ServiceAppointment migration, AssignedResource load, ProductConsumed migration, work order history data load. NOT for loading the technicians, skills and certifications themselves — use data/fsl-resource-and-skill-data. NOT for reporting on the work-order data once it is loaded — use data/fsl-reporting-data-model.",1.0.0,Spring '25+,false,5,0,Reliability;Performance;Security,skills/data/fsl-work-order-migration/SKILL.md,28f710323bd6e89c43df31f000163cf7845028406ab18b803a1dedfd7a3482ac,retain-knowledge-substrate,false,progressive-on-demand,Do not flatten into always-on host context; preserve package and evaluate through product context packs.
data/gift-history-import,data,gift-history-import,"Use when migrating donation or gift history into Salesforce NPSP using the NPSP Data Importer (BDI) — covers DataImport__c staging, payment mapping, soft credit creation via Opportunity Contact Roles, GAU allocation, and campaign attribution. NOT for loading the constituents, households and addresses themselves — use data/constituent-data-migration. NOT for configuring soft credit and matching gift rules — use admin/soft-credits-and-matching.",1.0.0,Spring '25+,false,5,0,Operational Excellence;Reliability,skills/data/gift-history-import/SKILL.md,2055a087d384f8feeb31915b3642c9b7ac304ffa6df37b45e3235763b99948ec,retain-knowledge-substrate,false,progressive-on-demand,Do not flatten into always-on host context; preserve package and evaluate through product context packs.
data/health-cloud-data-model,data,health-cloud-data-model,"Use this skill when choosing, enabling, or querying Health Cloud clinical data objects — including the dual-layer architecture of legacy managed-package EHR objects (HC24__ namespace) and FHIR R4-aligned standard objects (ClinicalEncounter, HealthCondition, CarePlan, etc.). Covers setup prerequisites, object relationships, and migration considerations. NOT for mapping a specific FHIR R4 resource field-by-field onto these objects — use data/fhir-data-mapping. NOT for calling the FHIR Healthcare API or the SObject API against clinical data — use apex/health-cloud-apis.",1.0.0,Spring '25+,false,5,0,Reliability;Security,skills/data/health-cloud-data-model/SKILL.md,f96c17bd568eef89e033aa5e9d255d9b263ea9396bfc409d2ded043e95161f26,retain-knowledge-substrate,false,progressive-on-demand,Do not flatten into always-on host context; preserve package and evaluate through product context packs.
data/historical-order-migration,data,historical-order-migration,"Use when loading historical CPQ orders, contracts, subscriptions, and assets into Salesforce CPQ so that future renewals and amendments work correctly — covering the CPQ Legacy Data Upload mechanism, strict object load sequencing, required field values, and pre/post-load configuration. NOT for non-CPQ order history — use data/commerce-order-history-migration. NOT for the CPQ catalog — use data/product-catalog-migration-cpq.",1.0.0,Spring '25+,false,7,0,Reliability;Operational Excellence;Performance,skills/data/historical-order-migration/SKILL.md,172bdcbb05c29245811af5d202064b4ee6c6b3a8f41e84224c9be345d4112968,retain-knowledge-substrate,false,progressive-on-demand,Do not flatten into always-on host context; preserve package and evaluate through product context packs.
data/industries-data-migration,data,industries-data-migration,"Use this skill when bulk-migrating data into Salesforce Industries clouds — including InsurancePolicy and its child objects for Insurance, ServicePoint/Premise for Energy and Utilities, or subscriber/account hierarchies for Communications. Trigger keywords: insurance policy migration, InsurancePolicyCoverage load order, ServicePoint bulk load, Premise hierarchy, E&U data migration, telco subscriber migration, utility account import, industries object dependency. NOT for generic migration planning — use data/data-migration-planning. NOT for Health Cloud patient data — use data/patient-data-migration.",1.0.0,Spring '25+,false,5,2,Reliability;Performance,skills/data/industries-data-migration/SKILL.md,f6bb983ad71352b2cba211efd99047c30d5156aaf7b8c0f2046186fc0d3fe82a,retain-knowledge-substrate,false,progressive-on-demand,Do not flatten into always-on host context; preserve package and evaluate through product context packs.
data/knowledge-article-import,data,knowledge-article-import,"Use this skill when bulk-importing Knowledge articles into Salesforce from an external source using the ZIP-based import mechanism. Trigger keywords: knowledge import, article import, migrate help center, bulk upload articles, CSV article import, knowledge base migration. NOT for converting existing Classic article types to Lightning Knowledge — use admin/knowledge-classic-to-lightning. NOT for Knowledge setup, record types, data categories and publishing workflow — use admin/knowledge-base-administration.",1.0.0,Spring '25+,false,3,0,Reliability;Operational Excellence,skills/data/knowledge-article-import/SKILL.md,5c56135f8c5c27b57977a9e35a29689e3da1ecc412c0f0e3ea100b714f51636c,retain-knowledge-substrate,false,progressive-on-demand,Do not flatten into always-on host context; preserve package and evaluate through product context packs.
data/large-scale-deduplication,data,large-scale-deduplication,"Strategies and tooling for large-scale data deduplication in Salesforce: tuning matching rules for high-volume orgs, batch merge jobs, third-party dedup tools (DemandTools, Cloudingo), surviving record selection logic, and post-merge validation. Use when cleaning millions of duplicate records, automating merges beyond UI limits, or designing enterprise dedup workflows. NOT for an unqualified ""clean up our duplicates"" request with no stated record volume (use admin/duplicate-management). NOT for duplicate rule configuration (use admin/duplicate-management). NOT for standard Duplicate Management UI setup. NOT for single-record field-resolution questions (use data/record-merge-implications).",1.0.0,Spring '25+,false,6,0,Reliability;Operational Excellence,skills/data/large-scale-deduplication/SKILL.md,5287a7f336c75b35d0a041a6a1438a5c620bd474a673b14549d04bd98a7f4114,retain-knowledge-substrate,false,progressive-on-demand,Do not flatten into always-on host context; preserve package and evaluate through product context packs.
data/lead-data-import-and-dedup,data,lead-data-import-and-dedup,"Lead data import quality and deduplication strategy: matching rule design for Leads, Data Import Wizard dedup behavior, Web-to-Lead data quality controls, cross-object Lead-to-Contact fuzzy dedup, and enrichment patterns. Use when importing leads from CSV/list files, configuring duplicate detection for incoming leads, diagnosing why duplicate leads are bypassing rules, or designing web form data quality workflows. Triggers: leads from a trade show import are creating duplicates, web-to-lead form submissions are bypassing duplicate rules, deduplicating leads against existing contacts before conversion, setting up matching rules for lead imports. NOT for Data Loader mechanics or Bulk API setup (use data/bulk-api-patterns). NOT for large-scale merge execution across millions of records (use data/large-scale-deduplication). NOT for post-conversion record merge behavior (use data/record-merge-implications).",1.0.0,Spring '25+,false,8,0,Reliability;Operational Excellence;Security,skills/data/lead-data-import-and-dedup/SKILL.md,8e4f0afa9643c99e78b3abc3167f0958db73189aa28bb2bdf681b257e7424dfa,retain-knowledge-substrate,false,progressive-on-demand,Do not flatten into always-on host context; preserve package and evaluate through product context packs.
data/marketing-cloud-data-sync,data,marketing-cloud-data-sync,"Use this skill when configuring, diagnosing, or extending Marketing Cloud Connect Synchronized Data Sources — the mechanism that pulls Salesforce CRM object records into read-only Synchronized Data Extensions (SDEs) in Marketing Cloud. Triggers on: synced data extension not updating, contact or lead records missing from Marketing Cloud, sync failures in Contact Builder, 250-field limit questions, CRM-to-MC data latency concerns. NOT for MC Connect setup itself — use admin/marketing-cloud-connect. NOT for DE schema design — use data/data-extension-design.",1.0.0,Spring '25+,false,5,0,Reliability;Security;Performance,skills/data/marketing-cloud-data-sync/SKILL.md,859fbd19256dcd9cfa49b06334c04f81f0d2cbdba2b19c00a339a2648f86b1ff,retain-knowledge-substrate,false,progressive-on-demand,Do not flatten into always-on host context; preserve package and evaluate through product context packs.
data/marketing-cloud-sql-queries,data,marketing-cloud-sql-queries,"Use this skill when writing, debugging, or optimizing SQL Query Activities in Salesforce Marketing Cloud Automation Studio. Trigger keywords: SFMC SQL, Marketing Cloud query activity, system data views, _Sent _Open _Click, Automation Studio SQL, SELECT INTO data extension. NOT for the schema, fields, and retention of the _Sent / _Open / _Click data views themselves — use apex/marketing-cloud-data-views. NOT for tuning a slow SOQL query against Salesforce CRM sObjects — use data/soql-query-optimization.",1.0.0,Spring '25+,false,6,0,Performance;Reliability;Operational Excellence,skills/data/marketing-cloud-sql-queries/SKILL.md,1e5ed1cc9d012fe887fb7988d398b312a96e377a3767d893bac818e110116f20,retain-knowledge-substrate,false,progressive-on-demand,Do not flatten into always-on host context; preserve package and evaluate through product context packs.
data/mcae-prospect-data-migration,data,mcae-prospect-data-migration,"Use when importing or migrating prospect records into MCAE (Marketing Cloud Account Engagement / Pardot) via the CSV list import tool, including field mapping for default and custom fields and handling of cross-BU prospect moves. NOT for creating or syncing prospects through the Account Engagement REST API from code — use apex/mcae-pardot-api. NOT for connector setup, prospect field sync rules or User Sync — use admin/mcae-pardot-setup.",1.0.0,Spring '25+,false,6,0,Security;Reliability;Operational Excellence,skills/data/mcae-prospect-data-migration/SKILL.md,1c306ee82b6367d83b2b34d1791f238c8fb18daf39a06ad49e616cbe804722d3,retain-knowledge-substrate,false,progressive-on-demand,Do not flatten into always-on host context; preserve package and evaluate through product context packs.
data/multi-currency-and-advanced-currency-management,data,multi-currency-and-advanced-currency-management,"Use when designing or reviewing Salesforce multi-currency behavior, especially irreversible activation, `CurrencyIsoCode`, `convertCurrency()`, dated exchange rates, and Advanced Currency Management tradeoffs. Triggers: 'multi currency', 'advanced currency management', 'CurrencyIsoCode', 'dated exchange rate', 'convertCurrency'. NOT for what convertCurrency() allows in WHERE/ORDER BY or querying CurrencyType and DatedConversionRate — use data/currency-management-patterns. NOT for wrong converted amounts in Sales Cloud reports and roll-ups — use architect/multi-currency-sales-architecture.",1.0.0,Spring '25+',false,7,0,Reliability;Scalability,skills/data/multi-currency-and-advanced-currency-management/SKILL.md,2eacf90a75cf568ab3509c3d477b0946cb3f385d7d9ae96ce5d64ee807914fdd,retain-knowledge-substrate,false,progressive-on-demand,Do not flatten into always-on host context; preserve package and evaluate through product context packs.
data/nonprofit-data-architecture,data,nonprofit-data-architecture,"Use this skill when designing or querying the NPSP data model — constituent 360, household accounts, giving history rollups, and program participation. Trigger keywords: NPSP data model, household account, constituent record, giving rollups, CRLP, program engagement, ServiceDelivery, npo02__ fields. NOT for NPSP namespace prefixes, GAU allocations or recurring-donation object API names — use data/npsp-data-model. NOT for the Nonprofit Cloud (NPC) data model or an NPSP-to-NPC move — use architect/nonprofit-cloud-vs-npsp-migration.",1.0.0,Spring '25+,false,5,0,Reliability;Performance;Operational Excellence,skills/data/nonprofit-data-architecture/SKILL.md,bbfbad4f962ccca742cdb73de2d2dd67a2f15861782068ea4e8e38dcbeac6870,retain-knowledge-substrate,false,progressive-on-demand,Do not flatten into always-on host context; preserve package and evaluate through product context packs.
data/nonprofit-data-quality,data,nonprofit-data-quality,"Use when standardizing addresses, detecting duplicate household Contacts, running NCOA processing, or improving data hygiene in an NPSP org. Triggers: address verification NPSP, household duplicate detection, NCOA update nonprofit, data hygiene NPSP. NOT for org-wide data quality gates and governance outside NPSP — use data/data-quality-and-governance. NOT for the initial bulk import of constituents and households — use data/constituent-data-migration.",1.0.0,Spring '25+,false,5,0,Reliability;Operational Excellence;Security,skills/data/nonprofit-data-quality/SKILL.md,68caf7e709d94816ca3c86634f33ee64acfde9309858a2c96d5b52153d8881d3,retain-knowledge-substrate,false,progressive-on-demand,Do not flatten into always-on host context; preserve package and evaluate through product context packs.
data/npsp-data-model,data,npsp-data-model,"Use when working with NPSP (Nonprofit Success Pack) objects, namespace prefixes, GAU allocations, recurring donation objects, relationship and affiliation objects, or the NPSP data dictionary. Trigger keywords: npe01__, npe03__, npe4__, npe5__, npsp__, OppPayment__c, Recurring_Donation__c, Allocation__c, General_Accounting_Unit__c, NPSP data model. NOT for the constituent 360 household model, CRLP rollups or Program Management (PMM) objects — use data/nonprofit-data-architecture. NOT for configuring Enhanced Recurring Donations — use admin/recurring-donations-setup.",1.0.0,Spring '25+,false,5,0,Reliability;Operational Excellence;Security,skills/data/npsp-data-model/SKILL.md,b53efaa7f48f636c20020a258fa1d48cdf86a73471c434184b18c0d831a2530b,retain-knowledge-substrate,false,progressive-on-demand,Do not flatten into always-on host context; preserve package and evaluate through product context packs.
data/omni-channel-reporting-data,data,omni-channel-reporting-data,"Omni-Channel analytics data: agent work records, queue metrics, capacity, wait times. Triggers: Omni-Channel reporting, agent work metrics, queue wait time. NOT for routing/capacity admin setup — use admin/omni-channel-routing-setup. NOT for capacity modeling architecture — use architect/omni-channel-capacity-model.",1.0.0,Spring '25+,false,5,0,Reliability;Scalability;Operational Excellence,skills/data/omni-channel-reporting-data/SKILL.md,7122948d35e8fa06e5efc32432c322ef91b70151b713a7b24b6c58d533fa43d5,retain-knowledge-substrate,false,progressive-on-demand,Do not flatten into always-on host context; preserve package and evaluate through product context packs.
data/omnistudio-datapack-migration,data,omnistudio-datapack-migration,"Use this skill when migrating OmniStudio components (OmniScript, Integration Procedures, DataRaptors, FlexCards) between Salesforce orgs using the DataPack export/import mechanism — covering version management, environment-specific data resolution, conflict handling, and silent-skip gotchas. Trigger keywords: DataPack migration, OmniStudio org-to-org migration, packExport packDeploy, DataPack versioning, DataPack conflict. NOT for OmniStudio CI/CD pipeline automation (use omnistudio/omnistudio-ci-cd-patterns), managed-package-to-standard-runtime migration (use OmniStudio Migration Assistant), or standard Salesforce metadata migration.",1.0.0,Spring '25+,false,5,0,Reliability;Operational Excellence,skills/data/omnistudio-datapack-migration/SKILL.md,03138a199d552259b681a4b06a38c695c44bb17995dc7ce91d6949955f232c06,retain-knowledge-substrate,false,progressive-on-demand,Do not flatten into always-on host context; preserve package and evaluate through product context packs.
data/omnistudio-metadata-management,data,omnistudio-metadata-management,"Use this skill when tracking, auditing, or cleaning up OmniStudio component dependencies and cross-references — covering the four OmniStudio metadata API types (OmniProcess, OmniDataTransform, OmniUiCard, OmniInteractionConfig), dependency graph construction from embedded JSON bodies, impact analysis before deleting or modifying a component, and stale-component cleanup. Trigger keywords: OmniStudio metadata types, OmniStudio dependency tracking, FlexCard DataRaptor dependency, OmniScript Integration Procedure reference, OmniStudio component cleanup, metadata impact analysis. NOT for DataPack export/import mechanics (use data/omnistudio-datapack-migration), standard Salesforce Metadata API coverage (use a metadata coverage skill), or OmniStudio CI/CD pipeline automation.",1.0.0,Spring '25+,false,7,0,Operational Excellence;Reliability,skills/data/omnistudio-metadata-management/SKILL.md,e122c63eb5d4d8fe47d5ed163a91af160e9cdb7865af335f49268ab973fb8bb3,retain-knowledge-substrate,false,progressive-on-demand,Do not flatten into always-on host context; preserve package and evaluate through product context packs.
data/opportunity-pipeline-migration,data,opportunity-pipeline-migration,"Use when migrating historical Opportunity records into Salesforce — covering stage history recreation, amount and close date mapping, product line item load sequencing (Product2 → Price Book → OpportunityLineItem), team member (OpportunityTeamMember) and revenue split (OpportunitySplit) loading, and Pricebook2 assignment. NOT for sequencing a whole multi-object migration with automation bypass and rollback — use data/data-migration-planning. NOT for opportunity record types, stages and sales process setup — use admin/opportunity-management.",1.0.0,Spring '25+,false,6,0,Reliability;Operational Excellence;Performance,skills/data/opportunity-pipeline-migration/SKILL.md,7ed9d524d32d2c45de2402b1b77f88f552520b8ca46ef76bd614478ca255b87b,retain-knowledge-substrate,false,progressive-on-demand,Do not flatten into always-on host context; preserve package and evaluate through product context packs.
data/partner-data-access-patterns,data,partner-data-access-patterns,"Use this skill when designing or troubleshooting data visibility for partner (channel) users in a Salesforce Experience Cloud Partner Community. Triggers: partner user data visibility, PRM data access model, partner role hierarchy sharing, deal registration data access partner, channel partner analytics. NOT for Customer Community sharing sets, share groups and external OWDs — use data/external-user-data-sharing. NOT for the internal sharing model (OWD, role hierarchy, sharing rules) — use admin/sharing-and-visibility.",1.0.0,Spring '25+,false,7,0,Security;Reliability,skills/data/partner-data-access-patterns/SKILL.md,41479c0778c491c04a49711d549ac0743266e19f66b2cd9de91fe4a2094d3f7b,retain-knowledge-substrate,false,progressive-on-demand,Do not flatten into always-on host context; preserve package and evaluate through product context packs.
data/patient-data-migration,data,patient-data-migration,"Use this skill when migrating patient records into Salesforce Health Cloud, including Person Account (Patient record type) setup, clinical history objects, and care plan data. Trigger keywords: patient migration, EMR import, EHR to Health Cloud, clinical data load, care plan history migration, HIPAA-compliant data import. NOT for generic multi-object migration sequencing and rollback planning — use data/data-migration-planning. NOT for Insurance, Energy or Communications industry-cloud objects — use data/industries-data-migration.",1.0.0,Spring '25+,false,5,3,Security;Reliability;Performance,skills/data/patient-data-migration/SKILL.md,12d4463ecfd5102fc02a58668c3f3d8485fde52e6268658bdcda32815cd27dc2,retain-knowledge-substrate,false,progressive-on-demand,Do not flatten into always-on host context; preserve package and evaluate through product context packs.
data/person-accounts,data,person-accounts,"Use when enabling, configuring, or troubleshooting Person Accounts in a Salesforce org — includes B2C data model design, IsPersonAccount flag handling, Account-Contact behavior differences, reporting impact, migration planning, and integration requirements. NOT for standard B2B Account/Contact modeling - use data/data-model-design-patterns.",1.0.0,Spring '25+,false,8,0,Scalability;User Experience;Security,skills/data/person-accounts/SKILL.md,d9c7ee200ceac51bd3ed02421e330a1fc6dd11993c5bea4079eab843aac0161b,retain-knowledge-substrate,false,progressive-on-demand,Do not flatten into always-on host context; preserve package and evaluate through product context packs.
data/product-catalog-data-model,data,product-catalog-data-model,"Use when modeling, loading, or troubleshooting Salesforce product and pricebook data — covering the Product2 → Pricebook2 → PricebookEntry three-object chain, standard pricebook constraints, bulk load sequencing (Product2 → Standard PBE → custom Pricebook2 → custom PBE), UseStandardPrice inheritance, and product hierarchy strategies. NOT for adding products in Setup — use admin/products-and-pricebooks. NOT for SBQQ CPQ catalogs — use data/product-catalog-migration-cpq.",1.0.0,Spring '25+,false,6,0,Reliability;Operational Excellence;Performance,skills/data/product-catalog-data-model/SKILL.md,372eb3dd584acbbc37f50f23195e37477917b02f2484d800ce5f81ca242d71d0,retain-knowledge-substrate,false,progressive-on-demand,Do not flatten into always-on host context; preserve package and evaluate through product context packs.
data/product-catalog-migration-commerce,data,product-catalog-migration-commerce,"Use when migrating product catalog data into Salesforce B2B Commerce — covers category hierarchy, product attributes, images, pricing, and variant structure using the Commerce Import API. NOT for configuring categories, entitlement policies and variants after the load — use admin/commerce-product-catalog. NOT for migrating the CPQ (SBQQ) catalog — use data/product-catalog-migration-cpq.",1.0.0,Spring '25+,false,5,0,Operational Excellence;Reliability,skills/data/product-catalog-migration-commerce/SKILL.md,5436bfeac68e4c58ceaf67d79b9959c33ef726fd9cd1c2c3a6737c303a0450de,retain-knowledge-substrate,false,progressive-on-demand,Do not flatten into always-on host context; preserve package and evaluate through product context packs.
data/product-catalog-migration-cpq,data,product-catalog-migration-cpq,"Use when bulk-loading or migrating Salesforce CPQ product catalog configuration data — SBQQ-namespaced objects including Product2, ProductOption, PriceRule, PriceAction, DiscountSchedule, ConfigurationAttribute, and OptionConstraint — across orgs or from an external source system. Trigger keywords: CPQ bulk load, SBQQ product migration, ProductOption insert order, CPQ trigger disable, price rule migration, CPQ sandbox refresh catalog, bundle migration. NOT for standard product import or CRM product migration — use data/product-catalog-data-model. NOT for loading historical CPQ quotes, contracts, subscriptions, and assets so renewals work — use data/historical-order-migration.",1.0.0,Spring '25+,false,6,2,Reliability;Operational Excellence;Performance,skills/data/product-catalog-migration-cpq/SKILL.md,17bb4481cf47660fd2b20f897759ff87af682a3a1dd3956f309f2de935c601c3,retain-knowledge-substrate,false,progressive-on-demand,Do not flatten into always-on host context; preserve package and evaluate through product context packs.
data/record-merge-implications,data,record-merge-implications,"Use when merging Account, Contact, or Lead records in Salesforce and needing to understand what data is kept, what is deleted, and what side effects occur on related records. Triggers: 'which fields win in a merge', 'child records after merge', 'merge duplicate accounts', 'Lead merge field resolution'. NOT for deduplication strategy design — use admin/duplicate-management. NOT for Apex Merge DML beyond its direct implications.",1.0.0,Spring '25+,false,6,0,Reliability;Security,skills/data/record-merge-implications/SKILL.md,6957e41ea7379435f11d4e54b739a2e4ab899802e41e4ccb6e123f8f404198e5,retain-knowledge-substrate,false,progressive-on-demand,Do not flatten into always-on host context; preserve package and evaluate through product context packs.
data/revenue-cloud-data-model,data,revenue-cloud-data-model,"Use this skill when querying, integrating with, or troubleshooting the native Salesforce Revenue Cloud (RLM) data model — BillingSchedule, BillingScheduleGroup, Invoice, InvoiceLine, Payment, PaymentLineInvoice and FinanceTransaction standard objects and their relationships. Triggers on: Revenue Cloud object relationships, BillingSchedule data model, native Revenue Cloud SOQL, FinanceTransaction object, Invoice object Revenue Cloud, PaymentLineInvoice relationship. NOT for the legacy Salesforce Billing managed package (blng__BillingSchedule__c, blng__Invoice__c) and its invoice-to-payment mismatches — use data/billing-data-reconciliation. NOT for the CPQ classic (SBQQ__) object graph — use data/cpq-data-model. NOT for overall RLM solution design — use architect/revenue-cloud-architecture.",1.0.0,Spring '25+,false,5,0,Reliability,skills/data/revenue-cloud-data-model/SKILL.md,13ff9dd8c92269de6b684bea4e6de4b4fa87d434d247cbec1b3a9e3440bddcab,retain-knowledge-substrate,false,progressive-on-demand,Do not flatten into always-on host context; preserve package and evaluate through product context packs.
data/roll-up-summary-alternatives,data,roll-up-summary-alternatives,"Use when native Roll-Up Summary fields are not enough and the design needs Flow, Apex aggregate, or DLRS-style alternatives for lookup or advanced summary scenarios. Triggers: 'roll up summary on lookup'. NOT for ordinary master-detail roll-ups that fit native limits — use apex/cross-object-formula-and-rollup-performance.",1.0.1,Spring '25+',false,5,0,Performance;Reliability,skills/data/roll-up-summary-alternatives/SKILL.md,2a37f0bc1fee58253830c7a44092e6b9fcc1ad309a1bb6e8d85a07bfa81d7818,retain-knowledge-substrate,false,progressive-on-demand,Do not flatten into always-on host context; preserve package and evaluate through product context packs.
data/sales-reporting-data-model,data,sales-reporting-data-model,"Use when designing or troubleshooting Salesforce sales reporting — covers Historical Trend Reporting, Reporting Snapshots, and Custom Report Types for pipeline and opportunity analysis. Trigger keywords: historical trending, opportunity snapshot, reporting snapshot, pipeline history, custom report type join. NOT for CRM Analytics (Tableau CRM / Einstein Analytics) or Marketing Cloud reports — use admin/einstein-analytics-basics.",1.0.0,Spring '25+,false,7,0,Performance;Reliability;Scalability,skills/data/sales-reporting-data-model/SKILL.md,a2979ad448d3aa8b7d5d68e25439d9138b659f3476ed4e21c754aa6144a81031,retain-knowledge-substrate,false,progressive-on-demand,Do not flatten into always-on host context; preserve package and evaluate through product context packs.
data/salesforce-backup-and-restore,data,salesforce-backup-and-restore,"Backup and restore strategy for Salesforce org data — native Backup, third-party, RPO/RTO. Triggers: Salesforce backup, restore strategy, data recovery. NOT for sandbox refresh data — use devops/sandbox-refresh-and-templates. NOT for metadata source control — use devops/salesforce-dx-project-structure.",1.0.0,Spring '25+,false,7,0,Reliability;Operational Excellence;Security,skills/data/salesforce-backup-and-restore/SKILL.md,5670a50fc1eba128b417dd88e5df35a08dc8dc3bbcff937c4741e81fef5ffeb9,retain-knowledge-substrate,false,progressive-on-demand,Do not flatten into always-on host context; preserve package and evaluate through product context packs.
data/salesforce-files-architecture,data,salesforce-files-architecture,"Working with Salesforce Files at the data layer — `ContentVersion` (binary content + version metadata), `ContentDocument` (the shareable parent handle), `ContentDocumentLink` (the sharing / parent-record join), the 2 GB single-file and 10 MB feed-attached limits, the deprecated `Attachment` object, the Classic-only `Document` object, and Files Connect for external sources. Covers SOQL to enumerate files on a record, Apex insert / link patterns, and `ShareType` / `Visibility` sharing implications. NOT for bulk-migrating Classic Attachments and Notes over to Files — use data/attachment-to-files-migration. NOT for the file upload UI in a component — use lwc/file-upload-patterns.",1.0.0,Spring '25+,false,8,0,Security;Performance;Reliability,skills/data/salesforce-files-architecture/SKILL.md,4239b8d685b7167e4f9859d165d6259898415871f08b973aea00a16b172db03d,retain-knowledge-substrate,false,progressive-on-demand,Do not flatten into always-on host context; preserve package and evaluate through product context packs.
data/sandbox-refresh-data-strategies,data,sandbox-refresh-data-strategies,"Use this skill when designing data strategies for sandbox refreshes: which reference data must be re-seeded after every refresh, the native Data Seeding feature, SandboxPostCopy implementations that hand off to Queueable jobs for large data loads, and clearing stale data between sprints. Trigger keywords: seed data after sandbox refresh, SandboxPostCopy data strategy, native data seeding Salesforce, reference data re-seed after refresh, post-refresh data cleanup. NOT for refresh mechanics, sandbox templates and PII masking — use devops/sandbox-refresh-and-templates. NOT for sandbox type selection — use admin/sandbox-strategy. NOT for scratch-org data seeding for CI — use devops/data-seeding-for-testing.",1.0.0,Spring '25+,false,9,0,Reliability;Operational Excellence,skills/data/sandbox-refresh-data-strategies/SKILL.md,e82c4235788cf3d80a9a65199a838e1b91fa3916cee129964fab2c1dca5bfb4b,retain-knowledge-substrate,false,progressive-on-demand,Do not flatten into always-on host context; preserve package and evaluate through product context packs.
data/service-data-archival,data,service-data-archival,"Use this skill when Service Cloud orgs are consuming excessive data or file storage due to Case-related records, or when compliance requirements demand structured retention and deletion of case history. Trigger keywords: EmailMessage bloat, Email-to-Case storage, ContentDocument archival, case attachment cleanup, compliance retention policy, service storage optimization. NOT for generic archival across non-Service objects (CPQ, Sales Cloud, FSL) — use data/data-archival-strategies. NOT for loading legacy case history into the org rather than purging it — use data/case-history-migration.",1.0.0,Spring '25+,false,3,0,Security;Reliability,skills/data/service-data-archival/SKILL.md,ac337b792a5ce13fe44b02708c6160ba623dde8aa99aa5889c3b68f8182532fb,retain-knowledge-substrate,false,progressive-on-demand,Do not flatten into always-on host context; preserve package and evaluate through product context packs.
data/service-metrics-data-model,data,service-metrics-data-model,"Use when designing or reporting on Salesforce Service Cloud service metrics — covers the Case, Entitlement, and CaseMilestone object model, MTTR derivation via BusinessHours.diff(), IsViolated semantics, and ElapsedTimeInMins field usage for SLA reporting. Trigger keywords: MTTR, mean time to resolve, case milestone, entitlement SLA, IsViolated, CaseMilestone, first response time, resolution time, service KPI. NOT for setting up entitlement processes and milestones in Setup — use admin/entitlements-and-milestones. NOT for completing or reacting to milestones in Apex — use apex/entitlement-apex-hooks.",1.0.0,Spring '25+,false,5,0,Reliability;Performance;Scalability,skills/data/service-metrics-data-model/SKILL.md,dd9eb49050e2498af61bd6d42b40e16923b2e855a1e1a659e83eb89eca487a0c,retain-knowledge-substrate,false,progressive-on-demand,Do not flatten into always-on host context; preserve package and evaluate through product context packs.
data/sharing-recalculation-performance,data,sharing-recalculation-performance,"Plan, batch, and monitor Salesforce sharing recalculation jobs — including OWD changes, sharing rule add/remove, role hierarchy restructuring, and Apex managed share rebuild — to avoid multi-hour background jobs and data-access blackouts. NOT for diagnosing data-skew root causes (use admin/data-skew-and-sharing-performance), NOT for designing the sharing model itself (use admin/sharing-and-visibility), and NOT for Apex managed sharing row-cause creation (use apex/apex-managed-sharing).",1.0.0,Spring '25+,false,9,0,Performance;Reliability;Security,skills/data/sharing-recalculation-performance/SKILL.md,10a1f99880e6bb70506162e8c450c3d8e76aa5b45ce0cf2ef39ee38cc42330f5,retain-knowledge-substrate,false,progressive-on-demand,Do not flatten into always-on host context; preserve package and evaluate through product context packs.
data/soql-query-optimization,data,soql-query-optimization,"Use when a SOQL query is running slowly, causing timeouts, or returning UNABLE_TO_LOCK_ROW errors in large data volume orgs. Covers index-aware query writing, selectivity rules, the Query Plan tool, skinny tables, and dynamic field-set queries. Triggers: slow soql query, query timeout, non-selective query, query plan tool, index usage, soql optimization, large object performance. NOT for org-wide large-data-volume architecture — ownership or account data skew, Big Object archival, tens of millions of rows on one object — use architect/large-data-volume-architecture. NOT for the custom-index or composite-index request itself — use data/custom-index-requests. NOT for Apex CPU or heap governor limits — use apex/apex-cpu-and-heap-optimization. NOT for writing basic SOQL — use apex/soql-fundamentals.",1.0.0,Spring '25+,false,6,0,Reliability;Scalability,skills/data/soql-query-optimization/SKILL.md,42aa5422904ffc8ea69c300fcb8dd4f7a1092677aecef73f3654ecf695894648,retain-knowledge-substrate,false,progressive-on-demand,Do not flatten into always-on host context; preserve package and evaluate through product context packs.
data/sosl-external-object-search-limits,data,sosl-external-object-search-limits,"Use when a SOSL search (or global search) against a Salesforce Connect external object misbehaves: it returns no records, rejects an operator/function/clause, or silently drops matches. Covers the query-level rules that apply only to external objects — searchable field types (text only), the mandatory RETURNING clause, the 100-character search-string cap, unsupported operators (INCLUDES / LIKE / EXCLUDES), unsupported functions (toLabel / convertCurrency), unsupported clauses (UPDATE TRACKING / UPDATE VIEWSTAT / WITH DATA CATEGORY / WITH), and adapter-scoped limits (OData logical operators in FIND; custom-adapter convertCurrency and WITH). NOT for enabling search in Setup (use admin/global-search-configuration), NOT for SOSL against standard/custom sObjects (use data/sosl-search-patterns), NOT for general Salesforce Connect / external-object setup (use integration/salesforce-connect-external-objects), and NOT for SOQL of external objects.",1.0.0,Spring '25+,false,5,0,Reliability;Operational Excellence,skills/data/sosl-external-object-search-limits/SKILL.md,5375b5e40264a830986cf28cf3db1b9dfaa9901872e5cb790765aa3d38c60c9e,retain-knowledge-substrate,false,progressive-on-demand,Do not flatten into always-on host context; preserve package and evaluate through product context packs.
data/sosl-search-patterns,data,sosl-search-patterns,"Use when choosing or implementing SOSL for cross-object or full-text search, especially around SOSL vs SOQL, search groups, result shaping, and injection-safe dynamic search. Triggers: 'SOSL', 'FIND clause', 'cross object search', 'Search.query', 'SOSL injection', 'search across objects', 'search all objects at once', 'find a phone number or email across objects', 'search multiple sObjects'. NOT for a search that silently drops matches or stops at 250 rows — use data/sosl-search-result-limits. NOT for WITH SNIPPET, HIGHLIGHT, or DATA CATEGORY scoping — use data/sosl-with-clauses.",1.4.0,Spring '25+,false,13,0,Performance;User Experience,skills/data/sosl-search-patterns/SKILL.md,6b131af59286ed5761e3a3e67790a6670d73d54328beabd9e7e7a53cb80f8516,retain-knowledge-substrate,false,progressive-on-demand,Do not flatten into always-on host context; preserve package and evaluate through product context packs.
data/sosl-search-result-limits,data,sosl-search-result-limits,"Use when a SOSL search silently omits a record that clearly matches the search term — diagnosing the search engine's internal per-stage record caps: the 2,000-record term-matching scan (API v28.0+), the 250-record single-object default and how a WHERE or ORDER BY inside the RETURNING clause raises it to 2,000, the min(2000/n, 250) multi-object split, View All Data vs. per-user permission filtering of results, and the dynamic SearchQuery string-length thresholds (>4,000 chars strips logical operators, >10,000 chars returns zero rows) plus the 100,000-character statement limit. Triggers: 'SOSL not returning all records', 'SOSL only returns 250', '2000 record search cap', 'missing search result', 'SearchQuery too long'. NOT for choosing SOSL vs SOQL, FIND syntax, injection safety, search groups, or USING ListView scoping (use data/sosl-search-patterns); NOT for SOQL row limits or general query governor limits.",1.0.0,Spring '25+,false,5,0,Security;Reliability,skills/data/sosl-search-result-limits/SKILL.md,2b8e44fdaa8b8add7c5ca807e8311aeeb56a0e30e6c0dd4f476cd0e5a2820ce0,retain-knowledge-substrate,false,progressive-on-demand,Do not flatten into always-on host context; preserve package and evaluate through product context packs.
data/sosl-with-clauses,data,sosl-with-clauses,"Use when adding result-scoping or result-shaping WITH clauses to a SOSL FIND query — WITH DivisionFilter, WITH DATA CATEGORY, WITH SNIPPET, WITH NETWORK, WITH PricebookId, WITH METADATA, WITH HIGHLIGHT, and WITH SPELL_CORRECTION — including their fixed clause order, supported objects, field-type limits, and API-version floors. Triggers: SOSL snippet, highlight search terms, filter by data category, community/network scoping, spell correction, pricebook filter, division filter. NOT for base FIND/IN/RETURNING mechanics, SOSL-vs-SOQL choice, or injection-safe dynamic search (use data/sosl-search-patterns); NOT for SOSL result-count limits (use data/sosl-search-result-limits).",1.0.0,Spring '25+,false,5,0,Performance;Security,skills/data/sosl-with-clauses/SKILL.md,ebf0e641d7e8853a03a44e68a01263a660b2cc8c76d25f3eb1e20d78f1acab64,retain-knowledge-substrate,false,progressive-on-demand,Do not flatten into always-on host context; preserve package and evaluate through product context packs.
data/subscriber-data-management,data,subscriber-data-management,"Use this skill when configuring or troubleshooting Marketing Cloud subscriber identity, opt-in/opt-out status, list membership, suppression, or deduplication behavior. Triggers include: setting up Subscriber Key. NOT for Sales/Service Cloud contact management or SFMC audience segmentation via Data Extensions — use apex/marketing-cloud-data-views.",1.0.1,Spring '25+,false,5,0,Security;Reliability;Operational Excellence,skills/data/subscriber-data-management/SKILL.md,fe900440b1bc93a1bfe5c56b008c8ccc8c232199c52531eb52ea88fa62daa0b0,retain-knowledge-substrate,false,progressive-on-demand,Do not flatten into always-on host context; preserve package and evaluate through product context packs.
data/territory-data-alignment,data,territory-data-alignment,"Use this skill when querying, migrating, auditing, or maintaining account-to-territory and user-to-territory data in a Salesforce Enterprise Territory Management (ETM) org. Covers Territory2ModelHistory audit queries, the Track Territory Assignment History feature (GA Spring '25), and coverage analysis SOQL with the AssociationCause filter. Trigger keywords: ObjectTerritory2Association, UserTerritory2Association, territory assignment data, territory coverage analysis, territory association bulk load, ETM data migration, track territory assignment history. NOT for setting up the territory model or its assignment rules — use admin/enterprise-territory-management. NOT for writing Apex that assigns territories — use apex/territory-api-and-assignment.",1.0.0,Spring '25+,false,7,0,Operational Excellence;Reliability;Security,skills/data/territory-data-alignment/SKILL.md,0498db55f947f013f04875bd4ce98e689391bbe51ef801d9652713c11d3c7d3c,retain-knowledge-substrate,false,progressive-on-demand,Do not flatten into always-on host context; preserve package and evaluate through product context packs.
data/vector-database-management,data,vector-database-management,"Use this skill to design, configure, and maintain vector indexes in Salesforce Data Cloud via the Setup UI. Covers chunking strategy selection, index refresh mode, PII field exclusion, and index rebuild workflows. Trigger keywords: vector index, Data Cloud vector database, chunking strategy, index refresh mode, search index rebuild, embedding model selection. NOT for developer-facing retrieval APIs, Apex vector search queries, or SOQL-based retrieval - use agentforce/data-cloud-vector-search-dev.",1.0.0,Spring '25+,false,3,0,Security;Performance;Reliability;Operational Excellence,skills/data/vector-database-management/SKILL.md,947178c3ed0dcb60802722873accf7629df809f2176a0e1b1acacaf72a48b8d3,retain-knowledge-substrate,false,progressive-on-demand,Do not flatten into always-on host context; preserve package and evaluate through product context packs.
data/volunteer-management-requirements,data,volunteer-management-requirements,"Use when designing or implementing volunteer management in Salesforce for nonprofits using NPSP or Nonprofit Cloud — covers V4S managed package objects vs. NPC-native volunteer objects, hours tracking, scheduling, and recognition workflows. NOT for planning an NPSP-to-Nonprofit-Cloud migration — use architect/nonprofit-cloud-vs-npsp-migration. NOT for donor lifecycle and moves-management requirements — use admin/donor-lifecycle-requirements. NOT for HR systems, commercial employee volunteering programs, or Field Service Lightning crew management.",1.0.0,Spring '25+,false,7,0,Operational Excellence;Reliability,skills/data/volunteer-management-requirements/SKILL.md,efc3b215dbd617caeb0d4037dd2b9a67d585159b1f60fdbeccf61bfa960b7513,retain-knowledge-substrate,false,progressive-on-demand,Do not flatten into always-on host context; preserve package and evaluate through product context packs.
devops/api-version-management,devops,api-version-management,"Use this skill when auditing, upgrading, or standardizing Salesforce API versions across metadata components, sfdx-project.json sourceApiVersion, Apex classes, LWC bundles, Aura bundles, and integration endpoints. NOT for REST/SOAP API design patterns, OAuth configuration, or Metadata API deployment mechanics — use integration/api-versioning-strategy.",1.0.1,Spring '25+,false,6,0,Reliability;Operational Excellence;Security,skills/devops/api-version-management/SKILL.md,8c33711a685ad048d70bf6bf6cfc597cba8553f9500680c75e3f5a1658e2cab8,retain-knowledge-substrate,false,progressive-on-demand,Do not flatten into always-on host context; preserve package and evaluate through product context packs.
devops/appexchange-app-analytics,devops,appexchange-app-analytics,"Use when an ISV partner needs usage telemetry for an AppExchange managed package — activating AppExchange App Analytics on a 1GP/2GP package, submitting AppAnalyticsQueryRequest records from the License Management Org, and downloading package usage logs, monthly usage summaries, and subscriber snapshots as CSV/Parquet. Trigger keywords: App Analytics, AppAnalyticsQueryRequest, package usage logs, subscriber snapshot, LMA telemetry, feature adoption, churn risk. NOT for subscriber-org login/API auditing (use security/event-monitoring), NOT for CRM Analytics datasets or dashboards (use data/analytics-* skills), and NOT for license enforcement or Trialforce provisioning (use devops/isv-license-management-and-trialforce).",1.0.0,Spring '25+,true,5,0,Security;Operational Excellence,skills/devops/appexchange-app-analytics/SKILL.md,e32a50fb6ccfe3a66ede68759c5ce783e2083ccf61a3ef7b000d38c22db74a28,retain-knowledge-substrate,false,progressive-on-demand,Do not flatten into always-on host context; preserve package and evaluate through product context packs.
devops/automated-regression-testing,devops,automated-regression-testing,"Use when building or maintaining automated end-to-end regression tests for Salesforce UI (Lightning, LWC, Aura, Flows), selecting a testing framework (UTAM, Provar, Selenium), handling Shadow DOM challenges, or scheduling regression suites. Triggers: 'UTAM page objects', 'Shadow DOM testing', 'Salesforce E2E regression', 'Provar test automation'. NOT for Apex unit testing — use apex/test-class-standards. NOT for LWC Jest — use lwc/lwc-testing. NOT for manual UAT planning — use admin/uat-and-acceptance-criteria.",1.0.0,Spring '25+,false,5,0,Reliability;Operational Excellence;Scalability,skills/devops/automated-regression-testing/SKILL.md,cad441e5149dfb0156bac11c0ca9f85521b6ee8d1ac0b0c5458fd45859a5d334,retain-knowledge-substrate,false,progressive-on-demand,Do not flatten into always-on host context; preserve package and evaluate through product context packs.
devops/bitbucket-pipelines-for-salesforce,devops,bitbucket-pipelines-for-salesforce,"Use this skill to set up, review, or troubleshoot Bitbucket Pipelines CI/CD workflows for Salesforce using SFDX JWT Bearer Flow or SFDP URL authentication, Apex test gates, branch-based deployment strategies, and Bitbucket repository variables for secret management. Trigger keywords: bitbucket pipelines, bitbucket CI, atlassian pipe, salesforce-deploy pipe, bitbucket-pipelines.yml, bitbucket repository variables. NOT for GitHub Actions (use devops/github-actions-for-salesforce), Jenkins, Copado, Azure DevOps, or any non-Bitbucket CI platform.",1.0.0,Spring '25+,false,6,2,Operational Excellence;Security;Reliability,skills/devops/bitbucket-pipelines-for-salesforce/SKILL.md,0b2c7cad97d4ca6c44c7c48c8c47236c2650ac36bb4c5e1d7c8573954b3bf7b3,retain-knowledge-substrate,false,progressive-on-demand,Do not flatten into always-on host context; preserve package and evaluate through product context packs.
devops/change-set-deployment,devops,change-set-deployment,"Use when uploading, validating, or deploying a change set between Salesforce orgs through Setup UI. Trigger keywords: 'change set upload', 'validate change set', 'deploy inbound change set', 'change set stuck', 'missing dependency change set', 'change set component error'. NOT for release planning or rollback strategy — use admin/change-management-and-deployment. NOT for DevOps Center pipelines — use devops/devops-center-pipeline. NOT for scripted or CI/CD deploys — use devops/salesforce-cli-automation.",1.0.0,Spring '25+,false,6,0,Operational Excellence;Reliability,skills/devops/change-set-deployment/SKILL.md,39987c861939bf2d2778b2fd9db1996b37074b48e94d8c3fa89138d2b16fcb01,retain-knowledge-substrate,false,progressive-on-demand,Do not flatten into always-on host context; preserve package and evaluate through product context packs.
devops/cicd-for-experience-cloud,devops,cicd-for-experience-cloud,"CI/CD pipeline patterns for Experience Cloud sites — the layer between sfdx-project metadata deploys and a working production site. Covers GitHub Actions / Jenkins / GitLab pipeline shapes for ExperienceBundle / DigitalExperienceBundle deploys, BrandingSet + ExperiencePropertyTypeBundle promotion, guest-user permission-set automation, custom-domain / CDN binding scripts, and the ordering rules that make the difference between a clean deploy and a half-applied site. NOT for the metadata-shape details (use devops/experience-cloud-deployment-dev), NOT for generic SFDX CI/CD (use architect/ci-cd-pipeline-architecture).",1.0.0,Spring '25+,false,6,0,Reliability;Operational Excellence;Security,skills/devops/cicd-for-experience-cloud/SKILL.md,4f1add655338bdb9cb6cacc2a58aad070cebd296cd891e4241bf92d339a3ad5e,retain-knowledge-substrate,false,progressive-on-demand,Do not flatten into always-on host context; preserve package and evaluate through product context packs.
devops/code-coverage-orphan-class-cleanup,devops,code-coverage-orphan-class-cleanup,"Use when an org's overall Apex coverage is sliding toward 75% because of orphaned (uncovered, unreferenced) classes inflating the denominator. Triggers: 'production deploy blocked at 74% coverage', 'find apex classes with 0% coverage', 'orphan apex class report', 'org coverage dropping despite green test runs'. NOT for writing tests on actively used classes (use apex/test-class-standards) or for raising coverage on partially-covered classes.",1.0.0,Spring '25+,false,5,0,Operational Excellence;Reliability,skills/devops/code-coverage-orphan-class-cleanup/SKILL.md,9c2a68e93b365b3016d3b7957ef84662233700fc6b35d811c941bcafd16b6f3a,retain-knowledge-substrate,false,progressive-on-demand,Do not flatten into always-on host context; preserve package and evaluate through product context packs.
devops/code-review-checklist-salesforce,devops,code-review-checklist-salesforce,"Structured Salesforce code review for Apex, triggers, async, and tests before merge or deployment — governor limits, bulk-safe triggers, CRUD/FLS and sharing posture, meaningful tests, and naming consistency. NOT for AppExchange security-review-only deep dives — use security/secure-coding-review-checklist.",1.0.1,Spring '25+,false,3,0,Security;Performance;Reliability;Operational Excellence,skills/devops/code-review-checklist-salesforce/SKILL.md,f4e2898706baea0349729242acc8640a2011712d62fcfda91a1d15d40cfc0bdf,retain-knowledge-substrate,false,progressive-on-demand,Do not flatten into always-on host context; preserve package and evaluate through product context packs.
devops/continuous-integration-testing,devops,continuous-integration-testing,"Use when configuring Apex test execution in CI/CD pipelines, choosing test levels for deployments, parsing test results, or troubleshooting code coverage in automated builds. Triggers: 'RunLocalTests', 'RunSpecifiedTests', 'sf project deploy', 'code coverage CI', 'JUnit test results'. NOT for standing up a GitHub Actions workflow — use devops/github-actions-for-salesforce. NOT for Apex test class design — use apex/test-class-standards. NOT for LWC Jest testing — use lwc/lwc-testing.",1.1.0,Spring '25+,false,7,0,Reliability;Operational Excellence,skills/devops/continuous-integration-testing/SKILL.md,2a8d0f059ed952d10fc0e56f75bc92f5c1680d63df0d920caf7023e20abee25e,retain-knowledge-substrate,false,progressive-on-demand,Do not flatten into always-on host context; preserve package and evaluate through product context packs.
devops/copado-essentials,devops,copado-essentials,"Use when configuring or operating Copado Essentials deployment pipelines — including user story creation, branch management, promotion paths, conflict resolution, and choosing between Work Items and Pull Request deployment modes. Trigger keywords: copado essentials pipeline, user story deployment copado, copado branch management, copado conflict resolution, copado promotion path. NOT for native Salesforce CLI or SFDX workflows without Copado, NOT for Copado Enterprise (full ALM) features beyond Essentials tier, NOT for DevOps tool selection (use devops/salesforce-devops-tooling-selection).",1.0.0,Spring '25+,false,6,0,Operational Excellence;Reliability;Security,skills/devops/copado-essentials/SKILL.md,289e52ea44833fc7b62c2c2e2708de1f06395b12bd804d25a3390310d0edae4f,retain-knowledge-substrate,false,progressive-on-demand,Do not flatten into always-on host context; preserve package and evaluate through product context packs.
devops/cpq-deployment-administration,devops,cpq-deployment-administration,"Deploying Salesforce CPQ (Steelbrick/SBQQ) configuration between orgs — Product Rules, Price Rules, Price Actions, Price Conditions, Option Constraints, Quote Templates, Custom Settings: data-migration strategy, parent-child ordering, external-ID mapping, tooling choice (Prodly, Copado, Salto, Data Loader). NOT for building the bundles and rules in the first place — use admin/cpq-product-catalog-setup. NOT for bulk-loading the product catalog itself — use data/product-catalog-migration-cpq.",1.0.0,Spring '25+,false,7,2,Reliability;Operational Excellence;Security,skills/devops/cpq-deployment-administration/SKILL.md,c9df37bd231bbaf77b2628b1eb35a8937e0af6868c048fcf578e2cf0b7e201d6,retain-knowledge-substrate,false,progressive-on-demand,Do not flatten into always-on host context; preserve package and evaluate through product context packs.
devops/cpq-deployment-patterns,devops,cpq-deployment-patterns,"Deploying Salesforce CPQ configuration between environments in a CI/CD pipeline — required data record dependency order (Price Books > Products > Price Rules > Product Rules > Quote Templates), External ID cross-org matching, multi-pass deployment for self-referential lookups, CPQ metadata vs CPQ data deployment. NOT for bulk-loading the CPQ product catalog itself — use data/product-catalog-migration-cpq. NOT for record type or queue IDs that differ between orgs — use data/deployment-data-dependencies.",1.0.0,Spring '25+,false,5,0,Operational Excellence;Reliability,skills/devops/cpq-deployment-patterns/SKILL.md,18f2bb8c097c0e472d5ba08dcb2ccc59c320344c1f80010027fc097eb909e59f,retain-knowledge-substrate,false,progressive-on-demand,Do not flatten into always-on host context; preserve package and evaluate through product context packs.
devops/cross-cloud-deployment-patterns,devops,cross-cloud-deployment-patterns,"Use when sequencing a deployment that spans multiple Salesforce clouds — Sales Cloud, Service Cloud, and Experience Cloud — and encountering reference errors, cascading metadata failures, or DigitalExperienceBundle ordering problems. NOT for single-cloud deploys (use devops/pre-deployment-checklist) or Health Cloud specifics — use devops/health-cloud-deployment-patterns.",1.0.1,Spring '25+,false,7,0,Operational Excellence;Reliability,skills/devops/cross-cloud-deployment-patterns/SKILL.md,6d7281885990bc17ade1af6d93235b1f5004f9ced1cab915bc2df34c17c60016,retain-knowledge-substrate,false,progressive-on-demand,Do not flatten into always-on host context; preserve package and evaluate through product context packs.
devops/cumulusci-automation,devops,cumulusci-automation,"Use this skill when configuring CumulusCI (cci) for Salesforce project automation: authoring cumulusci.yml tasks and flows, customizing or composing standard flows, integrating Robot Framework acceptance tests. NOT for raw sf CLI workflows without CumulusCI (use apex/sf-cli-and-sfdx-essentials) or scratch org pooling — use devops/scratch-org-pools. NOT for Bitbucket pipeline setup — use devops/bitbucket-pipelines-for-salesforce.",1.0.1,Spring '25+,false,6,0,Operational Excellence;Reliability;Security,skills/devops/cumulusci-automation/SKILL.md,78768b2e492e4ac82e966ada7ddca2dc8315f3213df9a6884208148bac91cc4f,retain-knowledge-substrate,false,progressive-on-demand,Do not flatten into always-on host context; preserve package and evaluate through product context packs.
devops/data-seeding-for-testing,devops,data-seeding-for-testing,"Use when creating test data for scratch orgs, sandboxes, or CI pipelines: Apex @testSetup factories, sf data import tree plans, CumulusCI datasets, Snowfakery. NOT for production data migration or ETL pipelines — use data/data-migration-planning.",1.0.0,Spring '25+,false,5,0,Reliability;Operational Excellence,skills/devops/data-seeding-for-testing/SKILL.md,c97c81ff816327dc51d402fe744c9882daa56684a0b07f9586c47d05c034b08d,retain-knowledge-substrate,false,progressive-on-demand,Do not flatten into always-on host context; preserve package and evaluate through product context packs.
devops/deployment-error-diagnosis,devops,deployment-error-diagnosis,"Pattern catalog of Salesforce metadata-deploy error strings and their fixes: `Cannot change type` of field, dependent-metadata ordering, profile / permission set delta issues, INVALID_CROSS_REFERENCE_KEY, missing-reference errors, inactive-flow and picklist component errors, `entity is in use` on field deletion, package.xml-shape mistakes. NOT for sandbox partial deploys, rollbackOnError, or testLevel coverage models — use devops/deployment-error-troubleshooting. NOT for change set orchestration — use devops/change-set-deployment.",1.0.0,Spring '25+,false,6,0,Reliability;Operational Excellence,skills/devops/deployment-error-diagnosis/SKILL.md,06b050e12d5f56c9dc6466d7356640b61aa62bfc8e914752052dd8c140006381,retain-knowledge-substrate,false,progressive-on-demand,Do not flatten into always-on host context; preserve package and evaluate through product context packs.
devops/deployment-error-troubleshooting,devops,deployment-error-troubleshooting,"Use when a Salesforce metadata deployment fails and you need to diagnose the error from the DeployResult componentFailures. Trigger keywords: 'deployment failed', 'component failure', 'dependent class is invalid', 'code coverage failed', 'UNSUPPORTED_API_VERSION', 'deploy error', 'test failure blocking deploy', 'rollbackOnError', 'missing dependency deploy'. NOT for `Cannot change type`, profile FLS delta, or `entity is in use` errors — use devops/deployment-error-diagnosis. NOT for a deploy that fails because the metadata type itself is unsupported — use devops/metadata-api-coverage-gaps.",1.0.0,Spring '25+,false,6,0,Reliability;Operational Excellence,skills/devops/deployment-error-troubleshooting/SKILL.md,ab5d7a566702ab18edc3e3d9687b0c61a54bf962e494548bd7c68d762c52cc7d,retain-knowledge-substrate,false,progressive-on-demand,Do not flatten into always-on host context; preserve package and evaluate through product context packs.
devops/deployment-monitoring,devops,deployment-monitoring,"Live and historical status of a Salesforce metadata deployment: Metadata API checkDeployStatus, REST deployRequest polling, the Deployment Status Setup page, DeployResult status enum, component error triage, deploy queue concurrency, 30-day history limit. NOT for whether the change actually works now that it landed — use devops/post-deployment-validation. NOT for reverting a bad deploy — use devops/rollback-and-hotfix-strategy.",1.0.0,Spring '25+,false,7,0,Reliability;Operational Excellence,skills/devops/deployment-monitoring/SKILL.md,f55a4ccd5aeadaeb053c31c238714d9f4205dbf1d8cc79953f4292f1cf9f0514,retain-knowledge-substrate,false,progressive-on-demand,Do not flatten into always-on host context; preserve package and evaluate through product context packs.
devops/destructive-changes-deployment,devops,destructive-changes-deployment,"Managing destructiveChanges.xml manifests for safe metadata deletion in Salesforce deployments. Use when deleting metadata components via Metadata API or sf CLI. Covers pre vs post destructive manifests, safe deletion sequencing, dependency handling. NOT for package.xml basics (use apex/metadata-api-and-package-xml). NOT for basic deployment setup (use devops/change-set-deployment).",1.0.0,Spring '25+,false,5,0,Reliability;Operational Excellence,skills/devops/destructive-changes-deployment/SKILL.md,d40e11f5c6c4ffb3841aacf9b0cd805b954d00a184abad93ed4923371c26d4b3,retain-knowledge-substrate,false,progressive-on-demand,Do not flatten into always-on host context; preserve package and evaluate through product context packs.
devops/development-documentation-standards,devops,development-documentation-standards,"Standards for Salesforce dev documentation — README, ADR, runbook, release note templates. Triggers: dev documentation standards, ADR template, runbook Salesforce. NOT for automated release notes — use devops/release-notes-automation.",1.0.0,Spring '25+,false,5,0,Operational Excellence,skills/devops/development-documentation-standards/SKILL.md,1e44b9bef13db69feaf6e8eaa0641c4c1778dd8c4037316fa0bd073393337629,retain-knowledge-substrate,false,progressive-on-demand,Do not flatten into always-on host context; preserve package and evaluate through product context packs.
devops/devops-center-advanced,devops,devops-center-advanced,"Use DevOps Center for work item tracking, org-based release pipelines, and merging into existing SFDX workflows. NOT for first-time setup — use admin/devops-process-documentation.",1.0.1,Spring '25+,false,4,0,Operational Excellence,skills/devops/devops-center-advanced/SKILL.md,2395a0a5c74518df677725c13752f5689d65bdb8005c7f3be95118b36ec0f497,retain-knowledge-substrate,false,progressive-on-demand,Do not flatten into always-on host context; preserve package and evaluate through product context packs.
devops/devops-center-pipeline,devops,devops-center-pipeline,"Use when setting up, managing, or troubleshooting a Salesforce DevOps Center pipeline — including pipeline stages, work items, bundles, promotions, conflict resolution, and GitHub connectivity. Trigger keywords: DevOps Center, work item, pipeline stage, promote changes, bundle. NOT for CLI-based deployment or SFDX commands — use devops/salesforce-cli-automation. NOT for change sets — use devops/change-set-deployment. NOT for unlocked packages — use devops/unlocked-package-development.",1.0.0,Spring '25+,false,7,0,Operational Excellence;Security;Reliability,skills/devops/devops-center-pipeline/SKILL.md,866e82d8f9dfaa6d7191424851b2956836b482849aa5facdd8c69c6e18518013,retain-knowledge-substrate,false,progressive-on-demand,Do not flatten into always-on host context; preserve package and evaluate through product context packs.
devops/environment-specific-value-injection,devops,environment-specific-value-injection,"Use this skill when configuring, reviewing, or troubleshooting how environment-specific values — endpoint URLs, client IDs, thresholds, feature flags — are managed across Salesforce orgs without hardcoding. Triggers:. NOT for sandbox refresh automation (use sandbox-refresh-and-templates), NOT for general  — use data/deployment-data-dependencies.",1.0.0,Spring '25+,false,6,2,Security;Operational Excellence;Reliability,skills/devops/environment-specific-value-injection/SKILL.md,522129875462b28ede1294b8e7845631ee2bc459e8782cfa14ac41f9238c8629,retain-knowledge-substrate,false,progressive-on-demand,Do not flatten into always-on host context; preserve package and evaluate through product context packs.
devops/environment-strategy,devops,environment-strategy,"Use when designing the full environment topology for a Salesforce program — selecting which org types to provision, how many, and how they map to your branching strategy and release pipeline. Trigger keywords: 'environment strategy', 'org topology', 'scratch org vs sandbox', 'how many environments do I need', 'environment planning', 'DevOps environment design'. NOT for sandbox-type-only decisions (use admin/sandbox-strategy), NOT for scratch org lifecycle or daily usage (use devops/scratch-org-management), NOT for release pipeline mechanics (use devops/release-management).",1.0.0,Spring '25+,false,5,0,Operational Excellence;Reliability,skills/devops/environment-strategy/SKILL.md,a9958e244d3d954bd657dd6045b260a37a937b6f8fcc52fd5a4b013d90628548,retain-knowledge-substrate,false,progressive-on-demand,Do not flatten into always-on host context; preserve package and evaluate through product context packs.
devops/experience-cloud-deployment-admin,devops,experience-cloud-deployment-admin,"Deploying an Experience Cloud site (formerly Community) between Salesforce orgs or sandboxes: metadata ordering, ExperienceBundle enablement, post-deployment publishing, change-set or SFDX-based migration. NOT for automating the deploy in a CI/CD pipeline, or LWR DigitalExperienceBundle — use devops/experience-cloud-deployment-dev. NOT for building the site in Experience Builder — use admin/experience-cloud-site-setup.",1.0.0,Spring '25+,false,7,0,Reliability;Operational Excellence;Security,skills/devops/experience-cloud-deployment-admin/SKILL.md,924aa19de645bade7772e486b111abac8c9fbd14e3a22a4628ce19c5077ff910,retain-knowledge-substrate,false,progressive-on-demand,Do not flatten into always-on host context; preserve package and evaluate through product context packs.
devops/experience-cloud-deployment-dev,devops,experience-cloud-deployment-dev,"Scripting or automating Experience Cloud site deployment between orgs with the Metadata API, sf CLI or CI/CD: ExperienceBundle (Aura sites), DigitalExperienceBundle (enhanced LWR sites), the ExperienceBundleSettings prerequisite, CMS content exclusion, post-deploy domain/SSO/CDN steps. NOT for the change-set path or a site left unpublished — use devops/experience-cloud-deployment-admin. NOT for writing the site's LWC components — use lwc/experience-cloud-lwc-components.",1.0.0,Spring '25+,false,6,0,Reliability;Operational Excellence,skills/devops/experience-cloud-deployment-dev/SKILL.md,47ee8002575ac2fac36ad8cd5f5164a1d5dcaecf9079064337790a2abbb04845,retain-knowledge-substrate,false,progressive-on-demand,Do not flatten into always-on host context; preserve package and evaluate through product context packs.
devops/feature-flag-custom-metadata,devops,feature-flag-custom-metadata,"Implement environment-safe feature flags using Custom Metadata Types for Apex, LWC, and Flow. NOT for user-level entitlements or permission sets — use admin/custom-metadata-types.",1.1.0,Spring '25+,false,4,0,Reliability;Operational Excellence,skills/devops/feature-flag-custom-metadata/SKILL.md,33bd9e7608af022db2d470623c2bb3cd2a13a3dcaabe75b396ef9d0b83cfa8ad,retain-knowledge-substrate,false,progressive-on-demand,Do not flatten into always-on host context; preserve package and evaluate through product context packs.
devops/flow-deployment-activation-ordering,devops,flow-deployment-activation-ordering,"Deploying Flow metadata across environments when activation order matters: which flow version becomes active, how paused interviews survive deploys, avoiding the 'two active versions for a moment' race, SFDX / Metadata API deploy flags, 'Deploy as Active', rollback. NOT for Change Set vs SFDX vs package choice for a flow — use flow/flow-deployment-and-packaging. NOT for whether a change needs a new version or a new flow — use flow/flow-versioning-strategy.",1.0.1,Spring '25+,false,5,0,Reliability;Operational Excellence;Security,skills/devops/flow-deployment-activation-ordering/SKILL.md,c14f5fa7484b2a975e8f86e5c96c6852edb05cc0346e8ac518a04ad0a3ff3687,retain-knowledge-substrate,false,progressive-on-demand,Do not flatten into always-on host context; preserve package and evaluate through product context packs.
devops/fsc-deployment-patterns,devops,fsc-deployment-patterns,"Use when planning or executing metadata deployments for Financial Services Cloud (FSC) — including Person Account enablement sequencing, Account record-type ordering, Compliant Data Sharing (CDS) activation. NOT for general metadata deployment (use devops/pre-deployment-checklist) or FSC architecture — use architect/fsc-architecture-patterns.",1.0.1,Spring '25+,false,7,0,Security;Operational Excellence;Reliability,skills/devops/fsc-deployment-patterns/SKILL.md,0374cbe21137a914df03d6ce7f8f8a499c6c260d872cc0e331b3ce6342c3ef3c,retain-knowledge-substrate,false,progressive-on-demand,Do not flatten into always-on host context; preserve package and evaluate through product context packs.
devops/git-branching-for-salesforce,devops,git-branching-for-salesforce,"Use when selecting or reviewing a Git branching strategy for a Salesforce project — choosing between trunk-based development, GitFlow, or environment branching, and mapping branches to orgs, packages, and CI pipelines. Trigger keywords: 'git branching strategy Salesforce', 'trunk-based vs GitFlow', 'branch per package', 'feature branch model SFDX', 'branching for unlocked packages', 'git workflow Salesforce DX'. NOT for CI/CD pipeline implementation (use devops/github-actions-for-salesforce or devops/gitlab-ci-for-salesforce), NOT for environment topology decisions (use devops/environment-strategy), NOT for scratch org lifecycle management.",1.0.0,Spring '25+,false,5,0,Operational Excellence;Reliability,skills/devops/git-branching-for-salesforce/SKILL.md,1cd781cf9eb080a4243a8e717e6153a77ddee9a7fe7f309ff6a6086543dee63f,retain-knowledge-substrate,false,progressive-on-demand,Do not flatten into always-on host context; preserve package and evaluate through product context packs.
devops/github-actions-for-salesforce,devops,github-actions-for-salesforce,"Use this skill to set up, review, or troubleshoot GitHub Actions CI/CD pipelines for Salesforce using SFDX JWT Bearer Flow authentication, Apex test gates, and branch-conditional deployments. Trigger keywords: github actions, CI pipeline, jwt auth, sfdx ci, workflow yaml, github secrets, apex coverage threshold. NOT for GitLab CI — use devops/gitlab-ci-for-salesforce. NOT for Bitbucket Pipelines — use devops/bitbucket-pipelines-for-salesforce.",1.0.0,Spring '25+,false,5,2,Operational Excellence;Security,skills/devops/github-actions-for-salesforce/SKILL.md,792a2eb91352ff286b941b142d27e171b92774f7844870de6feb92d2d0582c29,retain-knowledge-substrate,false,progressive-on-demand,Do not flatten into always-on host context; preserve package and evaluate through product context packs.
devops/gitlab-ci-for-salesforce,devops,gitlab-ci-for-salesforce,"Use this skill to set up, review, or troubleshoot GitLab CI/CD pipelines for Salesforce using SFDX JWT Bearer Flow authentication, Docker executor runners, Apex test gates, branch-based deployment jobs, and GitLab CI/CD variables for secret management. Trigger keywords: gitlab-ci.yml, gitlab runner, gitlab ci salesforce, gitlab ci sfdx, gitlab pipeline deploy salesforce, gitlab ci jwt auth. NOT for GitHub Actions (use devops/github-actions-for-salesforce), Bitbucket Pipelines (use devops/bitbucket-pipelines-for-salesforce), Jenkins, Copado, Azure DevOps, or any non-GitLab CI platform.",1.0.0,Spring '25+,false,7,2,Operational Excellence;Security;Reliability,skills/devops/gitlab-ci-for-salesforce/SKILL.md,06be42c5d755eaa30da46b927fdbeebbd0cee13b07ede6975b7eecffa6e430f1,retain-knowledge-substrate,false,progressive-on-demand,Do not flatten into always-on host context; preserve package and evaluate through product context packs.
devops/go-live-cutover-planning,devops,go-live-cutover-planning,"Use when planning, sequencing, or executing the final cutover to production for a Salesforce implementation or major release. Covers cutover runbooks, code freeze enforcement, mock deployments, go/no-go decision gates, validation deploy timing, quick deploy windows, hypercare scheduling, and rollback trigger definitions. NOT for deployment mechanics (use devops/post-deployment-validation). NOT for release calendar or versioning strategy (use devops/release-management). NOT for writing smoke tests (use devops/post-deployment-validation).",1.0.0,Spring '25+,false,6,0,Operational Excellence;Reliability,skills/devops/go-live-cutover-planning/SKILL.md,2dca740943f7ea4680ea87ed5b5662a5b4bda64c6ca6d986e9bf03128a3979e3,retain-knowledge-substrate,false,progressive-on-demand,Do not flatten into always-on host context; preserve package and evaluate through product context packs.
devops/health-cloud-deployment-patterns,devops,health-cloud-deployment-patterns,"Use when planning or executing a Health Cloud deployment to production or a full sandbox, including managed package installation sequencing, Permission Set License assignment, care plan template setup, HIPAA compliance. NOT for Health Cloud data model design or Apex extensions in Health Cloud — use data/health-cloud-data-model.",1.0.1,Spring '25+,false,7,2,Security;Reliability;Operational Excellence,skills/devops/health-cloud-deployment-patterns/SKILL.md,a703a038495063dbeb186ee4d7c011e76ae12c9f0051f4208c31142c88ab01e9,retain-knowledge-substrate,false,progressive-on-demand,Do not flatten into always-on host context; preserve package and evaluate through product context packs.
devops/isv-license-management-and-trialforce,devops,isv-license-management-and-trialforce,"Use when an ISV partner is wiring license enforcement, trial provisioning, or feature-flag distribution into a managed package — covers License Management App (LMA) install and registration, Lead/License object. NOT for general managed-package version creation, ancestor pinning, or PostInstall handler design — use devops/managed-package-development.",1.0.1,Spring '25+,false,6,0,Security;Operational Excellence;Reliability,skills/devops/isv-license-management-and-trialforce/SKILL.md,e58ee41c6f278973ca217fc0dc4ec60df59fe366adf6b77f50dd452a493f189d,retain-knowledge-substrate,false,progressive-on-demand,Do not flatten into always-on host context; preserve package and evaluate through product context packs.
devops/managed-package-development,devops,managed-package-development,"Building or maintaining Salesforce first-generation managed packages (1GP) for ISV distribution: namespace registration, packaging org structure, PostInstall/UninstallHandler Apex, push upgrades, Flow version management, subscriber org considerations. NOT for choosing between unmanaged, unlocked, 1GP and 2GP — use devops/package-development-strategy. NOT for 2GP packaging — use devops/second-generation-managed-packages.",1.0.0,Spring '25+,false,5,0,Operational Excellence;Security,skills/devops/managed-package-development/SKILL.md,c9fd8a14a0f2c16fe22a79af9605ba01f31c46ea5874d1e4ad2cf5f25544be52,retain-knowledge-substrate,false,progressive-on-demand,Do not flatten into always-on host context; preserve package and evaluate through product context packs.
devops/metadata-api-coverage-gaps,devops,metadata-api-coverage-gaps,"Use this skill when a deployment, source push, or package version fails because a metadata type is unsupported, partially supported, or behaves differently across Metadata API, source tracking, unlocked packages, and 2GP managed packages. NOT for deployment error troubleshooting, Metadata API tutorials, or dependency mapping — use devops/deployment-error-diagnosis.",1.0.1,Spring '25+,false,6,0,Reliability;Operational Excellence,skills/devops/metadata-api-coverage-gaps/SKILL.md,0918f86cc30439bd885e32d9574296d0448c05b6b4b2aebf44647034fb342bff,retain-knowledge-substrate,false,progressive-on-demand,Do not flatten into always-on host context; preserve package and evaluate through product context packs.
devops/metadata-api-retrieve-deploy,devops,metadata-api-retrieve-deploy,"Metadata API retrieve/deploy via sf CLI and package.xml: manifest authoring, destructiveChanges, deploy options (checkOnly, testLevel, rollbackOnError), CI scripting. NOT for what package.xml can hold or deploy-order concepts — use apex/metadata-api-and-package-xml. NOT for a delete that fails on a still-referenced component — use devops/destructive-changes-deployment.",1.1.0,Spring '25+,false,7,0,Operational Excellence;Security,skills/devops/metadata-api-retrieve-deploy/SKILL.md,c689381cc887e617f82f4112bdc6411e361a12731878a12b792c65f0691d769c,retain-knowledge-substrate,false,progressive-on-demand,Do not flatten into always-on host context; preserve package and evaluate through product context packs.
devops/metadata-diff-between-sandboxes,devops,metadata-diff-between-sandboxes,"Use when comparing metadata between two Salesforce orgs (UAT vs Prod, dev sandbox vs full copy, fork sandbox vs source) to surface drift, identify items needing deployment, or build a destructive-changes manifest. Triggers: 'compare two. NOT for code-level diffs in version control or for deploying packages — use devops/metadata-api-coverage-gaps.",1.0.0,Spring '25+,false,5,0,Operational Excellence;Reliability,skills/devops/metadata-diff-between-sandboxes/SKILL.md,ba4eb07bec4f820e491f12814a97ac0f183bd1bbbaaebdc3a21bf672a686c6aa,retain-knowledge-substrate,false,progressive-on-demand,Do not flatten into always-on host context; preserve package and evaluate through product context packs.
devops/migration-from-change-sets-to-sfdx,devops,migration-from-change-sets-to-sfdx,"Use when planning or executing a migration from change-set-based deployments to Salesforce DX source-driven development. Trigger keywords: 'migrate from change sets', 'move to SFDX', 'convert metadata to source format'. NOT for greenfield SFDX project setup (use sf-cli-and-sfdx-essentials), unlocked package — use apex/sf-cli-and-sfdx-essentials.",1.0.0,Spring '25+,false,5,0,Operational Excellence;Reliability,skills/devops/migration-from-change-sets-to-sfdx/SKILL.md,fddb957a3ee5d5abfceab6239a8f7107eb8b4ab79ccdcd88a31ccfc099143ee5,retain-knowledge-substrate,false,progressive-on-demand,Do not flatten into always-on host context; preserve package and evaluate through product context packs.
devops/multi-package-development,devops,multi-package-development,"Designing, orchestrating, and maintaining multi-package architectures in Salesforce DX: dependency DAG design, layered package decomposition, install ordering, cross-package API contracts, mono-repo vs multi-repo layout, and CI/CD sequencing for two or more packages. NOT for single-package creation or versioning — use devops/unlocked-package-development. NOT for 2GP managed-package ISV workflows — use devops/second-generation-managed-packages.",1.0.0,Spring '25+,false,6,1,Scalability;Reliability;Operational Excellence,skills/devops/multi-package-development/SKILL.md,3aef64011c44c7c760807baba868a3ebc59cc3ea1b45e04d080785afbbb702db,retain-knowledge-substrate,false,progressive-on-demand,Do not flatten into always-on host context; preserve package and evaluate through product context packs.
devops/org-shape-and-scratch-definition,devops,org-shape-and-scratch-definition,"Use this skill when authoring, debugging, or optimizing a scratch org definition file (project-scratch-def.json): schema structure, features array, settings hierarchy, Org Shape sourcing, edition selection, orgPreferences-to-settings migration, and release pinning. NOT for scratch org lifecycle management (use devops/scratch-org-management), CI pipeline design, or sandbox configuration.",1.0.0,Spring '25+,false,5,0,Reliability;Operational Excellence;Security,skills/devops/org-shape-and-scratch-definition/SKILL.md,a6ec6a97f2c92e5d30eb6800bb6d09748f690b190bb181ffe56f11b80b063ba2,retain-knowledge-substrate,false,progressive-on-demand,Do not flatten into always-on host context; preserve package and evaluate through product context packs.
devops/package-development-strategy,devops,package-development-strategy,"Deciding between Salesforce package development approaches — unmanaged, unlocked, 1GP managed, 2GP managed — namespace selection, ISV distribution requirements, upgrade path design, AppExchange packaging strategy. Trigger keywords: should I use managed or unlocked package, Salesforce package type selection, 2GP vs 1GP managed package, namespace decision Salesforce, ISV AppExchange packaging, unlocked package strategy. NOT for creating and versioning an unlocked package — use devops/unlocked-package-development. NOT for 2GP build, patch and AppExchange steps — use devops/second-generation-managed-packages.",1.0.0,Spring '25+,false,8,0,Reliability;Operational Excellence,skills/devops/package-development-strategy/SKILL.md,d1aeec1a040c2d43ca242c6680600ad55a8d9488f2fc55a0f1ad1edbac83eaa0,retain-knowledge-substrate,false,progressive-on-demand,Do not flatten into always-on host context; preserve package and evaluate through product context packs.
devops/packaging-dependency-graph,devops,packaging-dependency-graph,"Model and verify unlocked package dependencies, version pinning, and promotion. NOT for 1GP managed packages — use devops/multi-package-development.",1.1.0,Spring '25+,false,4,0,Reliability;Operational Excellence,skills/devops/packaging-dependency-graph/SKILL.md,bf872945f6a544445a9b484ad5a7f4f8361fd3a90c2c40ece41f25b2827b520c,retain-knowledge-substrate,false,progressive-on-demand,Do not flatten into always-on host context; preserve package and evaluate through product context packs.
devops/performance-testing-salesforce,devops,performance-testing-salesforce,"Use when planning or executing load tests, stress tests, or performance benchmarks against a Salesforce org. Covers Salesforce Scale Test, third-party tools (JMeter, BlazeMeter, k6), API throughput testing, Experience Page Time. NOT for Apex unit test performance assertions, LWC Jest tests, or query tuning — use data/soql-query-optimization.",1.0.1,Spring '25+,false,5,2,Reliability;Performance;Scalability,skills/devops/performance-testing-salesforce/SKILL.md,0e46d1c342c3a523a6d7175af997b00ba39917987cb2b7d0dc6bb77471e81852,retain-knowledge-substrate,false,progressive-on-demand,Do not flatten into always-on host context; preserve package and evaluate through product context packs.
devops/permission-set-deployment-ordering,devops,permission-set-deployment-ordering,"Use when deploying permission sets, permission set groups, or profiles and encountering cross-reference errors, silent permission loss, or ordering failures. Triggers: 'permission set deployment fails', 'cross-reference id error during deploy', 'permissions disappear after deployment', 'permission set group deployment error'. NOT for permission set design or architecture decisions (use permission-set-architecture), NOT for creating permission sets from scratch (use admin/permission-set-architecture).",1.0.0,Spring '25+,false,5,0,Security;Operational Excellence,skills/devops/permission-set-deployment-ordering/SKILL.md,2c3578a787e06fc6e2cf70c1cf233593afbe5ec3eb6e1384cd24787cf1cb9dfc,retain-knowledge-substrate,false,progressive-on-demand,Do not flatten into always-on host context; preserve package and evaluate through product context packs.
devops/pipeline-secrets-management,devops,pipeline-secrets-management,"Store and inject Salesforce auth URLs, JWT keys, and API credentials into CI without leaking them. NOT for authoring the GitHub Actions workflow itself — use devops/github-actions-for-salesforce. NOT for secrets Apex reads — use apex/apex-secrets-and-protected-cmdt.",1.1.0,Spring '25+,false,4,0,Security;Operational Excellence,skills/devops/pipeline-secrets-management/SKILL.md,a64200f92627c96df257cd6a2a499c9d63dd6ad610a726696d9d95010f4acf8f,retain-knowledge-substrate,false,progressive-on-demand,Do not flatten into always-on host context; preserve package and evaluate through product context packs.
devops/post-deployment-validation,devops,post-deployment-validation,"Verifying a Salesforce deployment worked after the metadata landed: quick deploy from a validated ID, Apex test result interpretation, Deployment Status page drill-down, functional smoke testing, JUnit/coverage output for CI, and rollback strategies. NOT for polling a deploy that is still running or stuck Pending — use devops/deployment-monitoring. NOT for the gate-check before you click deploy — use devops/pre-deployment-checklist.",1.1.0,Spring '25+,false,7,0,Reliability;Operational Excellence,skills/devops/post-deployment-validation/SKILL.md,b345e79e4e5421ef90ca91db79fbcb2a81b8c05c3fa905a4a7e2a9c5f903f758,retain-knowledge-substrate,false,progressive-on-demand,Do not flatten into always-on host context; preserve package and evaluate through product context packs.
devops/postman-for-salesforce,devops,postman-for-salesforce,"Use when designing or auditing **Postman collections** that exercise Salesforce APIs — collection structure, OAuth authentication (Web Server, JWT bearer, Username-Password, Client Credentials), pre-request scripts that refresh access tokens, environment variables for sandbox vs prod, request chaining via collection variables, response visualizers, and the official Salesforce Postman collection from the Developer Hub. Triggers: 'set up postman for salesforce', 'postman oauth pre-request script', 'postman jwt bearer salesforce', 'postman environment variables instance url access token', 'salesforce postman collection import', 'postman chained requests bulk api job', 'postman session id refresh script'. NOT for general OAuth-flow design (use `integration/oauth-flows-and-connected-apps`), Apex callouts from inside Salesforce (use `apex/callouts-and-http-integrations`), API performance load testing (use `devops/performance-testing-salesforce`), or running `sf` CLI commands (use `devops/salesforce-cli-automation`).",1.0.0,Spring '25+,true,7,0,Security;Operational Excellence;Reliability,skills/devops/postman-for-salesforce/SKILL.md,434a2dde81afd5619c0bc432133d9c7d1dd49e9057f130fabad578faf9bdbd38,retain-knowledge-substrate,false,progressive-on-demand,Do not flatten into always-on host context; preserve package and evaluate through product context packs.
devops/pr-policy-templates,devops,pr-policy-templates,"Enforce change quality via PR templates, required reviews, metadata ownership, and automated checks. NOT for branching model selection — use agentforce/agentforce-prompt-versioning.",1.1.0,Spring '25+,false,4,0,Operational Excellence,skills/devops/pr-policy-templates/SKILL.md,5f79d737aa439a65f99b282755e12dfba49cf3bc26fe995f3c11c42de510970e,retain-knowledge-substrate,false,progressive-on-demand,Do not flatten into always-on host context; preserve package and evaluate through product context packs.
devops/pre-deployment-checklist,devops,pre-deployment-checklist,"Use when preparing a Salesforce metadata deployment for production and need a structured gate-check before releasing. Trigger keywords: 'pre-deploy checklist', 'what to check before deploying', 'validation deploy', 'deploy readiness', 'quick deploy window', 'checkOnly deploy', 'pre-release backup'. NOT for verifying the release after the metadata lands — use devops/post-deployment-validation. NOT for sequencing a full go-live cutover, code freeze and go/no-go gates — use devops/go-live-cutover-planning.",1.0.0,Spring '25+,false,6,0,Reliability;Operational Excellence,skills/devops/pre-deployment-checklist/SKILL.md,d6ab98a2686fb37e9d5a9cf68300c5313ee23fbfa4a6f2756e26a0e8d861a2bb,retain-knowledge-substrate,false,progressive-on-demand,Do not flatten into always-on host context; preserve package and evaluate through product context packs.
devops/release-management,devops,release-management,"Use when planning, coordinating, or governing Salesforce releases: version numbering, rollback strategy, release notes, go/no-go criteria, release calendar, and sandbox preview alignment. NOT for Salesforce's own seasonal platform release (Spring/Summer/Winter) readiness — release notes triage, Release Updates, Sandbox Preview opt-in (use admin/salesforce-release-preparation); this skill governs YOUR release train, not Salesforce's. NOT for deployment mechanics (use devops/post-deployment-validation or devops/change-set-deployment).",1.0.0,Spring '25+,false,4,0,Operational Excellence;Reliability,skills/devops/release-management/SKILL.md,9b2a2a1aac1b9bf85e0f9dc77a39a07944b73f86f569252b6ae312561f2567b8,retain-knowledge-substrate,false,progressive-on-demand,Do not flatten into always-on host context; preserve package and evaluate through product context packs.
devops/release-notes-automation,devops,release-notes-automation,"Use when generating customer- or stakeholder-facing release notes from git history, Jira/ADO ticket links, and Salesforce metadata diffs at deploy time. Triggers: 'auto-generate release notes', 'changelog from commits', 'release. NOT for managed-package version creation, push upgrades, or org assessment — use admin/salesforce-release-preparation.",1.0.0,Spring '25+,false,5,0,Operational Excellence,skills/devops/release-notes-automation/SKILL.md,ee33edcbff891dd6244ae1b2473ac478537c2d3df9aad9e81fa0b1968bc32f54,retain-knowledge-substrate,false,progressive-on-demand,Do not flatten into always-on host context; preserve package and evaluate through product context packs.
devops/rollback-and-hotfix-strategy,devops,rollback-and-hotfix-strategy,"Planning and executing metadata rollbacks and emergency hotfixes in Salesforce orgs. Use when a production deployment causes regression and needs to be reverted, or when an urgent fix must bypass the normal release pipeline. NOT for routine CI/CD pipeline setup (use continuous-integration-testing) — use admin/change-management-and-deployment.",1.0.0,Spring '25+,false,5,0,Reliability;Operational Excellence,skills/devops/rollback-and-hotfix-strategy/SKILL.md,12df5c2426bf34ff0ffa420f5941e0bc88599e5812bc8cb1653759b74f4c3028,retain-knowledge-substrate,false,progressive-on-demand,Do not flatten into always-on host context; preserve package and evaluate through product context packs.
devops/salesforce-cli-automation,devops,salesforce-cli-automation,"Automating Salesforce work with the unified Salesforce CLI (`sf`, v2): shell scripts, Make/npm tasks, cron jobs and CI steps needing stable flags, `--json` output, org aliases, bulk/data commands, plugins, non-interactive auth. Trigger keywords: sf CLI automation, sfdx migration, JSON output CI, sf project deploy script, sf data bulk, CLI plugins, target-org alias, machine-readable CLI. NOT for basic sf commands, org auth or first DX project setup — use apex/sf-cli-and-sfdx-essentials. NOT for writing your own sf plugin — use devops/sf-cli-plugin-authoring.",1.1.0,Spring '25+,false,7,2,Operational Excellence;Reliability;Security,skills/devops/salesforce-cli-automation/SKILL.md,82c2ee258d0c526c614d530aad262043dc670edad2283e77a6ed09347ba7cb43,retain-knowledge-substrate,false,progressive-on-demand,Do not flatten into always-on host context; preserve package and evaluate through product context packs.
devops/salesforce-code-analyzer,devops,salesforce-code-analyzer,"Use this skill to configure and run Salesforce Code Analyzer v5 across PMD, ESLint, RetireJS, Regex, Flow, CPD, SFGE, and remote ApexGuru analysis for CI quality gates and AppExchange review preparation. Trigger keywords: code analyzer, sca run, pmd apex, eslint lwc, graph engine, apexguru. NOT for triaging ApexGuru findings and proving performance impact — use apex/apexguru-performance-analysis. NOT for manual code review or runtime debugging.",1.2.0,Spring '25+,false,10,0,Security;Operational Excellence,skills/devops/salesforce-code-analyzer/SKILL.md,8f89dfeb7c6d895fb77a3e14468ae08953bf5faa4e3672423a15df66d2acbc72,retain-knowledge-substrate,false,progressive-on-demand,Do not flatten into always-on host context; preserve package and evaluate through product context packs.
devops/salesforce-devops-tooling-selection,devops,salesforce-devops-tooling-selection,"Use when a team needs to choose a DevOps tooling platform for Salesforce — comparing options like Gearset, Copado, Flosum, AutoRABIT, Blue Canvas, and Salesforce DevOps Center across axes of hosting model, team composition, compliance posture, and budget. Trigger keywords: 'which DevOps tool for Salesforce', 'Gearset vs Copado', 'CI/CD tool comparison', 'DevOps platform selection', 'native vs third-party DevOps'. NOT for CI/CD pipeline configuration (use devops/continuous-integration-testing), NOT for Git branching strategy design (use devops/git-branching-for-salesforce), NOT for environment topology decisions (use devops/environment-strategy).",1.0.0,Spring '25+,false,5,0,Operational Excellence;Security;Reliability,skills/devops/salesforce-devops-tooling-selection/SKILL.md,9e03cbb53d98a05950392df6f2c0ff28682136fe92cf30a7f10c281e1768b626,retain-knowledge-substrate,false,progressive-on-demand,Do not flatten into always-on host context; preserve package and evaluate through product context packs.
devops/salesforce-dx-project-structure,devops,salesforce-dx-project-structure,"Use this skill when setting up, configuring, or troubleshooting sfdx-project.json, organizing packageDirectories for mono-repo or multi-package projects, managing sourceApiVersion alignment, and structuring the standard source-format directory tree. NOT for scratch org definition files (use devops/scratch-org-management) or CLI command usage — use apex/sf-cli-and-sfdx-essentials.",1.0.1,Spring '25+,false,6,0,Operational Excellence;Reliability;Scalability,skills/devops/salesforce-dx-project-structure/SKILL.md,798195af5caac8f8dc6abbf885a2d1ebdcfcc5115d42aeb8e9aef505743e3f04,retain-knowledge-substrate,false,progressive-on-demand,Do not flatten into always-on host context; preserve package and evaluate through product context packs.
devops/sandbox-data-isolation-gotchas,devops,sandbox-data-isolation-gotchas,"Use this skill when a sandbox has reached out to production systems, sent emails to real users, run live scheduled jobs, or leaked sensitive data after a refresh. Triggers: 'sandbox sent email to real customers', 'scheduled job fired against production API', 'integration hit live system from sandbox', 'Contact email not changed to .invalid', 'SandboxPostCopy did not run'. NOT for masking or scrubbing PII in the copied records — use security/sandbox-data-masking. NOT for refresh cadence or sandbox templates — use devops/sandbox-refresh-and-templates. NOT for picking a sandbox type — use admin/sandbox-strategy.",1.0.0,Spring '25+,false,8,1,Security;Reliability;Operational Excellence,skills/devops/sandbox-data-isolation-gotchas/SKILL.md,84c9187e9e0260d753ee35de3cd731fdc5339b7e019376e743959ab777421f7a,retain-knowledge-substrate,false,progressive-on-demand,Do not flatten into always-on host context; preserve package and evaluate through product context packs.
devops/sandbox-refresh-and-templates,devops,sandbox-refresh-and-templates,"Sandbox refresh cycles, sandbox templates, post-refresh automation via the SandboxPostCopy Apex interface, and data handling during refresh. NOT for sandbox type selection — use admin/sandbox-strategy.",1.0.0,Spring '25+,false,7,0,Reliability;Operational Excellence,skills/devops/sandbox-refresh-and-templates/SKILL.md,7b114ea91d14acd3be408108c26759309452ab7bc5d8e09b42ae12ce82b14e23,retain-knowledge-substrate,false,progressive-on-demand,Do not flatten into always-on host context; preserve package and evaluate through product context packs.
devops/scratch-org-management,devops,scratch-org-management,"Use this skill when designing, configuring, or troubleshooting scratch orgs: definition file structure, edition selection, allocation limits, Org Shape, CI automation via ScratchOrgInfo, and lifecycle management from the Dev Hub. NOT for SFDX CLI basics (use apex/sf-cli-and-sfdx-essentials), sandbox management, or production org administration.",1.0.0,Spring '25+,false,7,0,Reliability;Operational Excellence;Scalability,skills/devops/scratch-org-management/SKILL.md,3caf207bb627072fd62c970db260f0f1a7005139a263f5b617d83c83fa4149b3,retain-knowledge-substrate,false,progressive-on-demand,Do not flatten into always-on host context; preserve package and evaluate through product context packs.
devops/scratch-org-pools,devops,scratch-org-pools,"Use this skill when configuring pre-created scratch org pools for parallel CI testing, reducing pipeline wait times by claiming pre-warmed orgs instead of provisioning on demand. Covers CumulusCI pool commands, Dev Hub. NOT for basic scratch org lifecycle, definition files, or test data seeding — use devops/scratch-org-management.",1.0.1,Spring '25+,false,5,0,Operational Excellence;Reliability;Scalability,skills/devops/scratch-org-pools/SKILL.md,8133fda8ab8a426b8688ca1d341170aad3b30cad92c1bb0b3ef4f6cd79417f48,retain-knowledge-substrate,false,progressive-on-demand,Do not flatten into always-on host context; preserve package and evaluate through product context packs.
devops/scratch-org-snapshots,devops,scratch-org-snapshots,Use Scratch Org Snapshots to reduce CI bring-up time from 10–20 minutes to under 2. NOT for persistent sandbox provisioning — use devops/scratch-org-pools.,1.1.0,Spring '25+,false,4,0,Performance;Operational Excellence,skills/devops/scratch-org-snapshots/SKILL.md,1c26f6de32769fadf5129d4a746bc0b7d040e268dc8d49139c76443583e2ac09,retain-knowledge-substrate,false,progressive-on-demand,Do not flatten into always-on host context; preserve package and evaluate through product context packs.
devops/second-generation-managed-packages,devops,second-generation-managed-packages,"2GP managed package development: creating managed packages with Dev Hub and Salesforce CLI, semantic versioning, patch versions, namespace linking, ISV AppExchange listing, and subscriber upgrade management. NOT for unlocked packages — use devops/unlocked-package-development. NOT for 1GP packaging orgs and namespace registration — use devops/managed-package-development.",1.0.0,Spring '25+,false,6,0,Security;Operational Excellence;Reliability,skills/devops/second-generation-managed-packages/SKILL.md,c535f47280ae90ef1fbfda2e1157283e25fc05d90e172675defdefe8aab277e6,retain-knowledge-substrate,false,progressive-on-demand,Do not flatten into always-on host context; preserve package and evaluate through product context packs.
devops/sf-cli-plugin-authoring,devops,sf-cli-plugin-authoring,"Use when authoring a custom Salesforce CLI (`sf`) plugin — internal team tooling that wraps deploy/test workflows, an ISV plugin distributed via npm, or migrating a legacy `sfdx`-style plugin to the v2 `sf` topic-and-command shape. Triggers: 'sf plugin generate', 'extend SfCommand class', 'oclif command structure', 'sf-plugins-core flags', 'topic separator sf v2', 'JSON output for plugin', 'plugin hooks prerun command_not_found', 'distribute internal sf plugin npm registry', 'sign Salesforce CLI plugin'. NOT for using existing `sf` plugins in CI automation (use `devops/salesforce-cli-automation`), CPQ price-rule plugins (use `apex/cpq-apex-plugins`), OmniStudio DataPack CLI usage (use `omnistudio/omnistudio-deployment-datapacks`), or generic JS/TS package publishing.",1.0.0,Spring '25+,true,6,1,Operational Excellence;Reliability;Security,skills/devops/sf-cli-plugin-authoring/SKILL.md,870dff4bb695c0cd2cff46a04a8f38c2ed8e157a2c35991129188b3a56efd830,retain-knowledge-substrate,false,progressive-on-demand,Do not flatten into always-on host context; preserve package and evaluate through product context packs.
devops/sfdx-hardis-integration,devops,sfdx-hardis-integration,"Adopt sfdx-hardis for org monitoring, CI pipelines, and release automation. NOT for writing plugins to sfdx-hardis itself — use apex/sf-cli-and-sfdx-essentials.",1.1.0,Spring '25+,false,4,0,Operational Excellence,skills/devops/sfdx-hardis-integration/SKILL.md,058540f49ba27654aac1c7162195aa4dc7288c7277b2c8c7249327811b46bba3,retain-knowledge-substrate,false,progressive-on-demand,Do not flatten into always-on host context; preserve package and evaluate through product context packs.
devops/sfdx-monorepo-patterns,devops,sfdx-monorepo-patterns,"Structure a single repo with multiple unlocked packages, shared templates, and cross-package test strategies. NOT for multi-repo org strategies — use apex/sf-cli-and-sfdx-essentials.",1.1.0,Spring '25+,false,4,0,Operational Excellence;Scalability,skills/devops/sfdx-monorepo-patterns/SKILL.md,a6528752b969de26ab76b0c25496e1230bf845ff314a693483e43a6b2294bdba,retain-knowledge-substrate,false,progressive-on-demand,Do not flatten into always-on host context; preserve package and evaluate through product context packs.
devops/source-tracking-and-conflict-resolution,devops,source-tracking-and-conflict-resolution,"Use when diagnosing and resolving SFDX source-tracking conflicts between a local project and a Salesforce org. Trigger keywords: source tracking, conflict, --force-overwrite, --ignore-conflicts, maxRevision.json, sf project retrieve, source:status. NOT for Git merge conflicts, DevOps Center pipeline conflicts, or change-set deployments — use devops/metadata-api-retrieve-deploy.",1.0.1,Spring '25+,false,6,0,Operational Excellence;Reliability,skills/devops/source-tracking-and-conflict-resolution/SKILL.md,4d98bc85d58d87a2c463dda323804cb77f6d41489d7d6b24fd6e8370c3326ac5,retain-knowledge-substrate,false,progressive-on-demand,Do not flatten into always-on host context; preserve package and evaluate through product context packs.
devops/unlocked-package-development,devops,unlocked-package-development,"Use this skill when designing, creating, versioning, or installing unlocked packages: package directory configuration in sfdx-project.json, namespace management, package dependencies, version lifecycle (beta to released), and subscriber installation. NOT for 2GP managed packages (ISV namespaces, push upgrades, AppExchange distribution) — use devops/second-generation-managed-packages.",1.0.1,Spring '25+,false,7,0,Reliability;Operational Excellence;Scalability,skills/devops/unlocked-package-development/SKILL.md,3caf56b626ff0c85fb1cd46b188cf846eb1e58a12fee4177712f7faef020f363,retain-knowledge-substrate,false,progressive-on-demand,Do not flatten into always-on host context; preserve package and evaluate through product context packs.
devops/vscode-salesforce-extensions,devops,vscode-salesforce-extensions,"Use this skill when setting up, configuring, or troubleshooting the Salesforce Extensions for VS Code: Apex Language Server activation, deploy-on-save behavior, Apex debugging, org authorization, and workspace project. NOT for Salesforce CLI command reference (use sf-cli-and-sfdx-essentials), scratch org d — use apex/sf-cli-and-sfdx-essentials.",1.0.0,Spring '25+,false,7,0,Operational Excellence;Reliability,skills/devops/vscode-salesforce-extensions/SKILL.md,2f1cb57f48df7a9654ec94a5dda8bb925bb2ad82c9e163f51c9c9513122f70fe,retain-knowledge-substrate,false,progressive-on-demand,Do not flatten into always-on host context; preserve package and evaluate through product context packs.
flow/auto-launched-flow-patterns,flow,auto-launched-flow-patterns,"Use when invoking auto-launched Flows from Apex (Flow.Interview), from external systems via REST API, from Platform Events, or from other Flows (subflow element). Covers input/output variable mapping, bulkification patterns, and error/fault handling. NOT for record-triggered flows — use flow/record-triggered-flow-patterns. NOT for schedule-triggered flows — use flow/scheduled-flows.",1.0.0,Spring '25+,false,6,0,Reliability;Operational Excellence,skills/flow/auto-launched-flow-patterns/SKILL.md,1bfd5f73b4aecf263a6adcdd6bf94d6702821e3f97dfe04d72d26fb9a2e42d7a,retain-knowledge-substrate,false,progressive-on-demand,Do not flatten into always-on host context; preserve package and evaluate through product context packs.
flow/fault-handling,flow,fault-handling,"Use when designing, reviewing, or troubleshooting Salesforce Flow fault handling, error logging, and bulk-safe automation paths. Triggers: 'fault connector', '$Flow.FaultMessage', 'flow failed', 'record-triggered flow rollback', 'screen flow error', 'Custom Error element', 'Roll Back Records', 'faultConnector', 'flow error email recipient', 'FlowTest HasError'. NOT for diagnosing a fault email you already got — use flow/flow-runtime-error-diagnosis. NOT for Apex exception handling — use apex/exception-handling.",2.1.0,Spring '25+,false,20,0,Reliability;Scalability;Operational Excellence,skills/flow/fault-handling/SKILL.md,8f9545aea5522230251183117703f6f5265a73cc874c16c2a408651611dae23b,retain-knowledge-substrate,false,progressive-on-demand,Do not flatten into always-on host context; preserve package and evaluate through product context packs.
flow/flow-action-framework,flow,flow-action-framework,"Use when designing or troubleshooting Salesforce Flow actions in Flow Builder: standard and core actions, the Apex action element for @InvocableMethod classes, how list-shaped inputs and outputs map at the Flow–Apex boundary, subflows, and choosing between declarative actions versus custom Apex versus packaged invocables. Triggers: 'Flow Apex action', 'add Apex to Flow', 'InvocableMethod in Flow', 'Flow action palette', 'map Flow variables to Apex invocable inputs'. NOT for authoring or testing the Apex @InvocableMethod body — use apex/invocable-methods. More triggers: 'actionType enum', 'flowTransactionModel', 'dataTypeMappings T__ U__', 'storeOutputAutomatically', 'faultConnector on an action', 'timeoutConnector', 'InvocableActionExtension', 'apexPluginCalls legacy Apex action', 'action catalogue describe /actions/custom/apex'. NOT for registering an OpenAPI spec or HTTP Callout action — use flow/flow-external-services. NOT for writing the @InvocableMethod body — use apex/invocable-methods.",2.1.0,Spring '25+,false,16,1,Security;Reliability;Operational Excellence;Performance,skills/flow/flow-action-framework/SKILL.md,5d1087ab61d5628263bacd29eb302ec639e02a3098b0632659994673e7176072,retain-knowledge-substrate,false,progressive-on-demand,Do not flatten into always-on host context; preserve package and evaluate through product context packs.
flow/flow-and-platform-events,flow,flow-and-platform-events,"Publish and subscribe to Platform Events from Flow for async decoupling, high-volume triggers, and cross-org signaling. NOT for publish-after-commit semantics, subscriber idempotency, or fan-out failure design — use flow/flow-platform-events-integration. NOT for a flow that just fires on record save — use flow/record-triggered-flow-patterns.",1.0.1,Spring '25+,false,4,0,Scalability;Reliability,skills/flow/flow-and-platform-events/SKILL.md,6ada645fedc86af36542311b7dde34de37c458d809d325e62d4a6fc5c1770f29,retain-knowledge-substrate,false,progressive-on-demand,Do not flatten into always-on host context; preserve package and evaluate through product context packs.
flow/flow-apex-defined-types,flow,flow-apex-defined-types,"Design and use Apex-Defined Types as Flow variables for structured non-sObject data (HTTP callout payloads, External Service responses, complex configuration). Trigger keywords: apex-defined type, flow variable. NOT for building HTTP Callout Actions themselves, External Services schema, or raw Apex  — use flow/flow-external-services.",1.0.1,Spring '25+,false,4,2,Reliability;Operational Excellence,skills/flow/flow-apex-defined-types/SKILL.md,b0d4f427d31059ee40360689a154662fed56b732046feedbf321b66834addb4c,retain-knowledge-substrate,false,progressive-on-demand,Do not flatten into always-on host context; preserve package and evaluate through product context packs.
flow/flow-batch-processing-alternatives,flow,flow-batch-processing-alternatives,"Use when a Scheduled Flow or Record-Triggered Flow needs to process more records than Flow can safely handle in a single run. Covers Flow limit realities, scheduled-path chunking, Data Cloud batch transforms, and Apex. NOT for choosing async across a general workflow (see async-selection decision tree) — use flow/flow-large-data-volume-patterns.",1.0.1,Spring '25+,false,5,0,Scalability;Reliability;Operational Excellence,skills/flow/flow-batch-processing-alternatives/SKILL.md,5f4de9eb7da65e441b4299a24afd531db45a90d9926466f0f8bd5263f1cec79a,retain-knowledge-substrate,false,progressive-on-demand,Do not flatten into always-on host context; preserve package and evaluate through product context packs.
flow/flow-bulkification,flow,flow-bulkification,"Use when designing, reviewing, or troubleshooting Salesforce Flows that must survive data loads, integrations, or high-volume record changes without hitting transaction limits. Triggers: 'Get Records in loop', 'Flow bulkification', 'data loader causing flow errors', 'DML in loop', 'record-triggered flow scale', 'collection variable', 'noMoreValuesConnector', 'Collection Filter', 'Collection Sort', 'Too many SOQL queries: 101', 'Too many DML statements: 151', 'bulk-safe flow XML'. NOT for 'Too many query rows' at LDV scale — use flow/flow-large-data-volume-patterns. NOT for refactoring one Loop element — use flow/flow-loop-element-patterns.",2.1.0,Spring '25+',false,21,0,Scalability;Performance;Reliability,skills/flow/flow-bulkification/SKILL.md,d105c0710fe42ee09be0f5650ab5c03b5ded8d69db0bcfa53862f0b3282ed0e0,retain-knowledge-substrate,false,progressive-on-demand,Do not flatten into always-on host context; preserve package and evaluate through product context packs.
flow/flow-collection-processing,flow,flow-collection-processing,"Use when building or reviewing Flow logic that processes lists of records using Loop, Assignment, Collection Filter, Collection Sort, or Transform elements. Triggers: 'iterate over collection in flow', 'flow loop add to collection', 'collection filter element', 'transform element flow', 'update records from collection variable', 'collection sort flow', 'collection processor', 'RecommendationMapCollectionProcessor', 'transformType Sum', 'InnerJoin flow', 'AssignCount', 'RemoveUncommon', 'sortOptions', 'outputSObjectType'. NOT for pulling DML or SOQL out of a Loop element — use flow/flow-loop-element-patterns. NOT for transaction-budget and bulkification analysis — use flow/flow-bulkification.",2.1.0,Spring '25+,false,15,0,Performance;Scalability;Reliability,skills/flow/flow-collection-processing/SKILL.md,9b29303e9e9f5e1fd965dfba27c1350abb4eeb178725f0bf3b749644a00ad549,retain-knowledge-substrate,false,progressive-on-demand,Do not flatten into always-on host context; preserve package and evaluate through product context packs.
flow/flow-cross-object-updates,flow,flow-cross-object-updates,"Cross-object DML in Flow: updating parent from child or child from parent via Get/Update Records, lookup traversal in formulas, and bulkification. NOT for Apex cross-object updates — use flow/flow-loop-element-patterns. Trigger keywords: update parent record from child flow, fan a parent field to all children, roll-up summary vs flow, master-detail vs lookup for a flow, flow ping-pong recursion, orphan lookup null in flow.",1.2.0,Spring '25+,false,13,0,Reliability;Scalability,skills/flow/flow-cross-object-updates/SKILL.md,9247958701f3b5cf5acb96109fd47435062b79aa4cf5b66f7423265588a461c1,retain-knowledge-substrate,false,progressive-on-demand,Do not flatten into always-on host context; preserve package and evaluate through product context packs.
flow/flow-custom-property-editors,flow,flow-custom-property-editors,"Decide whether a Flow screen component or invocable action needs a Custom Property Editor at all, and if it does, what the design-time contract owes the admin: which configuration fields are genuinely unmanageable in the default property pane, how generic sObject type mapping gets declared, and how the design-time editor is kept from drifting away from the runtime component it configures. Routing and design review, not implementation. Triggers: 'do we need a flow custom property editor', 'flow custom property editor builder context validate', 'Flow Builder admin configuration UX', 'design-time surface vs runtime surface'. NOT for authoring the editor LWC itself — use lwc/custom-property-editor-for-flow. NOT for the runtime screen component it configures — use flow/flow-screen-lwc-components.",2.0.1,Spring '25+',false,6,0,User Experience;Operational Excellence,skills/flow/flow-custom-property-editors/SKILL.md,04169ffe594460f9c44ebcb7c8eaecbb173c97daac3b63abb2e590d69f47238d,retain-knowledge-substrate,false,progressive-on-demand,Do not flatten into always-on host context; preserve package and evaluate through product context packs.
flow/flow-data-tables,flow,flow-data-tables,"Use the Data Table screen component for selecting rows from collections in Screen Flows, including single/multi-select and inline actions. NOT for displaying read-only data outside flows — use flow/screen-flow-choice-component-selection.",1.1.0,Spring '25+,false,4,0,User Experience;Reliability,skills/flow/flow-data-tables/SKILL.md,48dafd783b45c8f7478afcbf0aab5f0727a350cad86dde3f097628d78b786cbf,retain-knowledge-substrate,false,progressive-on-demand,Do not flatten into always-on host context; preserve package and evaluate through product context packs.
flow/flow-debugging,flow,flow-debugging,"Use when diagnosing a Flow that does not run, runs but produces wrong results, fails silently, or shows an unexpected fault email. Triggers: 'flow debug mode', 'flow not running', 'flow interview log', 'fault email', 'record-triggered flow not firing', 'debug run as user', 'flow test suite', 'FLOW_ELEMENT_ERROR', 'FLOW_ELEMENT_FAULT', 'Workflow debug log category', 'trace flag for a flow', 'DebugLevel Workflow FINER', 'FlowInterview CurrentElement', 'flow debug log is empty'. NOT for designing the fault path itself — use flow/fault-handling. NOT for Apex debug logs, trace flags, or the Developer Console — use apex/debug-and-logging.",1.1.0,Spring '25+,false,18,0,Operational Excellence;Reliability,skills/flow/flow-debugging/SKILL.md,c4e5a1c34180a085275c591615374749d60759861cc34ead01930f9bea530965,retain-knowledge-substrate,false,progressive-on-demand,Do not flatten into always-on host context; preserve package and evaluate through product context packs.
flow/flow-decision-element-patterns,flow,flow-decision-element-patterns,"Structure Decision elements in Flow: default outcome placement, outcome ordering, compound criteria, null-safe checks, Boolean vs Pick-list comparisons, and avoiding deep nested branching. Trigger keywords: decision element, flow branching. NOT for loop or fault path design, or Screen Flow navigation — use flow/flow-element-naming-conventions.",1.1.0,Spring '25+,false,14,1,Reliability;Operational Excellence,skills/flow/flow-decision-element-patterns/SKILL.md,77636a19cd68f92cb19c31c6b46c8d73c3b5c2e51b8b82eae5c6ab5efbdca78d,retain-knowledge-substrate,false,progressive-on-demand,Do not flatten into always-on host context; preserve package and evaluate through product context packs.
flow/flow-deployment-and-packaging,flow,flow-deployment-and-packaging,"Move a Flow from sandbox to production reliably — source format, version-on-deploy semantics, deploy vs activate, dependency bundling, Change Set vs SFDX vs Unlocked vs Managed, validate-then-quick-deploy, and rollback by activating a prior version. NOT for paused interviews surviving a deploy or the two-active-versions race — use devops/flow-deployment-activation-ordering. NOT for source-tracking conflicts between sandbox and repo — use devops/source-tracking-and-conflict-resolution. NOT for branching strategy — use devops/git-branching-for-salesforce.",1.0.0,Spring '25+,false,7,0,Operational Excellence;Reliability,skills/flow/flow-deployment-and-packaging/SKILL.md,296568e8f75233a62f89901360e70f158abf259d33e6faa3f34b3edba0a1ee8d,retain-knowledge-substrate,false,progressive-on-demand,Do not flatten into always-on host context; preserve package and evaluate through product context packs.
flow/flow-dynamic-choices,flow,flow-dynamic-choices,"Build Flow choice sets from records, picklist fields, or collections, including dependent choices. Triggers: dynamic choices Flow, record choice set, dependent picklist Flow, FlowDynamicChoiceSet, picklistField, collectionReference, valueField, displayField, outputAssignments, choiceReferences, defaultSelectedChoiceReference, semicolon multi-select output. NOT for static hard-coded choices — use flow/screen-flow-choice-component-selection.",1.3.0,Spring '25+,false,18,0,User Experience;Reliability;Performance,skills/flow/flow-dynamic-choices/SKILL.md,9a283ec5b1e9beee451b0ec88447431ba99662050b37dc56024eef1a0db36959,retain-knowledge-substrate,false,progressive-on-demand,Do not flatten into always-on host context; preserve package and evaluate through product context packs.
flow/flow-element-naming-conventions,flow,flow-element-naming-conventions,"Canonical naming conventions for Flow elements (Get_/Update_/Decision_/Loop_/Assignment_), resource variables (var/coll/map/formula/choice/constant/stage/screen), Decision branch outcomes, Stage/Step labels in Orchestrations, Subflow input/output contracts, and fault-path target names. NOT for object or field API naming (use admin/object-creation-and-design) or flow portfolio retirement — use flow/flow-governance.",1.1.0,Spring '25+,false,7,0,Operational Excellence,skills/flow/flow-element-naming-conventions/SKILL.md,be05b80e9be18608b1ab21cf3e8d9f51618221c3adcd7eb25d8131739519439d,retain-knowledge-substrate,false,progressive-on-demand,Do not flatten into always-on host context; preserve package and evaluate through product context packs.
flow/flow-email-and-notifications,flow,flow-email-and-notifications,"Use when sending emails, in-app bell notifications, SMS, or Slack messages from Salesforce Flow. Trigger keywords: 'send email action', 'custom notification', 'bell icon', 'Send Custom Notification', 'SMS from flow', 'Slack notification flow'. NOT for designing or managing email templates from Setup (use admin/email-templates-and-alerts), and NOT for Email Alerts defined in workflow rules.",2.0.0,Spring '25+,false,7,0,Reliability;Operational Excellence;Security,skills/flow/flow-email-and-notifications/SKILL.md,10a8520b2539babef26cd2bc4ee2762dc5ed1c016e2a1feccbeb7bfcbd757306,retain-knowledge-substrate,false,progressive-on-demand,Do not flatten into always-on host context; preserve package and evaluate through product context packs.
flow/flow-error-monitoring,flow,flow-error-monitoring,"Set up monitoring + alerting for Flow runtime errors at org scale: routing fault emails, Flow runtime error reports, custom centralized logging (Application_Log__c), escalation thresholds, and trend detection. Also covers the fault-connector-to-central-log convention every flow follows, the paused and failed interview backlog (FlowInterview InterviewStatus, CurrentElement, PauseLabel), active-vs-latest version drift (FlowDefinitionView IsOutOfDate), triage SLAs and ownership, and how to test the monitoring path itself. Triggers: 'flow error monitoring', 'paused flow interviews backlog', 'FlowDefinitionView IsOutOfDate', 'flow error dashboard shows zero errors', 'who receives flow error emails', 'audit flows with no fault path'. NOT for diagnosing a specific flow error — use flow/flow-runtime-error-diagnosis. NOT for debug-mode setup — use flow/flow-debugging. NOT for designing the fault connector itself — use flow/fault-handling.",1.1.0,Spring '25+,false,18,0,Reliability;Operational Excellence,skills/flow/flow-error-monitoring/SKILL.md,8ad0b64fcbbae258d2afd06d295c541b7795a7494b1314f4cdfde2d1b0277331,retain-knowledge-substrate,false,progressive-on-demand,Do not flatten into always-on host context; preserve package and evaluate through product context packs.
flow/flow-error-notification-patterns,flow,flow-error-notification-patterns,"Use when Flow fault emails are noisy, repeated, going to the wrong person, or need to go somewhere other than email. Fault-path design and error notification for Salesforce Flow — what the default unhandled-fault email contains, when to add a Fault path explicitly, how `$Flow.FaultMessage` works, and how to route errors to a real notification channel (email alert, Apex-published Platform Event, custom log object) instead of the org-default 'apex exception email recipient'. Covers the screen-flow user-visible error vs record-triggered-flow silent failure difference and suppressing noisy expected-rejection paths. Triggers: 'flow keeps sending me error emails', 'too many flow error emails', 'stop flow fault emails', 'change who receives flow error emails', 'route flow errors to Slack or a custom log object', 'apex exception email recipient'. NOT for how to build the Fault connector itself — use flow/fault-handling. NOT for triaging one failure that already happened — use flow/flow-runtime-error-diagnosis.",1.0.0,Spring '25+,false,8,0,Reliability;Operational Excellence,skills/flow/flow-error-notification-patterns/SKILL.md,96e750984ba8b4e38114f873c87cf02b25b9ac0586ec883a4ecd3044d25bb7fd,retain-knowledge-substrate,false,progressive-on-demand,Do not flatten into always-on host context; preserve package and evaluate through product context packs.
flow/flow-external-services,flow,flow-external-services,"Use when calling external REST APIs from Salesforce Flow without writing Apex: registering API specs as External Services, using generated invocable actions in Flow Builder, using Flow's built-in HTTP Callout action (GA Spring '24+), configuring Named Credentials for authentication, mapping inputs/outputs, and handling fault paths. Trigger keywords: 'External Services', 'HTTP Callout action in Flow', 'call REST API from Flow', 'register OpenAPI spec', 'Flow HTTP action'. NOT for writing the callout in Apex — use apex/callouts-and-http-integrations. NOT for shaping a complex JSON response into Flow variables — use flow/flow-apex-defined-types.",1.0.0,Spring '25+,false,7,1,Reliability;Security;Operational Excellence,skills/flow/flow-external-services/SKILL.md,598656d49368e076b1be60785e232ffbe284da5362f3baaccab0d63351c39d78,retain-knowledge-substrate,false,progressive-on-demand,Do not flatten into always-on host context; preserve package and evaluate through product context packs.
flow/flow-for-experience-cloud,flow,flow-for-experience-cloud,"Use when embedding or exposing Salesforce Flows in Experience Cloud, especially for guest or external users, `lightning-flow` usage, site runtime differences, and data-access safety. Triggers: 'flow in experience cloud', 'guest user flow', 'lightning-flow on community page', 'external user flow access', 'LWR flow limitations'. NOT for general Experience Cloud sharing architecture when Flow is not part of the problem - use security/experience-cloud-security.",2.0.0,Spring '25+',false,5,0,User Experience;Security;Reliability,skills/flow/flow-for-experience-cloud/SKILL.md,110fa75eaf52a1c25a062fb8a10180d28e4c4757ee3f8d1c5b8d2b04ff5e7886,retain-knowledge-substrate,false,progressive-on-demand,Do not flatten into always-on host context; preserve package and evaluate through product context packs.
flow/flow-for-slack,flow,flow-for-slack,"Use this skill when using Salesforce Flow Core Actions for Slack to send messages, create/archive channels, add users, check user connectivity, or post a Send Message to Launch Flow button — including the Salesforce for Slack managed package and permission-set prerequisites. Triggers on: Send Slack Message from Flow, Create Slack Channel action in Flow, Flow Core Actions for Slack not visible, Slack actions missing in Flow Builder, add users to Slack channel from Flow. NOT for a Slack-native workflow that calls a Flow FROM Slack — use integration/slack-workflow-builder. NOT for connecting the org to the workspace — use integration/slack-salesforce-integration-setup.",1.0.0,Spring '25+,false,6,0,Reliability;Security,skills/flow/flow-for-slack/SKILL.md,f7828de7913e4e057ec7871c75ad5cfd83394ccc454bd6a579ca09403b535459,retain-knowledge-substrate,false,progressive-on-demand,Do not flatten into always-on host context; preserve package and evaluate through product context packs.
flow/flow-formula-and-expression-patterns,flow,flow-formula-and-expression-patterns,"Author NULL-safe, type-correct, performance-aware Formula resources and condition expressions in Flow: lazy re-evaluation, BLANKVALUE/ISBLANK guards, ISPICKVAL vs =. NOT for record-level formula fields on objects — use admin/formula-fields. NOT for Validation Rule formulas — use admin/validation-rules. Metadata surface: FlowFormula dataType/expression/scale, filterFormula on FlowStart, FlowTextTemplate isViewedAsPlainText, FlowRule conditionLogic, FlowTest assertions.",1.1.0,Spring '25+,false,18,0,Reliability;Performance,skills/flow/flow-formula-and-expression-patterns/SKILL.md,b93bc420abe0c401b69940300a02ffb74b72ab717bad27dfd49ef7b62a5e3ba4,retain-knowledge-substrate,false,progressive-on-demand,Do not flatten into always-on host context; preserve package and evaluate through product context packs.
flow/flow-get-records-optimization,flow,flow-get-records-optimization,"Optimize Get Records in Flow — filters, field selection, sort/limit, caching, avoiding queries in loops. Triggers: get records, flow SOQL, flow query limit. NOT for Apex SOQL tuning — use flow/flow-governor-limits-deep-dive. NOT for loop bulkification failures — use flow/flow-bulkification.",1.0.1,Spring '25+,false,4,2,Performance;Reliability,skills/flow/flow-get-records-optimization/SKILL.md,4101db076a5532503ffbdc738582718a585a6a4dec069cb6fa540969264290d2,retain-knowledge-substrate,false,progressive-on-demand,Do not flatten into always-on host context; preserve package and evaluate through product context packs.
flow/flow-governance,flow,flow-governance,"Use when establishing operational standards for a Salesforce Flow portfolio, including naming conventions, ownership, version discipline, retirement of stale flows, and release readiness checks. Triggers: 'flow naming convention', 'too many old flows', 'who owns this flow', 'flow version governance', 'flow deployed but not active', 'two flows on the same object', 'triggerOrder', 'Flow.settings', 'deploy processes and flows as active', 'paused flow interviews', 'cannot delete flow version', 'flow inventory query'. NOT for element-by-element flow logic design or dedicated fault-handling review - use flow/fault-handling.",2.1.0,Spring '25+',false,14,0,Operational Excellence,skills/flow/flow-governance/SKILL.md,a402f9da0b85963dede509a9e1cbf4cdf8300ee229b3ff278687053ed01a98e9,retain-knowledge-substrate,false,progressive-on-demand,Do not flatten into always-on host context; preserve package and evaluate through product context packs.
flow/flow-governor-limits-deep-dive,flow,flow-governor-limits-deep-dive,"Compute and budget governor-limit consumption per Flow type with worked math: SOQL, DML rows, CPU time, heap. Includes per-entry-point budget tables, cross-automation shared-limit math, and tuning strategies when a flow hits a ceiling. Triggers: 'flow too many SOQL queries 101', 'flow too many DML statements 150', 'which flow element spends which limit', 'FLOW_INTERVIEW_FINISHED_LIMIT_USAGE', 'FLOW_ELEMENT_LIMIT_USAGE', 'flowTransactionModel NewTransaction', 'AsyncAfterCommit scheduled path', 'flow 2000 elements limit', 'flow shares limits with trigger'. NOT for general bulkification — use flow/flow-bulkification. NOT for Apex limits — use apex/governor-limits.",2.0.0,Spring '25+,false,18,0,Performance;Reliability,skills/flow/flow-governor-limits-deep-dive/SKILL.md,e8f9b97b00d1ed1d1341610fd37622f8006d1765625f2e567377e66c63fc4f9d,retain-knowledge-substrate,false,progressive-on-demand,Do not flatten into always-on host context; preserve package and evaluate through product context packs.
flow/flow-http-callout-action,flow,flow-http-callout-action,"Call external HTTP APIs directly from Flow using HTTP Callout actions (no Apex), handling auth, schema, and errors. NOT for registering an OpenAPI spec as an External Service — use flow/flow-external-services. NOT for Apex callout logic and mock tests — use apex/callouts-and-http-integrations.",1.1.0,Spring '25+,false,4,0,Reliability;Operational Excellence,skills/flow/flow-http-callout-action/SKILL.md,7db1be4476b05f5e001e787ec5d5e05a36db12df1e1069ff1c39bd92697ad71f,retain-knowledge-substrate,false,progressive-on-demand,Do not flatten into always-on host context; preserve package and evaluate through product context packs.
flow/flow-interview-debugging,flow,flow-interview-debugging,"Diagnose Flow failures using the Debug Log, Flow Error emails, and the Debug panel; instrument flows so production issues are triageable. NOT for Apex debugging - use apex/salesforce-debug-log-analysis.",1.0.1,Spring '25+,false,4,0,Reliability;Operational Excellence,skills/flow/flow-interview-debugging/SKILL.md,84109662a47ce996a1973b9c09515a93ddbd2f0824ff4d7631b8c55d8c937dc2,retain-knowledge-substrate,false,progressive-on-demand,Do not flatten into always-on host context; preserve package and evaluate through product context packs.
flow/flow-invocable-from-apex,flow,flow-invocable-from-apex,"Author @InvocableMethod Apex classes that Flow can call as Actions. Design the input / output variable contract, bulk semantics (one list in, one list out), null handling, and error surfacing. Also covers the inverse direction: calling a flow from Apex via Flow.Interview. NOT for wiring the action into Flow Builder and mapping flow variables — use flow/flow-action-framework. NOT for exposing the same Apex over REST — use apex/apex-rest-services.",1.0.0,Spring '25+,false,6,0,Reliability;Security;Performance,skills/flow/flow-invocable-from-apex/SKILL.md,cbcd02c4d8672f716b4fb15a4333cbd0150bbd2200a5273a5294419d58f16a71,retain-knowledge-substrate,false,progressive-on-demand,Do not flatten into always-on host context; preserve package and evaluate through product context packs.
flow/flow-large-data-volume-patterns,flow,flow-large-data-volume-patterns,"Use when Flows must stay healthy at large data volumes: total SOQL rows returned per transaction, unbounded Get Records, collection sizing, scheduled or record-triggered scale, and when to cap or move work async. Triggers: 'Too many query rows 50001 flow', 'Get Records returns too many rows', 'LDV flow design', 'flow collection limit', 'record triggered flow production data volume'. NOT for loop and per-iteration query patterns — use flow/flow-bulkification. NOT for Batch Apex jobs — use apex/batch-apex-patterns.",2.0.0,Spring '25+,false,5,1,Performance;Scalability;Reliability;Operational Excellence,skills/flow/flow-large-data-volume-patterns/SKILL.md,06976c72575d4392ed76a584628770325da007849a2d0863c976b892c7a33978,retain-knowledge-substrate,false,progressive-on-demand,Do not flatten into always-on host context; preserve package and evaluate through product context packs.
flow/flow-loop-element-patterns,flow,flow-loop-element-patterns,"Use when reviewing or authoring Flow logic that contains a Loop element — DML-in-loop / SOQL-in-loop refactors, the collect-then-DML idiom, nested loops, and loop-free alternatives (Collection Filter, Transform, Get-with-criteria). Triggers: 'DML inside flow loop', 'Get Records inside loop element', 'Update Records in loop blowing governor limits', 'nested loop in flow', 'Subflow in loop'. NOT for collection elements on their own — use flow/flow-collection-processing. NOT for whole-flow bulk redesign — use flow/flow-bulkification. Also covers: Loop metadata (FlowLoop collectionReference / iterationOrder / nextValueConnector / noMoreValuesConnector), Collection Filter, Sort and Map processors (FlowCollectionProcessor), collection Assignment operators (Add, AssignCount, RemoveAll, RemoveUncommon), and FLOW_LOOP_DETAIL debug-log analysis.",1.1.0,Spring '25+,false,16,0,Reliability;Performance,skills/flow/flow-loop-element-patterns/SKILL.md,1dafe52bad7e44fdc365e0a50b185a8c6614e5424b9946e3bf9c7b2fbdd4706e,retain-knowledge-substrate,false,progressive-on-demand,Do not flatten into always-on host context; preserve package and evaluate through product context packs.
flow/flow-migration-from-trigger,flow,flow-migration-from-trigger,"Decide whether an existing Apex trigger should be rewritten as a Flow, and execute the migration safely. Covers the decision criteria (complexity, ownership, performance), side-by-side rollout, test-coverage. NOT for migrating Process Builder / Workflow Rule to Flow (use those migration skills) — use flow/process-builder-to-flow-migration.",1.0.0,Spring '25+,false,5,0,Reliability;Operational Excellence;Performance,skills/flow/flow-migration-from-trigger/SKILL.md,07606102e086a96ba5cb53d13b52391a4f468283fd6311f512038d4151c2cbe2,retain-knowledge-substrate,false,progressive-on-demand,Do not flatten into always-on host context; preserve package and evaluate through product context packs.
flow/flow-open-a-page-action,flow,flow-open-a-page-action,Use when a Screen Flow needs to send the user to another page — the native Open a Page action (Summer '26) that opens a Salesforce record or an external URL directly from a flow. NOT for launching or embedding a flow — use flow/screen-flows. NOT for a custom navigation LWC — use flow/flow-screen-lwc-components.,1.0.1,Summer '26+,false,5,0,Security;Operational Excellence,skills/flow/flow-open-a-page-action/SKILL.md,cee5a2f88121752c45e1ae60070d9119fdc40ae9f285dfa51cb4203f50ffdfe1,retain-knowledge-substrate,false,progressive-on-demand,Do not flatten into always-on host context; preserve package and evaluate through product context packs.
flow/flow-orchestration-patterns,flow,flow-orchestration-patterns,"Flow Orchestration design patterns — multi-stage, multi-step flows where each step is itself an autolaunched flow or a screen flow assigned to a user / queue, with Work Items appearing in users' inboxes for interactive steps. Covers the stage / step model, interactive vs background steps, evaluation flows that gate stage transitions, work-item assignment (running user / queue / formula-derived user), and the persistence model (orchestrations survive across days / weeks). NOT for a standard Approval Process — use admin/approval-processes. NOT for finding where instances are stuck — use flow/orchestration-flows.",1.0.0,Spring '25+,false,10,0,Reliability;Operational Excellence,skills/flow/flow-orchestration-patterns/SKILL.md,ef6fda0f145410a048ad7297487dd4b3f911e45d004b01911cc7b871b62ee2b9,retain-knowledge-substrate,false,progressive-on-demand,Do not flatten into always-on host context; preserve package and evaluate through product context packs.
flow/flow-performance-optimization,flow,flow-performance-optimization,"Tune Flow runtime performance: pick Before-Save over After-Save, consolidate Get Records, eliminate loop-DML, cache lookups, split with Scheduled Paths, and measure actual runtime. Covers benchmarking methodology, profiling tools, and the 80/20 wins. NOT for governor-limit math — use flow/flow-governor-limits-deep-dive. NOT for LDV strategy — use flow/flow-large-data-volume-patterns.",1.0.1,Spring '25+,false,7,0,Performance;Reliability,skills/flow/flow-performance-optimization/SKILL.md,6abd405151809f481bd99319613c984b81b19daa3ea0cfc640c5a0448667f596,retain-knowledge-substrate,false,progressive-on-demand,Do not flatten into always-on host context; preserve package and evaluate through product context packs.
flow/flow-platform-events-integration,flow,flow-platform-events-integration,"Use when Flow is a Platform Event publisher, subscriber, or both. Triggers: 'publish platform event from flow', 'platform-event-triggered flow', 'high-volume platform event', 'publish after commit vs immediate', 'PE subscriber error handling', 'integration fan-out from save'. NOT for Change Data Capture — use integration/change-data-capture-integration. NOT for async work that needs no pub/sub — use flow/scheduled-flows.",1.0.0,Spring '25+,false,8,0,Reliability;Performance;Security,skills/flow/flow-platform-events-integration/SKILL.md,b20ed8e3d064d56627a4102abbdfd90435216702394820416fa91c162d15f00e,retain-knowledge-substrate,false,progressive-on-demand,Do not flatten into always-on host context; preserve package and evaluate through product context packs.
flow/flow-reactive-screen-components,flow,flow-reactive-screen-components,Build reactive Flow screens where one component updates another without navigation using reactive formulas and component outputs. NOT for Aura-based screens — use flow/flow-screen-input-validation-patterns.,1.1.0,Spring '25+,false,4,0,User Experience,skills/flow/flow-reactive-screen-components/SKILL.md,9771e4d20d18e2ae67c35edf5f048cd5cb3e665194e6374de4192edd752a71fd,retain-knowledge-substrate,false,progressive-on-demand,Do not flatten into always-on host context; preserve package and evaluate through product context packs.
flow/flow-record-locking-and-contention,flow,flow-record-locking-and-contention,"Diagnose and prevent UNABLE_TO_LOCK_ROW + parent-record contention in record-triggered, scheduled, and screen flows by mapping the implicit lock chain and applying decouple patterns (Platform Events, Queueable handoff, Scheduled Paths). NOT for general flow bulkification — see flow-bulkification — use apex/record-locking-and-contention.",1.0.0,Spring '25+,false,7,0,Reliability;Performance,skills/flow/flow-record-locking-and-contention/SKILL.md,6faf10641ec721fdd223298e3a5c4a12b6f56416b4016bc17679582a9f9888bf,retain-knowledge-substrate,false,progressive-on-demand,Do not flatten into always-on host context; preserve package and evaluate through product context packs.
flow/flow-record-save-order-interaction,flow,flow-record-save-order-interaction,"Reason about how record-triggered flows interleave with the Salesforce Save Order (validation, before-save flows, before triggers, duplicate rules, after-save flows, workflow, after triggers, assignment, auto-response, escalation). Trigger keywords: save order, before-save flow, after-save flow, dml order, trigger vs flow order, order of execution step, recursive save, triggerOrder, doesRequireRecordChangedToMeetCriteria, AsyncAfterCommit, FLOW_START_INTERVIEW_BEGIN, stale field after save. NOT for choosing before-save vs after-save for one flow — use flow/record-triggered-flow-patterns. NOT for picking which tool stamps a field on save — use admin/workflow-field-update-patterns.",1.1.0,Spring '25+,false,18,2,Reliability;Operational Excellence,skills/flow/flow-record-save-order-interaction/SKILL.md,c7dd7ee1f439c3657eae8a6b8c9efd1f9f68e00eada8227d5ecce049723e8bd3,retain-knowledge-substrate,false,progressive-on-demand,Do not flatten into always-on host context; preserve package and evaluate through product context packs.
flow/flow-resource-patterns,flow,flow-resource-patterns,"Flow resource types and when to use each: Variables, Collection Variables, Constants, Formulas, Text Templates, Choices, Stages, Picklist Choice Sets, Record Choice Sets. Covers scope, data types, and reuse patterns. Triggers: 'which Flow resource type', 'record choice set or picklist choice set', 'choice collection from records in a Flow' (the choice-set wiring itself is flow/flow-dynamic-choices). NOT for decision elements. NOT for custom metadata (use admin/custom-metadata-types).",1.1.1,Spring '25+,false,7,0,Operational Excellence;Reliability,skills/flow/flow-resource-patterns/SKILL.md,f7f1a20d195be3745e534d3ad808e7950eb4c0d771e9f4cb468d88549555844f,retain-knowledge-substrate,false,progressive-on-demand,Do not flatten into always-on host context; preserve package and evaluate through product context packs.
flow/flow-rollback-patterns,flow,flow-rollback-patterns,"Use the Flow Rollback Records element to undo DML inside the current transaction. Covers when rollback is appropriate vs catastrophic, how to combine with fault paths, partial-commit pitfalls, and the interaction with publish-after-commit. NOT for external-system rollback (use compensation patterns) — use apex/apex-savepoint-and-rollback.",1.0.0,Spring '25+,false,5,0,Reliability;Security,skills/flow/flow-rollback-patterns/SKILL.md,2f773595a0bb82119160d705f9e45b1da2d279367f4914f2f3cacab4f51dab08,retain-knowledge-substrate,false,progressive-on-demand,Do not flatten into always-on host context; preserve package and evaluate through product context packs.
flow/flow-runtime-context-and-sharing,flow,flow-runtime-context-and-sharing,"Flow runtime sharing context — run in user vs system mode, record access in Flow. Triggers: Flow sharing, run in system mode, Flow user context. NOT for Apex sharing declarations — use apex/apex-with-without-sharing-decision.",1.0.0,Spring '25+,false,8,0,Security,skills/flow/flow-runtime-context-and-sharing/SKILL.md,11fa3bba3033f2c8aa27a16b7e9949c813a3b7df77926d6a427018ee3cea02bd,retain-knowledge-substrate,false,progressive-on-demand,Do not flatten into always-on host context; preserve package and evaluate through product context packs.
flow/flow-runtime-error-diagnosis,flow,flow-runtime-error-diagnosis,"Use when a Salesforce Flow throws a runtime error, sends an unhandled fault email, or produces unexpected results in production or sandbox. Triggers: 'Flow error email', 'Flow failed at element', 'null reference in Flow', 'Flow SOQL limit error', 'Flow DML in loop error'. NOT for changing who receives fault emails or suppressing noisy ones — use flow/flow-error-notification-patterns. NOT for designing fault paths before anything fails — use flow/fault-handling. NOT for org-wide error alerting and trends — use flow/flow-error-monitoring.",2.0.0,Spring '25+,false,7,0,Reliability;Operational Excellence,skills/flow/flow-runtime-error-diagnosis/SKILL.md,66ffa454b8e802767aef1421ae209b05caa69dede0724beed77b3ee81f88d137,retain-knowledge-substrate,false,progressive-on-demand,Do not flatten into always-on host context; preserve package and evaluate through product context packs.
flow/flow-screen-input-validation-patterns,flow,flow-screen-input-validation-patterns,"Design input validation inside Screen Flow screens using component-level <validationRule> (formula + errorMessage), isRequired, cross-field rules on the second field, reactive components, and screen-level Decision fallbacks for cross-screen checks. Trigger keywords: screen flow validation rule, EndDate after StartDate validation in flow screen, block Next button until input valid. NOT for record-level Validation Rules — use admin/validation-rules. NOT for choosing screen components or overall screen UX — use flow/screen-flows.",1.0.0,Spring '25+,false,5,0,Reliability;Operational Excellence,skills/flow/flow-screen-input-validation-patterns/SKILL.md,115ede215c535f4370a47c206c4e13887f233c29b7c704c7a8e42a2eb1dc3a4b,retain-knowledge-substrate,false,progressive-on-demand,Do not flatten into always-on host context; preserve package and evaluate through product context packs.
flow/flow-screen-lwc-components,flow,flow-screen-lwc-components,"Design custom Lightning Web Components that render inside Screen Flow steps — covers the lightning__FlowScreen target, @api properties as Flow inputs/outputs, FlowAttributeChangeEvent propagation, FlowNavigationNext/Back/Finish/Pause events, the @api validate() hook, and design-time targetConfig wiring. NOT for the Flow Builder design-time editor that configures it — use flow/flow-custom-property-editors. NOT for the LWC-side implementation deep-dive — use lwc/lwc-in-flow-screens.",1.0.0,Spring '25+,false,6,0,User Experience;Operational Excellence,skills/flow/flow-screen-lwc-components/SKILL.md,a4d454fb1278de66a75352491cee3465a22ef89295fdc71248fa662f46399366,retain-knowledge-substrate,false,progressive-on-demand,Do not flatten into always-on host context; preserve package and evaluate through product context packs.
flow/flow-testing,flow,flow-testing,"Use when defining or reviewing test strategy for Salesforce Flow, including Flow Tests, debug runs, path coverage, test data, and explicit validation of fault paths and custom component behavior. Triggers: 'flow test tool', 'how do i test a flow', 'flow fault path testing', 'flow debug interview'. NOT for Apex unit testing or manual QA planning that is unrelated to Flow behavior — use flow/flow-debugging. Also covers: FlowTest metadata, flowtest-meta.xml, testPoints, Flow.Interview, sf flow run test, flow coverage.",2.1.0,Spring '25+',false,13,0,Reliability;Operational Excellence,skills/flow/flow-testing/SKILL.md,643073d637f6b454b14cc87115354c49b502a05f950803d92be23328e88472e1,retain-knowledge-substrate,false,progressive-on-demand,Do not flatten into always-on host context; preserve package and evaluate through product context packs.
flow/flow-time-based-patterns,flow,flow-time-based-patterns,"Time-based execution in Salesforce Flow — Scheduled Paths in record-triggered flows (delays measured against a record date or trigger fire time), the Wait element in autolaunched / orchestration flows, scheduled flows on a cron-like cadence, the offset semantics (`+N` days vs `-N` days from a date field), requeueing when the source record changes, the time-zone rules that decide when 'tomorrow at 9 AM' actually fires, and the workflow-rule-time-based-action replacement playbook. NOT for tuning Scheduled Path batch size or monitoring Paused Flow Interviews — use admin/scheduled-path-patterns. NOT for scheduling Apex itself — use apex/apex-scheduled-jobs.",1.0.0,Spring '25+,false,8,0,Reliability;Operational Excellence,skills/flow/flow-time-based-patterns/SKILL.md,76a3950afe77db347eab5d8004edbbc35eb9d959fd48ca7172a3a5c76828218e,retain-knowledge-substrate,false,progressive-on-demand,Do not flatten into always-on host context; preserve package and evaluate through product context packs.
flow/flow-transaction-finalizer-patterns,flow,flow-transaction-finalizer-patterns,"Use when a Flow needs to do work that must survive the triggering transaction — post-commit notifications, callouts, audit rows, or compensating actions. Covers Flow Transaction Control element, scheduled paths, Platform Event + finalizer. NOT for general Flow async decisions (see async-selection) — use apex/apex-transaction-finalizers.",1.0.1,Spring '25+,false,5,0,Reliability;Operational Excellence;Scalability,skills/flow/flow-transaction-finalizer-patterns/SKILL.md,375abfbca50cf57f2e5299bd19e23efc63ec665e826a18e0110f3f20a51f0435,retain-knowledge-substrate,false,progressive-on-demand,Do not flatten into always-on host context; preserve package and evaluate through product context packs.
flow/flow-transactional-boundaries,flow,flow-transactional-boundaries,"Reason about when a Flow is inside the caller's transaction vs starts its own. Pick Before-Save vs After-Save vs Async Path vs Pause + Resume when transaction boundaries matter. Covers governor-limit sharing, DML sequencing, recoverability, and the limits that reset when a new transaction starts. NOT for choosing Flow vs Apex (use admin/process-automation-selection) or record-triggered design — use flow/record-triggered-flow-patterns.",1.0.1,Spring '25+,false,7,0,Reliability;Performance;Security,skills/flow/flow-transactional-boundaries/SKILL.md,e3c198d70decd2f2b7099b69ce677d1095d21ea98a59143a84b74c1af1f866cd,retain-knowledge-substrate,false,progressive-on-demand,Do not flatten into always-on host context; preserve package and evaluate through product context packs.
flow/flow-versioning-strategy,flow,flow-versioning-strategy,"Manage Flow versions: activation policy, paused interview compatibility, cleanup cadence, and breaking-change detection. Trigger keywords: flow version management, activate flow version, paused interview, flow cleanup, flow breaking change, flow rollback. NOT for the deploy-time activation order of FlowDefinition metadata — use devops/flow-deployment-activation-ordering. NOT for moving a flow from sandbox to production — use flow/flow-deployment-and-packaging.",1.0.1,Spring '25+,false,5,1,Reliability;Operational Excellence,skills/flow/flow-versioning-strategy/SKILL.md,5c5fab7e97096582305485f27c8e48f98310a0fcdecb142e20297e82c2eba0bc,retain-knowledge-substrate,false,progressive-on-demand,Do not flatten into always-on host context; preserve package and evaluate through product context packs.
flow/orchestration-flows,flow,orchestration-flows,"Use when designing or reviewing Flow Orchestration for long-running, multi-user, or asynchronous business processes with stages, steps, work items, and monitoring needs. Triggers: 'flow orchestration', 'work item', 'stages and steps', 'multi-user process', 'long-running flow'. NOT for stage gating, work-item assignment and the cancel pathway — use flow/flow-orchestration-patterns. NOT for lightweight approval routing that needs no orchestration — use admin/approval-processes.",2.1.0,Spring '25+',false,5,0,Reliability;Scalability;Operational Excellence,skills/flow/orchestration-flows/SKILL.md,d8e36727b08863c2957718ba84dbac657e9254be724899f8e940b6a568af4079,retain-knowledge-substrate,false,progressive-on-demand,Do not flatten into always-on host context; preserve package and evaluate through product context packs.
flow/pause-elements-and-wait-events,flow,pause-elements-and-wait-events,"Use this skill when designing or troubleshooting flows that need to suspend execution and wait for an external signal — either a time-based alarm or a platform event. Trigger keywords: pause element, wait element, paused flow interview. NOT for flows that recur on a fixed schedule (use flow/scheduled-flows) or scheduled-path setup — use flow/flow-time-based-patterns.",1.0.1,Spring '25+,false,7,3,Reliability;Performance;Operational Excellence,skills/flow/pause-elements-and-wait-events/SKILL.md,00209e5286bcb9b41fbe30d91cc54f44e3ab651e3f707e0df353b347f552ec0e,retain-knowledge-substrate,false,progressive-on-demand,Do not flatten into always-on host context; preserve package and evaluate through product context packs.
flow/process-builder-to-flow-migration,flow,process-builder-to-flow-migration,"Migrate Process Builder processes to record-triggered Flows using the native Migrate to Flow tool or manual rebuild. Covers conversion tool usage, pattern mapping, order-of-execution changes, testing migrated flows, and bulk behavior improvements. NOT for Workflow Rule migration — use flow/workflow-rule-to-flow-migration. NOT for designing net-new automation — use admin/process-automation-selection.",1.0.0,Spring '25+,false,8,0,Reliability;Performance;Operational Excellence,skills/flow/process-builder-to-flow-migration/SKILL.md,931cd610fd7b4ee2605b4471b722975234389a4644a90bb413979e0523c90690,retain-knowledge-substrate,false,progressive-on-demand,Do not flatten into always-on host context; preserve package and evaluate through product context packs.
flow/record-triggered-flow-patterns,flow,record-triggered-flow-patterns,"Use when designing or reviewing Salesforce record-triggered Flows, especially before-save vs after-save behavior, entry criteria, recursion avoidance, and when to escalate to Apex. Triggers: 'before save vs after save', '$Record__Prior', 'record-triggered flow', 'order of execution', 'flow recursion', 'triggerOrder', 'doesRequireRecordChangedToMeetCriteria', 'scheduled path', 'RecordBeforeDelete', 'flow-meta.xml', 'FlowTest'. NOT for tracing save order against triggers — use flow/flow-record-save-order-interaction. NOT for bulk-load failures once the trigger model is right — use flow/flow-bulkification.",2.2.0,Spring '25+',false,15,0,Reliability;Scalability;Operational Excellence,skills/flow/record-triggered-flow-patterns/SKILL.md,7b575d69a993b96a3d908cb93ea35e9af773655a0d47331eee86d28fc906a801,retain-knowledge-substrate,false,progressive-on-demand,Do not flatten into always-on host context; preserve package and evaluate through product context packs.
flow/recursion-and-re-entry-prevention,flow,recursion-and-re-entry-prevention,"Use when a record-triggered Flow re-fires on the same record because its own DML (or a downstream Flow's DML) re-satisfies the entry criteria — causing CPU-limit failures, duplicated side effects, or 'Maximum Trigger Depth Exceeded' errors. Triggers: 'flow infinite loop', 'flow re-firing on same record', 'flow updates field then runs again', 'flow A and flow B keep updating each other', 'maximum trigger depth exceeded record-triggered flow', 'flow recursion limit hit'. NOT for Apex trigger recursion (use apex/recursive-trigger-prevention) or for Loop element design inside a single Flow run (use flow/flow-loop-element-patterns).",1.0.0,Spring '25+,false,6,0,Reliability;Performance,skills/flow/recursion-and-re-entry-prevention/SKILL.md,d59e481047130d019eec2e9cfa3393713419685558e397f8feeeea83f32cd412,retain-knowledge-substrate,false,progressive-on-demand,Do not flatten into always-on host context; preserve package and evaluate through product context packs.
flow/scheduled-flow-not-running-debug,flow,scheduled-flow-not-running-debug,"Use when a Schedule-Triggered Flow is configured but is not firing at the expected time, or appears active in Setup → Flows but never produces output. Covers where scheduled flows actually surface (Setup → Scheduled Jobs, NOT Setup → Apex Jobs), the AsyncApexJob / CronTrigger evidence trail, top causes (deactivated scheduling user, daylight-savings transitions, time-zone mismatches between scheduling user and org, fault-paths that quietly stop the schedule, daily async-Apex limit pressure), and recovery steps (re-schedule via Apex, run the flow manually with the same input, switch the scheduling user). Triggers: 'how do I schedule a flow to run every monday', 'scheduled flow not firing', 'flow scheduled but no execution', 'scheduled flow stopped working last week', 'monday 6am scheduled flow did not run after dst change'. NOT for designing a new scheduled flow's record scope or idempotency (use flow/scheduled-flows), NOT for record-triggered Scheduled Paths that don't fire (use flow/flow-time-based-patterns), NOT for general Batch Apex job monitoring (use admin/batch-job-scheduling-and-monitoring).",1.0.0,Spring '25+,false,8,0,Reliability;Operational Excellence,skills/flow/scheduled-flow-not-running-debug/SKILL.md,1ac42b61e48f1b9186eea026fa3e50e17fa48dad99f30916235dea8b6697c857,retain-knowledge-substrate,false,progressive-on-demand,Do not flatten into always-on host context; preserve package and evaluate through product context packs.
flow/scheduled-flows,flow,scheduled-flows,"Use when designing or reviewing schedule-triggered flows for recurring automation, replacement of time-based workflow patterns, bounded record selection, idempotent processing, and escalation to Apex when volume is too high. Triggers: 'scheduled flow design', 'nightly flow job', 'time based workflow replacement', 'schedule triggered flow limits'. NOT for record-triggered scheduled paths — use flow/flow-time-based-patterns. NOT for large-scale batch processing — use apex/batch-apex-patterns.",2.1.0,Spring '25+',false,6,0,Scalability;Reliability;Operational Excellence,skills/flow/scheduled-flows/SKILL.md,55d03c2dac01a8b8fe17108353d92dc7c2a244e93a45e6af0d97afef4bd38a00,retain-knowledge-substrate,false,progressive-on-demand,Do not flatten into always-on host context; preserve package and evaluate through product context packs.
flow/screen-flow-accessibility,flow,screen-flow-accessibility,"Screen Flow accessibility — WCAG 2.2 AA, labels, keyboard, error announcements. Triggers: accessible Screen Flow, Flow WCAG, screen reader Flow. NOT for LWC component a11y inside screens — use lwc/lwc-accessibility.",1.0.1,Spring '25+,false,5,0,User Experience;Security,skills/flow/screen-flow-accessibility/SKILL.md,9f811d87e867e6f20085ccbed891a799ce5ba7a7e5fdd108c7f9fc4217497767,retain-knowledge-substrate,false,progressive-on-demand,Do not flatten into always-on host context; preserve package and evaluate through product context packs.
flow/screen-flow-choice-component-selection,flow,screen-flow-choice-component-selection,"Use when picking which Screen Flow component collects a choice from users — Picklist, Radio Buttons, Radio Button Group (Summer '26), Multi-Select Picklist, Checkbox Group, Choice Lookup, Dependent Picklists, or Data Table — and which Choice resource (Choice, Record Choice Set, Picklist Choice Set) populates it. Covers single- vs multi-select semantics, the Loop/Transform incompatibility of the multi-select components, and set-size/searchability tradeoffs. NOT for building the choice-set resource internals from records or picklist fields (use flow/flow-dynamic-choices), NOT the deep configuration of one component (see flow/screen-flow-radio-button-group, flow/flow-data-tables), and NOT general screen UX, navigation, or input validation (see flow/screen-flows, flow/flow-screen-input-validation-patterns).",1.0.0,Summer '26+,false,5,0,Operational Excellence;Performance,skills/flow/screen-flow-choice-component-selection/SKILL.md,7f8d1c8fb1e9e5e49a16e30934b4b74cdc61c36093eb8d02f49f3fe662becf11,retain-knowledge-substrate,false,progressive-on-demand,Do not flatten into always-on host context; preserve package and evaluate through product context packs.
flow/screen-flow-radio-button-group,flow,screen-flow-radio-button-group,"Use when adding or configuring the Summer '26 Radio Button Group screen component in a Screen Flow — the compact choice input that lays options out as horizontal boxes on desktop and vertical boxes on mobile, single-select by default with a 'Let Users Select Multiple Options' setting that makes it behave as a Checkbox Group. Covers choosing it over traditional Radio Buttons / Picklist / Checkbox Group, wiring its options to a Choice resource or dynamic choice set, and the single-value-vs-collection output contract. NOT for picking which choice component to use — use flow/screen-flow-choice-component-selection. NOT for building the Record / Picklist Choice Set behind it — use flow/flow-dynamic-choices.",1.0.0,Summer '26+,false,5,0,User Experience;Reliability,skills/flow/screen-flow-radio-button-group/SKILL.md,f1dd26e72ffbb2dbb0d64a3ae3d4fb46190099986f8e82db082e6b9d506358a1,retain-knowledge-substrate,false,progressive-on-demand,Do not flatten into always-on host context; preserve package and evaluate through product context packs.
flow/screen-flows,flow,screen-flows,"Use when designing or reviewing interactive Flow screen experiences, including navigation, validation, screen component choice, custom LWC screen components, and user-safe commit timing. Triggers: 'screen flow validation', 'back button behavior in flow', 'custom flow screen component', 'screen flow UX'. NOT for building the custom LWC that renders on a screen — use flow/flow-screen-lwc-components. NOT for per-field validation that blocks Next — use flow/flow-screen-input-validation-patterns.",2.1.0,Spring '25+',false,7,0,User Experience;Reliability;Operational Excellence,skills/flow/screen-flows/SKILL.md,325b13dc3999b121b54f22a04b0a54673771765a88472eda6df49b08118da04f,retain-knowledge-substrate,false,progressive-on-demand,Do not flatten into always-on host context; preserve package and evaluate through product context packs.
flow/subflows-and-reusability,flow,subflows-and-reusability,"Use when extracting reusable Flow logic into subflows, defining input and output variables, keeping parent flows maintainable, and sharing common automation contracts across multiple flows. Triggers: 'reuse this flow logic', 'how should subflow variables work', 'too much duplicated flow logic', 'subflow contract design'. NOT for Apex-called Flow execution — use flow/auto-launched-flow-patterns. NOT for Flow Orchestration process design — use flow/flow-orchestration-patterns.",2.1.0,Spring '25+',false,13,0,Operational Excellence;Scalability;Reliability,skills/flow/subflows-and-reusability/SKILL.md,8934bbf388c58caf998f9c91c8ee1a6d84344bf6f9762af1cc6c9cac190e9477,retain-knowledge-substrate,false,progressive-on-demand,Do not flatten into always-on host context; preserve package and evaluate through product context packs.
flow/workflow-rule-to-flow-migration,flow,workflow-rule-to-flow-migration,"Migrate Workflow Rules to record-triggered Flows: field update mapping, email alert migration, outbound message alternatives using Flow Core Actions, time-based workflow replacement with Scheduled Paths. NOT for Process Builder migration — use flow/process-builder-to-flow-migration. NOT for building the replacement flow from scratch — use flow/record-triggered-flow-patterns.",1.0.0,Spring '25+,false,7,0,Reliability;Operational Excellence,skills/flow/workflow-rule-to-flow-migration/SKILL.md,b6aa85d09533525220f5097e0241dc1b0aebae7c4e63bcdb09d17bc72d012eac,retain-knowledge-substrate,false,progressive-on-demand,Do not flatten into always-on host context; preserve package and evaluate through product context packs.
integration/api-error-handling-design,integration,api-error-handling-design,"Designing HTTP error classification, RFC 7807-style error payload structure, and client-side error parsing for Salesforce REST/SOAP integrations and custom Apex REST endpoints. Use when deciding which HTTP status codes an endpoint returns and how callers classify them. NOT for retry mechanics or circuit breakers (use integration/retry-and-backoff-patterns) — use architect/integration-framework-design.",1.0.1,Spring '25+,false,6,2,Reliability;Operational Excellence,skills/integration/api-error-handling-design/SKILL.md,66b26ada20546c0fbf5b136bf5009ca1a961dd0239f0f76ff0e40247534b21fe,retain-knowledge-substrate,false,progressive-on-demand,Do not flatten into always-on host context; preserve package and evaluate through product context packs.
integration/api-governance-and-rate-limits,integration,api-governance-and-rate-limits,"Monitor and govern Salesforce API consumption: per-user limits, org allocation, lightning-rest limits, and backoff. NOT for designing new endpoints — use security/api-security-and-rate-limiting.",1.1.0,Spring '25+,false,4,0,Reliability;Operational Excellence,skills/integration/api-governance-and-rate-limits/SKILL.md,7a95f5595ad6b17e10aa7a33b3103a1f75b2edc5dbe35fc60fe1707805003f14,retain-knowledge-substrate,false,progressive-on-demand,Do not flatten into always-on host context; preserve package and evaluate through product context packs.
integration/api-led-connectivity,integration,api-led-connectivity,"Use when designing a multi-system integration architecture on the three-layer API-led connectivity pattern (System, Process, Experience APIs), deciding how many layers to apply, mapping Salesforce as a system-layer endpoint or experience-layer consumer, or how Agentforce and MuleSoft Agent Fabric use API-led patterns. Triggers: 'API-led connectivity', 'system API process API experience API', 'MuleSoft integration layers', 'application network'. NOT for governing the API platform itself — catalog, versioning, deprecation policy, rate limits, multi-consumer strategy — use architect/api-led-connectivity-architecture. NOT for picking an iPaaS vendor or deciding whether you need middleware at all — use integration/middleware-integration-patterns.",1.0.0,Spring '25+,false,8,3,Scalability;Reliability;Security,skills/integration/api-led-connectivity/SKILL.md,3baa090c4baafd9c838a7ff4bc59920a49dda530cb1e10a051bddec235819b4e,retain-knowledge-substrate,false,progressive-on-demand,Do not flatten into always-on host context; preserve package and evaluate through product context packs.
integration/api-versioning-strategy,integration,api-versioning-strategy,"Design versioning for custom Apex REST endpoints: URI versioning, backward compatibility, deprecation sunset. NOT for consuming external APIs — use apex/apex-rest-services.",1.1.0,Spring '25+,false,4,0,Reliability;Operational Excellence,skills/integration/api-versioning-strategy/SKILL.md,c40d2a00d5af80959d58feafd3524554ee9a227b5bcfa69aa23729ecb4e51ddf,retain-knowledge-substrate,false,progressive-on-demand,Do not flatten into always-on host context; preserve package and evaluate through product context packs.
integration/automotive-cloud-setup,integration,automotive-cloud-setup,"Use this skill when setting up or extending Salesforce Automotive Cloud — including the Vehicle / VehicleDefinition data model, dealer-OEM relationship modeling via AccountAccountRelation, ActionableEvent orchestration. NOT for general Sales Cloud opportunity work on a vehicle product (use admin/opportunity-management) — use architect/industries-data-model.",1.0.1,Spring '25+,false,8,0,Reliability;Scalability,skills/integration/automotive-cloud-setup/SKILL.md,b3579fec52dcaf91cf4f5f6095c1a0b5954bda208b60b81bf10432af42f580ff,retain-knowledge-substrate,false,progressive-on-demand,Do not flatten into always-on host context; preserve package and evaluate through product context packs.
integration/aws-salesforce-patterns,integration,aws-salesforce-patterns,"AWS integration patterns for Salesforce — pick between Amazon AppFlow, Event Relay → EventBridge, Amazon S3 ingestion paths, and direct Apex → Lambda callouts. Decision matrix + AppFlow deep dive (Salesforce as source / destination, OAuth Authorization-Code vs JWT, REST vs Bulk 2.0 API, 15 GB / run cap). NOT for Azure — use integration/azure-salesforce-patterns. NOT for Event Relay setup steps — use integration/event-relay-configuration.",1.0.0,Spring '25+,false,6,0,Security;Reliability;Operational Excellence,skills/integration/aws-salesforce-patterns/SKILL.md,281bca1bfca1078d8064811bc9b97397fbc11bb336b6f1fc980014dbca2b4996,retain-knowledge-substrate,false,progressive-on-demand,Do not flatten into always-on host context; preserve package and evaluate through product context packs.
integration/azure-salesforce-patterns,integration,azure-salesforce-patterns,"Azure integration patterns for Salesforce — pick between the native Azure Service Bus Connector, Azure Functions / API Management as the callout target, Data 360 (Data Cloud) Azure Blob Storage ingestion, Azure AD as IdP via SAML/OIDC, and the Power Platform Salesforce connector. Decision matrix + auth model guidance (Named Credentials with External Credentials, OAuth 2.0 client-credentials, JWT Bearer, SAML). NOT for AWS — use integration/aws-salesforce-patterns. NOT for point-to-point vs hub-and-spoke — use admin/integration-pattern-selection.",1.0.0,Spring '25+,false,6,0,Security;Reliability;Operational Excellence,skills/integration/azure-salesforce-patterns/SKILL.md,0aea2081bd93e15e8772c32ea24a32b331069e6ef0869df906d2d7f28240e7ff,retain-knowledge-substrate,false,progressive-on-demand,Do not flatten into always-on host context; preserve package and evaluate through product context packs.
integration/bulk-api-2-patterns,integration,bulk-api-2-patterns,"Use when designing or hardening external-to-Salesforce integrations that orchestrate Bulk API 2.0 ingest or query jobs: OAuth-backed job lifecycle, mandatory UploadComplete, polling JobComplete/Failed, CSV upload sizing, locator pagination for query results, partial-failure retry, and ordered multi-job loads (parent before child). Trigger keywords: bulk ingest job stuck in Open, retry only failed bulk rows, poll Bulk API 2 job status, Sforce-Locator pagination, multipart bulk ingest vs CSV upload. NOT for Bulk API 1.0 SOAP jobs (use data/bulk-api-patterns v1 sections), NOT for choosing batch vs real-time architecture alone (use integration/real-time-vs-batch-integration), NOT for low-level REST field/csv mechanics without integration context (use data/bulk-api-patterns).",1.0.0,Spring '25+,false,5,2,Reliability;Scalability;Operational Excellence;Security,skills/integration/bulk-api-2-patterns/SKILL.md,59bef35995715c9da94cd7548cb6783306b932ad412afd05b5027eeef73d7949,retain-knowledge-substrate,false,progressive-on-demand,Do not flatten into always-on host context; preserve package and evaluate through product context packs.
integration/callout-limits-and-async-patterns,integration,callout-limits-and-async-patterns,"Use when designing or troubleshooting Apex callouts that approach governor limits: choosing between synchronous callouts, @future, Queueable, Continuation, or async chaining strategies. NOT for the @future rules themselves — primitive-only parameters, no chaining, the 50-per-transaction cap — use apex/apex-future-method-patterns. NOT for building the HttpRequest, handling the response, or mocking the callout in tests — use apex/callouts-and-http-integrations. NOT for configuring the Named Credential or External Credential itself — use integration/named-credentials-setup.",1.0.0,Spring '25+,false,5,0,Reliability;Scalability,skills/integration/callout-limits-and-async-patterns/SKILL.md,795eb3de8de5d75be455a18e3b04221249012d158c799ede4c91b0b028604d00,retain-knowledge-substrate,false,progressive-on-demand,Do not flatten into always-on host context; preserve package and evaluate through product context packs.
integration/change-data-capture-integration,integration,change-data-capture-integration,"Use this skill when setting up CDC to stream Salesforce record changes to external systems via CometD or Pub/Sub API. Covers change event channels, entity selection, event structure, replay ID management, gap events, and subscriber management. NOT for Apex CDC trigger subscribers (see apex/platform-events-apex). NOT for publishing custom business events (use integration/platform-events-integration).",1.0.0,Spring '25+,false,5,0,Reliability;Scalability,skills/integration/change-data-capture-integration/SKILL.md,6c140d459f85153e67da62943a8cf4690842578ccb95f65a3a0cf76dfa4b1d7c,retain-knowledge-substrate,false,progressive-on-demand,Do not flatten into always-on host context; preserve package and evaluate through product context packs.
integration/composite-api-patterns,integration,composite-api-patterns,"Use when designing, implementing, or troubleshooting Salesforce Composite API requests — covering the /composite/ resource with cross-subrequest referenceId wiring, /composite/sobjects/ bulk CRUD, /composite/tree/ hierarchical inserts, and /composite/batch/ independent subrequest bundling. Triggers: 'composite API', 'sObject Tree', 'sObject Collection', 'composite batch', 'subrequest', 'referenceId', 'allOrNone', 'parent child insert one call', 'bulk CRUD same object', 'batch API requests'. NOT for a single REST call, SOQL query pagination, or API rate limits — use integration/rest-api-patterns. NOT for loading or extracting tens of thousands of records — use integration/bulk-api-2-patterns.",1.0.0,Spring '25+,false,6,0,Scalability;Reliability,skills/integration/composite-api-patterns/SKILL.md,63847bc72675fc98404f6ac75655e86ff4f00a27b7106d81709fb9498ba24f6d,retain-knowledge-substrate,false,progressive-on-demand,Do not flatten into always-on host context; preserve package and evaluate through product context packs.
integration/connect-rest-api-patterns,integration,connect-rest-api-patterns,"Use Connect REST API for Chatter, feeds, communities, and CMS content instead of querying underlying SObjects. NOT for custom business object CRUD — use integration/graphql-api-patterns.",1.1.0,Spring '25+,false,4,0,Reliability;Performance,skills/integration/connect-rest-api-patterns/SKILL.md,751ec99e0925778dfcbeaeb5b3ce99d72bf33696f4842e18e343ab1772ae8aff,retain-knowledge-substrate,false,progressive-on-demand,Do not flatten into always-on host context; preserve package and evaluate through product context packs.
integration/data-cloud-activation-development,integration,data-cloud-activation-development,"Use this skill when building developer-driven Data Cloud activation surfaces: webhook Data Action Targets with HMAC-SHA256 signing, Salesforce Platform Event data actions, Data Cloud-Triggered Flows on DMO insert. NOT for standard admin-level Activation Targets (SFTP, ad platform segment publishing) — use admin/data-cloud-segmentation. NOT for receiving webhooks into Salesforce — use integration/webhook-inbound-patterns.",1.0.1,Spring '25+,false,5,0,Security;Reliability,skills/integration/data-cloud-activation-development/SKILL.md,6575d99dc4b018732c78d551283748b7987d75537cdb59821c9ec2b02fc9dc00,retain-knowledge-substrate,false,progressive-on-demand,Do not flatten into always-on host context; preserve package and evaluate through product context packs.
integration/data-cloud-ingestion-api,integration,data-cloud-ingestion-api,"Use when implementing or troubleshooting the Salesforce Data Cloud Ingestion API — covers streaming ingestion (near-real-time micro-batches), bulk ingestion (CSV-based full-replace jobs), schema management in OpenAPI. NOT for standard Salesforce Bulk API, CRM Analytics data import, or Data Cloud data stre — use integration/bulk-api-2-patterns.",1.0.0,Spring '25+,false,5,0,Reliability;Security;Operational Excellence,skills/integration/data-cloud-ingestion-api/SKILL.md,20d139870f68198916ec7e09dc94c6c968f02a1714db95093607db83bac33dee,retain-knowledge-substrate,false,progressive-on-demand,Do not flatten into always-on host context; preserve package and evaluate through product context packs.
integration/data-cloud-integration-strategy,integration,data-cloud-integration-strategy,"Use this skill when designing or troubleshooting the data pipeline strategy for connecting source systems to Data Cloud — including ingestion API pattern selection (streaming vs. batch), connector type decisions. NOT for standard Salesforce integration patterns (use integration-patterns skill), not f — use data/data-cloud-data-streams.",1.0.0,Spring '25+,false,5,0,Performance;Reliability;Scalability,skills/integration/data-cloud-integration-strategy/SKILL.md,dd071ad09a6615bbeb7d8a828c18f60b05f15c66efcee457f73cb1838aebd24a,retain-knowledge-substrate,false,progressive-on-demand,Do not flatten into always-on host context; preserve package and evaluate through product context packs.
integration/data-cloud-query-api,integration,data-cloud-query-api,"Use this skill when querying unified profile data, calculated insights, or Data Lake Objects from Data Cloud using ANSI SQL via the Query V2 or Query Connect APIs. Triggers on: SQL queries against Data Cloud, querying. NOT for SOQL against standard objects, Data Cloud segment filtering in the UI, or vector search — use data/data-cloud-data-streams.",1.1.1,Spring '25+,false,7,0,Security;Performance,skills/integration/data-cloud-query-api/SKILL.md,f617ae7a38fc5482027b89ed105a8ae3ca3390a1f4121c7039a715f80a797f41,retain-knowledge-substrate,false,progressive-on-demand,Do not flatten into always-on host context; preserve package and evaluate through product context packs.
integration/data-cloud-zero-copy-federation,integration,data-cloud-zero-copy-federation,"Use this skill when configuring or troubleshooting Data Cloud Zero Copy / Lakehouse Federation against Snowflake, Databricks, BigQuery, or Redshift — including external Data Lake Object setup, query semantics, refresh/cache behavior, and federation versus physical ingestion. NOT for physical Ingestion API streaming/bulk — use integration/data-cloud-integration-strategy. NOT for CRM Analytics external connectors — use data/analytics-external-data. NOT for outbound Data Cloud activation — use integration/data-cloud-activation-development.",1.0.0,Spring '25+,false,5,0,Performance;Security;Scalability,skills/integration/data-cloud-zero-copy-federation/SKILL.md,40bd0f7a7198042b825d38fe90a66974d7b8d4d311f0a33bcc04deab4c9e10d6,retain-knowledge-substrate,false,progressive-on-demand,Do not flatten into always-on host context; preserve package and evaluate through product context packs.
integration/dataweave-for-apex,integration,dataweave-for-apex,"Use when transforming structured data inside Apex — CSV → JSON, XML → SObject list, JSON → flattened CSV, or schema-mapping a third-party payload to a Salesforce model — and the existing options (`JSON.deserialize`, `Dom.Document` traversal) are too fragile. NOT for MuleSoft Anypoint DataWeave running off-platform (use architect/mulesoft-anypoint-architecture) — use apex/apex-json-serialization.",1.0.1,Summer '24+,false,6,0,Performance;Reliability,skills/integration/dataweave-for-apex/SKILL.md,8663de46748cce4f28cc6bf5cd3cced72a8eafffe621ac4a4883acca4f8f26ba,retain-knowledge-substrate,false,progressive-on-demand,Do not flatten into always-on host context; preserve package and evaluate through product context packs.
integration/error-handling-in-integrations,integration,error-handling-in-integrations,"Use this skill to design orchestration-layer error handling for Salesforce integrations — covering Platform Event replay recovery, dead-letter queue routing, cross-channel error notification patterns, circuit breaker design, and trigger suspension recovery. Triggers: integration error handling, Platform Event retry, integration dead letter queue, circuit breaker. NOT for Apex exception handling — use apex/exception-handling. NOT for HTTP error response contracts — use integration/api-error-handling-design. NOT for retry backoff patterns — use integration/retry-and-backoff-patterns.",1.0.0,Spring '25+,false,6,0,Reliability;Operational Excellence,skills/integration/error-handling-in-integrations/SKILL.md,bc37354d9cd6791866683c93fa9ef3de4ba6b533a6834241a36eaa5eee29499d,retain-knowledge-substrate,false,progressive-on-demand,Do not flatten into always-on host context; preserve package and evaluate through product context packs.
integration/event-driven-architecture-patterns,integration,event-driven-architecture-patterns,"Use when choosing between Salesforce event-driven mechanisms — Platform Events, Change Data Capture (CDC), Streaming API (PushTopic), and Outbound Messages — to determine which pattern fits a given integration requirement. Triggers: platform events vs CDC, choose event pattern, streaming API vs platform events. NOT for implementing a single pattern — use integration/platform-events-integration, integration/change-data-capture-integration, or integration/streaming-api-and-pushtopic.",1.0.0,Spring '25+,false,5,0,Reliability;Operational Excellence;Scalability,skills/integration/event-driven-architecture-patterns/SKILL.md,fd8661864fde8a071548dcfce06d09ab70d8f49ea3a5acb6d7f00dca4a6853bb,retain-knowledge-substrate,false,progressive-on-demand,Do not flatten into always-on host context; preserve package and evaluate through product context packs.
integration/event-relay-configuration,integration,event-relay-configuration,"Use when forwarding Salesforce Platform Events or Change Data Capture to AWS EventBridge via Event Relay. Covers Named Credential + Connection setup, channel selection, event filter design, replay handling. NOT for consuming external events in Salesforce (see pub-sub-api or salesforce-connect) — use integration/aws-salesforce-patterns.",1.0.1,Spring '25+,false,5,0,Security;Reliability;Operational Excellence,skills/integration/event-relay-configuration/SKILL.md,8c29cf9b1cb0f4f0d3301232be9baf1bbd83834c2b03b529bd44a6755a27a5b9,retain-knowledge-substrate,false,progressive-on-demand,Do not flatten into always-on host context; preserve package and evaluate through product context packs.
integration/file-and-document-integration,integration,file-and-document-integration,"Use when uploading, downloading, managing, or integrating files and documents with Salesforce — covering ContentVersion/ContentDocument, REST multipart uploads, base64 inserts, Files Connect for external storage. NOT for Bulk API data loads, Chatter feed post content, email attachment handling via Em — use security/file-upload-virus-scanning.",1.0.0,Spring '25+,false,6,0,Security;Reliability;Scalability,skills/integration/file-and-document-integration/SKILL.md,6b5012b9691bbf2ef07d7af5b51a85279a47c9a823385a798a3063c442715711,retain-knowledge-substrate,false,progressive-on-demand,Do not flatten into always-on host context; preserve package and evaluate through product context packs.
integration/graphql-api-patterns,integration,graphql-api-patterns,"Use when designing or reviewing Salesforce GraphQL API usage, especially endpoint selection, field shaping, connection-based pagination, LWC wire adapters, and GraphQL vs REST tradeoffs. Triggers: 'GraphQL API'. NOT for building a custom GraphQL server or for generic REST integration design with no  — use integration/rest-api-patterns.",1.0.0,Spring '25+',false,6,0,Performance;Reliability,skills/integration/graphql-api-patterns/SKILL.md,57e973c852f6b605129aa9338a2cfc43a0aa105b2d38f7903f9714fb22052965,retain-knowledge-substrate,false,progressive-on-demand,Do not flatten into always-on host context; preserve package and evaluate through product context packs.
integration/heroku-salesforce-integration,integration,heroku-salesforce-integration,"Heroku ↔ Salesforce integration paths — Heroku Connect (Postgres bidirectional sync), Heroku AppLink (expose Heroku APIs to Flow / Apex / Agentforce), Heroku External Objects (Salesforce Connect oData), Platform Events, REST API in either direction, and Salesforce Canvas for UI. NOT for AWS integration — use integration/aws-salesforce-patterns.",1.0.1,Spring '25+,false,6,0,Reliability;Security;Operational Excellence,skills/integration/heroku-salesforce-integration/SKILL.md,15e956da8ac814b078df717ec017ee14a4880e309dda2b0738fb98ee698f98c6,retain-knowledge-substrate,false,progressive-on-demand,Do not flatten into always-on host context; preserve package and evaluate through product context packs.
integration/idempotent-integration-patterns,integration,idempotent-integration-patterns,"Use when designing retry-safe integrations with Salesforce — including external ID upsert strategies, idempotency key management for inbound calls, Platform Event replay safety, and Outbound Message retry handling. NOT for stopping duplicate records users create, via matching and duplicate rules — use admin/duplicate-management. NOT for the retry schedule itself — exponential backoff, jitter, circuit breaker — use integration/retry-and-backoff-patterns.",1.0.0,Spring '25+,false,5,0,Reliability;Security,skills/integration/idempotent-integration-patterns/SKILL.md,47cbb4664bbeaec2a32b1ddfee39cdbf35989d58041e24cf1152f522ddb14c8e,retain-knowledge-substrate,false,progressive-on-demand,Do not flatten into always-on host context; preserve package and evaluate through product context packs.
integration/loyalty-management-setup,integration,loyalty-management-setup,"Use this skill when setting up or extending Salesforce Loyalty Management — including program and currency creation, tier group design, qualifying vs. non-qualifying point currency separation, DPE batch job. NOT for Marketing Cloud engagement program design or B2B loyalty via Sales Cloud — use architect/loyalty-program-architecture.",1.0.1,Spring '25+,false,8,0,Reliability;Scalability,skills/integration/loyalty-management-setup/SKILL.md,4f59f9b80b997cbb9259d71e8ca8e594bf2a81b92bf1a106041497d0a5b7dfa3,retain-knowledge-substrate,false,progressive-on-demand,Do not flatten into always-on host context; preserve package and evaluate through product context packs.
integration/manufacturing-cloud-setup,integration,manufacturing-cloud-setup,"Use this skill when configuring Salesforce Manufacturing Cloud — including Sales Agreement setup, Account-Based Forecasting (ABF) recalc jobs, run-rate management, Rebate Management programs, channel inventory tracking. NOT for general Sales Cloud opportunity-to-order flow (use standard Opportunity / Order) — use admin/rebate-management-setup.",1.0.0,Spring '25+,false,5,0,Reliability;Scalability,skills/integration/manufacturing-cloud-setup/SKILL.md,c2714114c0a3f4512ffd2e51ac75b28189a7652df4371faa14b413d49ad52c8b,retain-knowledge-substrate,false,progressive-on-demand,Do not flatten into always-on host context; preserve package and evaluate through product context packs.
integration/middleware-integration-patterns,integration,middleware-integration-patterns,"Use when selecting or comparing middleware / iPaaS tools (MuleSoft, Dell Boomi, Workato, Informatica) for Salesforce connectivity, or when determining whether a scenario requires middleware at all versus native Salesforce capabilities. Triggers: 'which iPaaS should I use', 'MuleSoft vs Boomi vs Workato', 'when do I need middleware for Salesforce'. NOT for MuleSoft Anypoint Salesforce Connector configuration — use integration/mulesoft-salesforce-connector. NOT for API-led connectivity layer design — use integration/api-led-connectivity.",1.0.0,Spring '25+,false,7,4,Reliability;Scalability;Security;Operational Excellence,skills/integration/middleware-integration-patterns/SKILL.md,1ae15fa0b2e8ef35a82c7fc23ad907e0c22bf454a60b796cf324acf28d77dc21,retain-knowledge-substrate,false,progressive-on-demand,Do not flatten into always-on host context; preserve package and evaluate through product context packs.
integration/mulesoft-salesforce-connector,integration,mulesoft-salesforce-connector,"Designing and configuring MuleSoft Anypoint Salesforce Connector flows: API selection (SOAP/REST/Bulk/Streaming), OAuth 2.0 JWT Bearer auth, watermark-based incremental sync with Object Store, batch processing with record-level error isolation. NOT for native Salesforce-to-Salesforce integration without MuleSoft — use integration/platform-events-integration or integration/change-data-capture-integration. NOT for generic REST callouts from Apex — use integration/rest-api-patterns.",1.0.0,Spring '25+,false,6,3,Security;Reliability;Performance,skills/integration/mulesoft-salesforce-connector/SKILL.md,172bef12c187402c1f4f397dc937fb79d9bdbb50de1414acfd7b31d80ce13d70,retain-knowledge-substrate,false,progressive-on-demand,Do not flatten into always-on host context; preserve package and evaluate through product context packs.
integration/mutual-tls-callouts,integration,mutual-tls-callouts,Configure mTLS for Apex callouts using Named Credentials with client certificate authentication. NOT for standard TLS or API key auth — use architect/integration-security-architecture.,1.1.0,Spring '25+,false,4,0,Security;Reliability,skills/integration/mutual-tls-callouts/SKILL.md,bc1704ea120c5ded5a22fde906fcd0c59afeb61467032d5812fe19a827e37fb7,retain-knowledge-substrate,false,progressive-on-demand,Do not flatten into always-on host context; preserve package and evaluate through product context packs.
integration/named-credentials-setup,integration,named-credentials-setup,"Named Credentials and External Credentials configuration for secure outbound callouts: per-user vs per-org authentication, legacy vs enhanced Named Credentials, external credential principal types (Named Principal, Per User, Anonymous), OAuth 2.0 and JWT flows, and credential deployment. NOT for the Apex callout code — use apex/apex-named-credentials-patterns. NOT for connected app setup — use admin/connected-apps-and-auth.",1.0.0,Spring '25+,false,6,0,Security;Operational Excellence,skills/integration/named-credentials-setup/SKILL.md,c98e1fbeb0084e0426854dfd3c34fb030e5e9dcacbe39699eee748b8b38d9f1f,retain-knowledge-substrate,false,progressive-on-demand,Do not flatten into always-on host context; preserve package and evaluate through product context packs.
integration/net-zero-cloud-setup,integration,net-zero-cloud-setup,"Use this skill when configuring Salesforce Net Zero Cloud — Scope 1/2/3 emission source modeling via the StnryAssetCrbnFtprnt / VehicleAssetCrbnFtprnt / Scope3CrbnFtprnt object families, emission factor library setup (EmssnFctr / EmssnFctrSet), DPE-driven carbon calculation jobs, supplier engagement scoring, and CSRD / ESRS / TCFD disclosure pack mapping. Triggers on: Net Zero Cloud setup, Sustainability Cloud carbon accounting, Scope 1 2 3 emissions Salesforce, emission factor library, supplier engagement Net Zero, ESG disclosure pack mapping. NOT for running the ESRS / CSRD / SASB / GRI / CDP report builders or the double-materiality assessment that produces the actual disclosure — use integration/sustainability-reporting.",1.0.0,Spring '25+,false,6,0,Reliability;Security,skills/integration/net-zero-cloud-setup/SKILL.md,9d7be7b49d7446b3391591d4e0fe03f34830f84ec30718db5c5a339384bb588f,retain-knowledge-substrate,false,progressive-on-demand,Do not flatten into always-on host context; preserve package and evaluate through product context packs.
integration/oauth-flows-and-connected-apps,integration,oauth-flows-and-connected-apps,"Use when choosing or reviewing Salesforce OAuth flows and connected-app policy for integrations, including client credentials, JWT bearer, authorization code, device flow, scopes, and token lifecycle controls. Triggers: 'OAuth flow', 'connected app', 'client credentials', 'JWT bearer', 'refresh token', 'integration user'. NOT for creating and configuring the connected app or External Client App itself in Setup — use admin/connected-apps-and-auth. NOT for wiring the Named Credential and External Credential that carry the chosen flow — use integration/named-credentials-setup. NOT for a live token failure such as invalid_grant after refresh, or token rotation and revocation — use security/oauth-token-management.",1.0.0,Spring '25+',false,5,0,Security;Reliability,skills/integration/oauth-flows-and-connected-apps/SKILL.md,2d96c62c5ea0196ad96ec83ac5191af244496d1aafca726df0c00edb12d0ee51,retain-knowledge-substrate,false,progressive-on-demand,Do not flatten into always-on host context; preserve package and evaluate through product context packs.
integration/outbound-messages-and-callbacks,integration,outbound-messages-and-callbacks,"Use when implementing or troubleshooting Salesforce Outbound Messages — the workflow-triggered SOAP notification that pushes record field values to an external HTTPS endpoint, plus the listener's SOAP acknowledgment and the session-ID callback pattern. Trigger keywords: outbound message not delivering, configure outbound message endpoint, SOAP callback from Salesforce, workflow rule sends notification to external system, outbound message retry loop, acknowledgment SOAP response, session ID in outbound message. NOT for pushing JSON to a REST endpoint or a Flow/Apex-triggered push — use integration/outbound-webhook-from-salesforce. NOT for deciding between Outbound Messages, Platform Events and CDC in the first place — use integration/event-driven-architecture-patterns.",1.0.0,Spring '25+,false,7,1,Reliability;Security;Operational Excellence,skills/integration/outbound-messages-and-callbacks/SKILL.md,142e687751a9abe49587a4a375feb1426cc0e6c7ac85ba178887087d2da0fc03,retain-knowledge-substrate,false,progressive-on-demand,Do not flatten into always-on host context; preserve package and evaluate through product context packs.
integration/outbound-webhook-from-salesforce,integration,outbound-webhook-from-salesforce,"Use when Salesforce must POST a webhook to a third-party endpoint after a record change — with signed payloads, retries, dead-lettering, rate limits, and idempotency. Covers design choice between Outbound Message, Flow HTTP Callout, Apex Queueable callout, and Event Relay. NOT for receiving a webhook INTO Salesforce from an external system — use integration/webhook-inbound-patterns. NOT for the Workflow-triggered SOAP Outbound Message and its listener contract — use integration/outbound-messages-and-callbacks.",1.0.1,Spring '25+,false,5,0,Reliability;Security;Operational Excellence,skills/integration/outbound-webhook-from-salesforce/SKILL.md,3f5bc9cb95eac69378bd1d7b85cf46062ff81f99832deb6a8c979a6d2713e54b,retain-knowledge-substrate,false,progressive-on-demand,Do not flatten into always-on host context; preserve package and evaluate through product context packs.
integration/platform-event-publish-patterns,integration,platform-event-publish-patterns,"Publishing Platform Events: EventBus.publish, PublishBehavior (PublishImmediately vs PublishAfterCommit), high-volume events, event allocation, publish failures, Change Data Capture comparison. NOT for consuming events in Apex — use apex/platform-events-apex. NOT for CDC events — use integration/change-data-capture-integration.",1.1.0,Spring '25+,false,6,0,Reliability;Scalability,skills/integration/platform-event-publish-patterns/SKILL.md,8b40985cc7da94424d6f24fe6740d6a25b9a32609913c064f16e9e8794f99044,retain-knowledge-substrate,false,progressive-on-demand,Do not flatten into always-on host context; preserve package and evaluate through product context packs.
integration/platform-event-schema-evolution,integration,platform-event-schema-evolution,"Use when modifying the schema of a Platform Event that already has live publishers and subscribers — adding fields, deprecating fields, or splitting events. Triggers: 'add field to platform event without breaking subscribers', 'platform event versioning', 'evolve event schema safely', 'rename a field on a published event'. NOT for initial event design (use integration/platform-events-integration) or for Change Data Capture event schemas.",1.0.0,Spring '25+,false,5,0,Reliability;Operational Excellence,skills/integration/platform-event-schema-evolution/SKILL.md,a9f91d43e5fe9bcce6f7a051e505307974ce83aefcf7aa4865ac9cc682754999,retain-knowledge-substrate,false,progressive-on-demand,Do not flatten into always-on host context; preserve package and evaluate through product context packs.
integration/platform-events-integration,integration,platform-events-integration,"Use when publishing Platform Events from external systems via REST API, subscribing to Platform Events from outside Salesforce via CometD or Pub/Sub API, designing replay ID strategy for durable external consumers, or handling high-volume event delivery guarantees. Trigger keywords: 'external publish platform event', 'CometD subscribe', 'Pub/Sub API', 'replay ID external', 'durable subscription', 'RetainUntilDate'. NOT for publishing or subscribing inside the org from Apex — use apex/platform-events-apex. NOT for streaming record changes rather than custom events — use integration/change-data-capture-integration.",1.0.0,Spring '25+,false,6,0,Reliability;Scalability;Operational Excellence,skills/integration/platform-events-integration/SKILL.md,610906b9f55e0efca4d0d753a37f9e3f1773eca14b31a77f9ec95efe4bc942a1,retain-knowledge-substrate,false,progressive-on-demand,Do not flatten into always-on host context; preserve package and evaluate through product context packs.
integration/private-connect-setup,integration,private-connect-setup,Configure Private Connect between Salesforce and AWS/Azure for traffic to stay on private networks. NOT for standard internet callouts — use architect/hybrid-integration-architecture.,1.1.0,Spring '25+,false,4,0,Security;Performance,skills/integration/private-connect-setup/SKILL.md,4901ed55b98322454777786e129f7049167cc79922f2afd50b1b885f03756387,retain-knowledge-substrate,false,progressive-on-demand,Do not flatten into always-on host context; preserve package and evaluate through product context packs.
integration/pub-sub-api-patterns,integration,pub-sub-api-patterns,"Use this skill when building or debugging gRPC-based Pub/Sub API integrations for subscribing to or publishing Salesforce Platform Events, Change Data Capture events, or custom channels — including auth flow, flow control, event replay, Managed Subscriptions, and language client setup. Triggers on: Pub/Sub API gRPC subscription, subscribe to platform events via gRPC, event replay with Pub/Sub API, managed event subscription Salesforce, FetchRequest flow control. NOT for enabling CDC and choosing which entities stream record changes — use integration/change-data-capture-integration. NOT for publishing or subscribing to a Platform Event from a Flow — use flow/flow-platform-events-integration.",1.0.0,Spring '25+,false,5,0,Reliability;Performance;Security,skills/integration/pub-sub-api-patterns/SKILL.md,887f2a5b20cdae6567a91661c3a8f95bb8821f0287f5047797d4bd1917492339,retain-knowledge-substrate,false,progressive-on-demand,Do not flatten into always-on host context; preserve package and evaluate through product context packs.
integration/real-time-vs-batch-integration,integration,real-time-vs-batch-integration,"When to use this skill: choosing between real-time (synchronous callouts, Platform Events, CDC, Pub/Sub API) and batch (Bulk API 2.0, scheduled ETL) integration patterns. Trigger keywords: should I use real-time or batch, how to sync high-volume data, when to use Platform Events vs Bulk API, integration latency vs volume tradeoff. NOT for choosing an ETL tool — use data/etl-vs-api-data-patterns. NOT for Batch Apex internals — use apex/batch-apex-patterns.",1.0.0,Spring '25+,false,5,0,Performance;Scalability;Reliability,skills/integration/real-time-vs-batch-integration/SKILL.md,460a182e6742153e64e1e632a2d7fb5f555b9874699a6614b88739f4a108b161,retain-knowledge-substrate,false,progressive-on-demand,Do not flatten into always-on host context; preserve package and evaluate through product context packs.
integration/rest-api-pagination-patterns,integration,rest-api-pagination-patterns,"REST API pagination for inbound and outbound integrations: Salesforce QueryMore, cursor-based, offset-based, Link header, page-size tuning, rate limit interaction. NOT for REST CRUD or Composite — use integration/rest-api-patterns. NOT for GraphQL pagination — use integration/graphql-api-patterns.",1.1.0,Spring '25+,false,7,0,Performance;Reliability,skills/integration/rest-api-pagination-patterns/SKILL.md,1ebe658d5ae2ccdc4bebcd1b4d750ae14f05f3d5195f8684df23af248b8e07f5,retain-knowledge-substrate,false,progressive-on-demand,Do not flatten into always-on host context; preserve package and evaluate through product context packs.
integration/rest-api-patterns,integration,rest-api-patterns,"Use when designing, implementing, or reviewing Salesforce REST API integration — covering CRUD operations on sObjects, SOQL-based queries, paginated result sets, Composite requests, Composite Batch, and sObject Tree. Triggers: 'Salesforce REST API', 'composite API', 'nextRecordsUrl', 'sObject Tree', 'REST CRUD', 'REST pagination', 'API limits', 'OAuth Bearer token'. NOT for loading or extracting large record volumes as a job — use integration/bulk-api-2-patterns. NOT for GraphQL queries or the GraphQL-vs-REST choice — use integration/graphql-api-patterns.",1.0.0,Spring '25+,false,7,0,Reliability;Scalability,skills/integration/rest-api-patterns/SKILL.md,c4632829061aae6f634a976dc83fcae8d2a0d924df7c0fa65f7ca25241b9ba18,retain-knowledge-substrate,false,progressive-on-demand,Do not flatten into always-on host context; preserve package and evaluate through product context packs.
integration/retry-and-backoff-patterns,integration,retry-and-backoff-patterns,"Implementing resilient integration retry logic in Salesforce: exponential backoff, jitter, idempotency keys, dead-letter queues, and circuit breaker patterns for Apex callouts. Use when designing callout retry behavior, preventing thundering-herd issues, or handling persistent integration failures. NOT for how many callouts fit in a transaction or CalloutException after DML — use integration/callout-limits-and-async-patterns. NOT for chaining or debugging Queueable jobs that make no callout — use apex/apex-queueable-patterns.",1.0.0,Spring '25+,false,5,2,Reliability;Operational Excellence,skills/integration/retry-and-backoff-patterns/SKILL.md,f267702f1db84f1143558cf87ab1fa4c76590c3c1a67e7ad256ac7bf056e655c,retain-knowledge-substrate,false,progressive-on-demand,Do not flatten into always-on host context; preserve package and evaluate through product context packs.
integration/revenue-lifecycle-management,integration,revenue-lifecycle-management,"Use this skill when implementing or troubleshooting Salesforce Revenue Lifecycle Management (RLM) — the native Revenue Cloud product covering order-to-cash lifecycle, Dynamic Revenue Orchestrator (DRO) fulfillment plan design, asset amendments, billing schedule creation via Connect API, and invoice management. Triggers on: Dynamic Revenue Orchestrator, RLM order decomposition, DRO fulfillment swimlanes, native Revenue Cloud billing schedule, asset lifecycle management Salesforce. NOT for the overall Revenue Cloud domain architecture or the RLM vs CPQ-classic vs legacy blng__ Billing product choice — use architect/revenue-cloud-architecture. NOT for querying the BillingSchedule / Invoice / FinanceTransaction objects and their relationships — use data/revenue-cloud-data-model.",1.0.0,Spring '25+,false,5,0,Reliability;Scalability,skills/integration/revenue-lifecycle-management/SKILL.md,fb198b8735e7b51b1cdc6c8fd1d4efa7355cd9425c9c367e51b6d6424656297a,retain-knowledge-substrate,false,progressive-on-demand,Do not flatten into always-on host context; preserve package and evaluate through product context packs.
integration/salesforce-connect-external-objects,integration,salesforce-connect-external-objects,"Use when deciding whether Salesforce Connect and External Objects are the right fit for external data access, or when reviewing OData, cross-org, and custom adapter patterns, query limitations, and latency tradeoffs. Triggers: 'Salesforce Connect', 'External Objects', '__x', 'OData adapter', 'custom adapter'. NOT for the External Object configuration walkthrough and the full inventory of what they cannot do — triggers, validation rules, record-triggered flows, roll-ups, indirect lookup keys — use data/data-virtualization-patterns. NOT for keeping high-volume history inside Salesforce instead — use data/external-data-and-big-objects.",1.0.0,Spring '25+',false,5,0,Scalability;Reliability,skills/integration/salesforce-connect-external-objects/SKILL.md,18ec97d3d424dd4b0c7f059a5161599106535391bfa21011b2571a438a8c98df,retain-knowledge-substrate,false,progressive-on-demand,Do not flatten into always-on host context; preserve package and evaluate through product context packs.
integration/salesforce-data-pipeline-etl,integration,salesforce-data-pipeline-etl,"Export large Salesforce datasets to a lakehouse via Bulk API 2.0, CDC streams, or Salesforce Data Pipelines. NOT for ad-hoc exports — use data/etl-vs-api-data-patterns.",1.1.0,Spring '25+,false,4,0,Scalability;Reliability,skills/integration/salesforce-data-pipeline-etl/SKILL.md,61613a6d7048f7e024cc704c954f74f77c6f56a4eb452cb7442467e7c39f59e9,retain-knowledge-substrate,false,progressive-on-demand,Do not flatten into always-on host context; preserve package and evaluate through product context packs.
integration/salesforce-functions-replacement,integration,salesforce-functions-replacement,"Salesforce Functions is retired (EOL Jan 2025). This skill maps Functions workloads to replacements: Heroku (with Hyperforce), external containers, Apex (where viable), Agentforce Actions, external compute via Named Credentials. NOT for Lambda / Azure Functions tutorials — use agentforce/einstein-bots-to-agentforce-migration.",1.0.0,Spring '25+,false,7,0,Scalability;Reliability;Security,skills/integration/salesforce-functions-replacement/SKILL.md,6df74129259078ed828741ce8238ac7a047bfefbc659a599c4e90da67163d68d,retain-knowledge-substrate,false,progressive-on-demand,Do not flatten into always-on host context; preserve package and evaluate through product context packs.
integration/salesforce-maps-setup,integration,salesforce-maps-setup,"Use when configuring Salesforce Maps (formerly MapAnything) — territory planning, route optimization, live tracking, geo-grid visualizations, and check-in/check-out workflows for Sales or Service field reps not on Field Service. Covers package installation order (Maps + Maps Advanced + Maps Routing/Live Tracking add-ons), the MapsTerritoryPlan / MapsAdvancedRoute / MapsLayer object family, base-data syncs (Geocoding and Routing services), and integration with Sales and Service Cloud records. Triggers: 'Salesforce Maps setup', 'MapAnything migration', 'territory planning by polygon', 'route optimization for sales reps', 'live tracking field reps', 'plot accounts on a map', 'check-in to the closest account'. NOT for Field Service Lightning territory and scheduling (use admin/fsl-scheduling-optimization-design and data/fsl-territory-data-setup) — Maps and FSL are different products. NOT for Consumer Goods Cloud retail visit planning (use admin/consumer-goods-cloud-setup) — RoutePlan/Visit objects are CG-specific. NOT for Tableau / CRM Analytics geo charts.",1.0.0,Spring '25+,false,6,0,Reliability;Operational Excellence;Performance,skills/integration/salesforce-maps-setup/SKILL.md,87146c510b18696664cb3cc6ca5afc667b59175cb48efbaf5f235200062562c7,retain-knowledge-substrate,false,progressive-on-demand,Do not flatten into always-on host context; preserve package and evaluate through product context packs.
integration/salesforce-to-salesforce-integration,integration,salesforce-to-salesforce-integration,"Use this skill to implement Salesforce-to-Salesforce integration patterns — covering the native S2S feature, API-based cross-org sync, Platform Event bridging, and Salesforce Connect Cross-Org adapter. Trigger keywords: Salesforce to Salesforce integration, cross-org data sharing, S2S feature, cross-org Platform Events, Salesforce Connect cross-org. NOT for multi-org strategy or architecture decisions (use architect/multi-org-strategy), single-org data sharing, or external (non-Salesforce) system integration.",1.0.0,Spring '25+,false,6,0,Security;Reliability,skills/integration/salesforce-to-salesforce-integration/SKILL.md,e835b148f57e2bd93d727615ffe529128bcdbff321e632ae533a973b7dff7cd7,retain-knowledge-substrate,false,progressive-on-demand,Do not flatten into always-on host context; preserve package and evaluate through product context packs.
integration/scheduled-erp-sync-pattern,integration,scheduled-erp-sync-pattern,"Scheduled batch ERP sync — timing, idempotency, error queues, Bulk API vs REST tradeoffs. Triggers: ERP sync schedule, nightly integration batch, ERP Salesforce sync. NOT for event-driven sync — use integration/event-driven-architecture-patterns. NOT for Bulk API job design — use data/bulk-api-patterns.",1.0.0,Spring '25+,false,10,0,Reliability;Performance,skills/integration/scheduled-erp-sync-pattern/SKILL.md,269727eaa4347db24f794850d7928a5cce7362d21a9e6b5c547b1d5bc90790f0,retain-knowledge-substrate,false,progressive-on-demand,Do not flatten into always-on host context; preserve package and evaluate through product context packs.
integration/sis-integration-patterns,integration,sis-integration-patterns,"Use this skill when designing or implementing an integration between a Student Information System (SIS) — such as Ellucian Banner, Ellucian Colleague, Anthology Student, Oracle PeopleSoft Campus Solutions, or Workday Student — and Salesforce Education Cloud. NOT for Salesforce Admissions Connect application processing, Financial Aid integration — use architect/sales-cloud-integration-patterns.",1.0.1,Spring '25+,false,8,0,Reliability;Performance;Security;Operational Excellence,skills/integration/sis-integration-patterns/SKILL.md,440891e6f04a45296b11ed11727b40bd6eb27f09491bbe90881e2d26034b284b,retain-knowledge-substrate,false,progressive-on-demand,Do not flatten into always-on host context; preserve package and evaluate through product context packs.
integration/slack-connect-patterns,integration,slack-connect-patterns,"Use when designing, governing, or troubleshooting Slack Connect channel sharing between two independent organizations. Trigger phrases: external Slack channel collaboration, cross-org Slack channel setup. NOT for Salesforce for Slack app setup or internal single-workspace channels — use integration/slack-salesforce-integration-setup.",1.0.1,Spring '25+,false,8,0,Security;Reliability,skills/integration/slack-connect-patterns/SKILL.md,2356f742cd60d60d2f8c1beaf6b25107bc7da0e2102da44d09f22df32ed1a8f4,retain-knowledge-substrate,false,progressive-on-demand,Do not flatten into always-on host context; preserve package and evaluate through product context packs.
integration/slack-salesforce-integration-setup,integration,slack-salesforce-integration-setup,"Use this skill when setting up or troubleshooting the Salesforce for Slack managed app — including connecting a Salesforce org to a Slack workspace, configuring the three-party admin handshake, linking Slack channels. NOT for building custom Slack apps or Slack bots (separate development platform), not fo — use integration/slack-workflow-builder.",1.0.0,Spring '25+,false,6,0,Security;Operational Excellence,skills/integration/slack-salesforce-integration-setup/SKILL.md,9001874eb3abe8243ec0285c05ef5276067863ae635d86c31f2e2a2de54aec8a,retain-knowledge-substrate,false,progressive-on-demand,Do not flatten into always-on host context; preserve package and evaluate through product context packs.
integration/slack-workflow-builder,integration,slack-workflow-builder,"Use this skill when designing or troubleshooting Slack Workflow Builder workflows that call Salesforce — especially the Salesforce connector step Run a Flow, mapping inputs/outputs, handling failures, and understanding limits. Triggers on: Slack Workflow Builder Salesforce, Run a Flow from Slack, autolaunched flow from Slack, Slack automation calling Salesforce. NOT for sending a Slack message or creating a channel FROM a Salesforce Flow — use flow/flow-for-slack. NOT for first connecting the org to the Slack workspace — use integration/slack-salesforce-integration-setup.",1.0.0,Spring '25+,false,3,0,Security;Reliability;Operational Excellence,skills/integration/slack-workflow-builder/SKILL.md,4b442d6af277587c7b36a5da39d247af5a8317098f46a59859137658e8257117,retain-knowledge-substrate,false,progressive-on-demand,Do not flatten into always-on host context; preserve package and evaluate through product context packs.
integration/soap-api-patterns,integration,soap-api-patterns,"Use when designing, implementing, or reviewing Salesforce SOAP API integrations — covering enterprise vs partner WSDL. Trigger keywords: 'enterprise WSDL', 'partner WSDL', 'login() call', 'sessionId', 'SOAP API', 'WSC', 'force-wsc', 'Ant Migration Tool', '.NET SOAP integration'. NOT for REST API, Bulk API 2 — use apex/apex-wsdl2apex-patterns.",1.1.0,Spring '25+,false,7,0,Reliability;Security,skills/integration/soap-api-patterns/SKILL.md,488352911e77b6d79361f8133c5c78e64aeb015555328708da5cbe70d44252a4,retain-knowledge-substrate,false,progressive-on-demand,Do not flatten into always-on host context; preserve package and evaluate through product context packs.
integration/streaming-api-and-pushtopic,integration,streaming-api-and-pushtopic,"Use when setting up real-time data streaming from Salesforce to external systems using the Streaming API (PushTopic, Generic Streaming), CometD client configuration, replay, and channel management. NOT for Platform Events — use apex/platform-events-apex or integration/platform-events-integration.",1.0.0,Spring '25+,false,5,0,Reliability;Operational Excellence,skills/integration/streaming-api-and-pushtopic/SKILL.md,62992c4b94f742ff1a2a0c89f9cae43e5e90d589f177f0ed0a5b24a6c3fec0ef,retain-knowledge-substrate,false,progressive-on-demand,Do not flatten into always-on host context; preserve package and evaluate through product context packs.
integration/sustainability-reporting,integration,sustainability-reporting,"Producing regulatory and voluntary sustainability disclosures from Salesforce Net Zero Cloud (formerly Sustainability Cloud) — the native ESRS / CSRD / SASB / GRI / CDP report builders, the Carbon Accounting Manager data model (Stationary Asset, Vehicle Asset, Scope 3 procurement items, Energy Use Records), the double-materiality assessment prerequisite for CSRD, the MSESRSMainDataraptor Data Mapper for ESRS reports, and the Sustainability Scorecard. NOT for Net Zero Cloud feature setup / emissions-source configuration (use integration/net-zero-cloud-setup), NOT for general CRM Analytics dashboards (Net Zero Cloud's report builders are a separate surface).",1.0.0,Spring '25+,false,7,0,Reliability;Operational Excellence,skills/integration/sustainability-reporting/SKILL.md,4428478423f06385851327f08f6060fc400fe17c4d5f2c9e5bd5695b0fcba6ce,retain-knowledge-substrate,false,progressive-on-demand,Do not flatten into always-on host context; preserve package and evaluate through product context packs.
integration/tableau-salesforce-connector,integration,tableau-salesforce-connector,"Tableau ↔ Salesforce integration patterns: Tableau Salesforce connector, Tableau for Salesforce, CRM Analytics alternative, Data Cloud + Tableau, embedded Tableau dashboards. Choose between connector modes (live, extract, Data Cloud). NOT for CRM Analytics Studio app build-out (use admin/crm-analytics-app-creation) — use architect/crm-analytics-vs-tableau-decision.",1.0.1,Spring '25+,false,6,0,Scalability;Performance;Security,skills/integration/tableau-salesforce-connector/SKILL.md,9c2b8e64da0ed5946b4f5cf414fedf20ffaa9acdcf842f272d609bfc5064306c,retain-knowledge-substrate,false,progressive-on-demand,Do not flatten into always-on host context; preserve package and evaluate through product context packs.
integration/webhook-inbound-patterns,integration,webhook-inbound-patterns,"Use when implementing an inbound webhook receiver in Salesforce: routing via Apex REST and Salesforce Sites, authenticating webhook payloads via HMAC, ensuring idempotent processing, and handling the 5-second response window. NOT for Salesforce POSTing a webhook out to a third-party endpoint — use integration/outbound-webhook-from-salesforce. NOT for designing a general-purpose Apex REST API rather than a webhook sink — use apex/apex-rest-services.",1.0.0,Spring '25+,false,6,0,Security;Reliability,skills/integration/webhook-inbound-patterns/SKILL.md,cabc6832761c4f8668def9dbcbcd5d8b30c69ccaaa32d8664a7e367413620d43,retain-knowledge-substrate,false,progressive-on-demand,Do not flatten into always-on host context; preserve package and evaluate through product context packs.
integration/webhook-signature-verification,integration,webhook-signature-verification,"Accept inbound webhooks (Stripe, GitHub, Slack, partner) and verify HMAC signatures in Apex REST — Crypto.verifyHMac platform verification, secret in Protected Custom Metadata, replay-window rejection. NOT for designing the receiver end to end — Sites routing, guest-user access, idempotency, the 5-second response window — use integration/webhook-inbound-patterns. NOT for signing a webhook Salesforce sends out — use integration/outbound-webhook-from-salesforce.",1.0.1,Spring '25+,false,4,0,Security;Reliability,skills/integration/webhook-signature-verification/SKILL.md,552a2fa54b0f08fcb48dab240f40114ba36d4b79aa614b90ddd4888720672bc2,retain-knowledge-substrate,false,progressive-on-demand,Do not flatten into always-on host context; preserve package and evaluate through product context packs.
lwc/aura-to-lwc-migration,lwc,aura-to-lwc-migration,"Migrating Aura components to LWC: feature mapping, interoperability wrappers, event translation, navigation patterns, and Aura-LWC coexistence strategies. NOT for new LWC development from scratch or Aura feature development — use lwc/experience-cloud-lwc-components.",1.0.0,Spring '25+,false,5,0,User Experience;Operational Excellence,skills/lwc/aura-to-lwc-migration/SKILL.md,2e79403b11e938b2fc7175b388c8ee9d135b6aa6e3a399a07b44566c192bb748,retain-knowledge-substrate,false,progressive-on-demand,Do not flatten into always-on host context; preserve package and evaluate through product context packs.
lwc/commerce-lwc-components,lwc,commerce-lwc-components,"Use this skill when building or customizing Lightning Web Components for B2B Commerce or D2C LWR storefronts — product display tiles, cart line-item components, checkout step components, wishlist buttons, and product comparison widgets. NOT for standard LWC outside a Commerce store or Aura Community Builder components — use lwc/experience-cloud-lwc-components.",1.0.1,Spring '25+,false,5,0,Security;Performance;Operational Excellence,skills/lwc/commerce-lwc-components/SKILL.md,5514a522a062919d113619e98d2998f1d6a0a510d7e8ad6c539de0fd3ea15a2e,retain-knowledge-substrate,false,progressive-on-demand,Do not flatten into always-on host context; preserve package and evaluate through product context packs.
lwc/common-lwc-runtime-errors,lwc,common-lwc-runtime-errors,"Diagnose and fix runtime errors in Lightning Web Components including wire adapter failures, shadow DOM boundary violations, event propagation mistakes, async rendering timing bugs, NavigationMixin errors, Lightning Locker vs Lightning Web Security conflicts, and slot projection problems. Triggers: 'wire adapter returns undefined', 'querySelector returns null in LWC', 'custom event not received by parent', 'LWC component not rendering after connected callback', 'NavigationMixin page reference error'. NOT for LWC fundamentals, build/deployment errors, or Aura component debugging — use lwc/lwc-debugging-devtools.",1.0.0,Spring '25+,false,10,0,Reliability;Operational Excellence;User Experience,skills/lwc/common-lwc-runtime-errors/SKILL.md,c135d0062c1109d7177acfd2ab99da934781dee04b574752e8b4b7350a015f57,retain-knowledge-substrate,false,progressive-on-demand,Do not flatten into always-on host context; preserve package and evaluate through product context packs.
lwc/component-communication,lwc,component-communication,"Choose and implement LWC communication — @api, events, LMS, @wire between parent, child, sibling, or workspace components. Triggers: 'LWC communication pattern', 'should I use LMS or @api', 'three components need to coordinate'. NOT for the mechanics of a single child-to-parent CustomEvent — bubbles / composed / cancelable, detail payload, event naming, or an event that is not reaching the parent — use lwc/lwc-custom-event-patterns. NOT for @wire data provisioning — use lwc/wire-service-patterns. More triggers: props down events up, component boundary design, public api vs public method, cross-hierarchy coordination, shadow boundary communication.",1.1.0,Spring '25+,false,11,0,Reliability;Scalability;User Experience,skills/lwc/component-communication/SKILL.md,4c7589954fca4f120702bb7f3973a47b999aa9690da7260f8d191846c5c0d22b,retain-knowledge-substrate,false,progressive-on-demand,Do not flatten into always-on host context; preserve package and evaluate through product context packs.
lwc/custom-property-editor-for-flow,lwc,custom-property-editor-for-flow,"Use when building or reviewing an LWC Custom Property Editor for Flow screen or action configuration. Triggers: custom property editor, Flow configuration editor, builderContext, configuration_editor_input_value_changed, genericTypeMappings, elementInfo, validate() key errorString, propertyType T generic sObject. NOT for a Flow screen component with no design-time editor — use lwc/lwc-in-flow-screens. NOT for deciding whether a property editor is warranted — use flow/flow-custom-property-editors.",1.1.0,Spring '25+,false,16,0,User Experience;Operational Excellence,skills/lwc/custom-property-editor-for-flow/SKILL.md,5118c53ab23fe23e92a0b5435fc97db4a46ece172912bd650f7a2d3cdd3a0196,retain-knowledge-substrate,false,progressive-on-demand,Do not flatten into always-on host context; preserve package and evaluate through product context packs.
lwc/drag-and-drop,lwc,drag-and-drop,"Implement drag-and-drop in LWC using HTML5 Drag and Drop API, keyboard alternatives, accessible announcements, and file drop zones. NOT for handling a file the user dropped onto the component - use lwc/file-upload-patterns.",1.0.1,Spring '25+,false,6,0,User Experience;Reliability,skills/lwc/drag-and-drop/SKILL.md,b0c3645de388a228a8982708cf7bc15ffdeee93e5ba64260ae76b0a6963710d5,retain-knowledge-substrate,false,progressive-on-demand,Do not flatten into always-on host context; preserve package and evaluate through product context packs.
lwc/experience-cloud-api-access,lwc,experience-cloud-api-access,"Use this skill when configuring or troubleshooting API access for Experience Cloud external users and guest users: guest user Apex data access, Customer Community Plus or Partner Community REST/SOAP API access. NOT for internal Salesforce API authentication, non-community OAuth flows, or internal u — use security/experience-cloud-security.",1.0.0,Spring '25+,false,5,0,Security;Reliability,skills/lwc/experience-cloud-api-access/SKILL.md,db5c6e588e8bdc867a28c13080eaef8ac68fafd59034cb0a127ebb2120920528,retain-knowledge-substrate,false,progressive-on-demand,Do not flatten into always-on host context; preserve package and evaluate through product context packs.
lwc/experience-cloud-authentication,lwc,experience-cloud-authentication,"Experience Cloud authentication customization — login pages, self-registration, social sign-on. Triggers: Experience Cloud login, community auth, self-registration. NOT for multi-IdP enterprise SSO — use lwc/experience-cloud-multi-idp-sso.",1.0.0,Spring '25+,false,5,0,Security;Reliability,skills/lwc/experience-cloud-authentication/SKILL.md,e94955d743a4af848ca965d3796a0a7d3bf167bfe262c00eca96cfe698888398,retain-knowledge-substrate,false,progressive-on-demand,Do not flatten into always-on host context; preserve package and evaluate through product context packs.
lwc/experience-cloud-lwc-components,lwc,experience-cloud-lwc-components,"Use when building custom LWC components for Experience Cloud (Experience Builder sites, LWR portals, Aura-based communities). Covers community context imports, guest user Apex access patterns, navigation API differences between LWR and Aura, and JS-meta.xml target configuration for Experience Builder exposure. Trigger keywords: build LWC for Experience Cloud, custom component community portal LWC, guest user LWC component, community context import salesforce, lightningCommunity target, @salesforce/community, guest Apex. NOT for exposing an internal LWC to a record page — use lwc/lwc-app-builder-config. NOT for the LWR site's theme and publish lifecycle — use lwc/lwr-site-development.",1.0.0,Spring '25+,false,6,0,Security;Operational Excellence,skills/lwc/experience-cloud-lwc-components/SKILL.md,96de4ff7b426d2e9106791941248700db1653be7a89b7bc12de9c9da44fcdc86,retain-knowledge-substrate,false,progressive-on-demand,Do not flatten into always-on host context; preserve package and evaluate through product context packs.
lwc/experience-cloud-multi-idp-sso,lwc,experience-cloud-multi-idp-sso,"Use this skill when configuring multiple identity providers (OIDC and/or SAML) on a single Experience Cloud site or across tenant-specific portals in the same org — covering auth provider registration, Start SSO URL routing, Federation. NOT for internal Salesforce employee SSO configuration — use architect/experience-cloud-integration-patterns.",1.0.0,Spring '25+,false,5,0,Security;Operational Excellence,skills/lwc/experience-cloud-multi-idp-sso/SKILL.md,ac27295d142c7e30093c10477cbc59bcac8174f258d228477dedf0b6454741bc,retain-knowledge-substrate,false,progressive-on-demand,Do not flatten into always-on host context; preserve package and evaluate through product context packs.
lwc/experience-cloud-search-customization,lwc,experience-cloud-search-customization,"Use this skill when configuring or extending search on an Experience Cloud site — covering Search Manager scope configuration, LWR vs Aura search component selection, federated search setup, guest user search access, and custom search result components. NOT for SOSL/SOQL query development — use lwc/experience-cloud-lwc-components.",1.0.0,Spring '25+,false,5,0,Security;Performance;Reliability,skills/lwc/experience-cloud-search-customization/SKILL.md,948190ecb63011593fc89eed1e916c76f618b30b7002a483742dbf31c032a22f,retain-knowledge-substrate,false,progressive-on-demand,Do not flatten into always-on host context; preserve package and evaluate through product context packs.
lwc/file-upload-patterns,lwc,file-upload-patterns,"Upload files in LWC: lightning-file-upload, manual multipart, large-file chunked upload, and ContentDocument associations. NOT for ContentDocument query patterns — use data/salesforce-files-architecture. Trigger keywords: file upload, lightning-file-upload, uploadfinished, FileReader, base64, ContentVersion, ContentDocumentLink, ShareType, Visibility, VersionData, FirstPublishLocationId, Apex heap, guest user upload.",1.2.0,Spring '25+,false,15,0,Reliability;Performance;Security,skills/lwc/file-upload-patterns/SKILL.md,38c2e366c7208564a48dd64defe9807b08f3265901a2b1a2bacfef14400c1fe4,retain-knowledge-substrate,false,progressive-on-demand,Do not flatten into always-on host context; preserve package and evaluate through product context packs.
lwc/headless-experience-cloud,lwc,headless-experience-cloud,"Use when building custom frontends (React, Vue, mobile, static sites) that consume Salesforce CMS content via the Connect REST API headless delivery endpoint. Triggers: 'headless Salesforce CMS', 'deliver CMS content to external frontend', 'React app. NOT for standard Experience Builder site development — use architect/knowledge-vs-external-cms.",1.0.0,Spring '25+,false,6,0,Security;Performance;Reliability,skills/lwc/headless-experience-cloud/SKILL.md,33a2bea44698c6a31c19347dfc8135f77b6f7b980235e78a01b291fd7f4b033d,retain-knowledge-substrate,false,progressive-on-demand,Do not flatten into always-on host context; preserve package and evaluate through product context packs.
lwc/knowledge-article-lwc,lwc,knowledge-article-lwc,"Use this skill when building Lightning Web Components that query, display, or accept feedback on Salesforce Knowledge articles — covering Knowledge__kav SOQL/SOSL retrieval via Apex, caching strategy, and Experience. NOT for Knowledge admin setup (article types, categories) or Einstein Article Recommendations — use admin/knowledge-base-administration.",1.0.1,Spring '25+,false,4,0,Security;Performance;Reliability,skills/lwc/knowledge-article-lwc/SKILL.md,163b0d98cce1cd268f55a9ecdd496c08183d9ed32ec8e54b69340db4a2be06a6,retain-knowledge-substrate,false,progressive-on-demand,Do not flatten into always-on host context; preserve package and evaluate through product context packs.
lwc/lifecycle-hooks,lwc,lifecycle-hooks,"Use when building or reviewing Lightning Web Components — specifically lifecycle. Triggers: 'LWC', 'connectedCallback', 'renderedCallback', 'memory leak', 'NavigationMixin', 'wire'. Triggers: 'LWC', 'connectedCallback', 'renderedCallback', 'memory leak', 'NavigationMixin', 'wire'. Also: 'disconnectedCallback', 'errorCallback', 'render()', 'multiple templates', 'hook order', 'parent child lifecycle', 'infinite rerender', 'component subscribes twice'. NOT for Aura components — use lwc/navigation-and-routing.",1.1.0,Spring '25+,false,12,0,Reliability;Security;Performance;User Experience,skills/lwc/lifecycle-hooks/SKILL.md,dbf7bcd23ece470a19d28a0830a3afa681b080b8417f0d70c64be1947582ba70,retain-knowledge-substrate,false,progressive-on-demand,Do not flatten into always-on host context; preserve package and evaluate through product context packs.
lwc/lightning-navigation-dead-link-handling,lwc,lightning-navigation-dead-link-handling,"Use when an LWC navigates via NavigationMixin to records or pages that may no longer exist, lack the user's access, or be permanently moved. Triggers: 'lightning navigation 404', 'navigate to deleted record', 'NavigationMixin error toast', 'graceful fallback when target page missing', 'permission denied on navigation'. NOT for ordinary NavigationMixin calls that work — use lwc/lwc-navigation-mixin. NOT for designing URL/deep-link routing — use lwc/navigation-and-routing.",1.0.0,Spring '25+,false,5,0,User Experience;Reliability,skills/lwc/lightning-navigation-dead-link-handling/SKILL.md,0aa7b5f2c4546a60f810993229f5557329b4a959b90f226047aeccfe0148a0b1,retain-knowledge-substrate,false,progressive-on-demand,Do not flatten into always-on host context; preserve package and evaluate through product context packs.
lwc/lightning-out-2-embedding,lwc,lightning-out-2-embedding,"Use when embedding a custom Lightning web component into an external, non-Salesforce web app (React, Angular, Vue, or plain JavaScript) with Lightning Out 2.0 — the Winter '26 GA feature built on Lightning Web Runtime that renders each. NOT for the legacy Aura-based Lightning Out (beta) or its $Lightning — use lwc/tableau-embedding-in-lightning.",1.0.0,Winter '26+,false,5,0,Security;Reliability,skills/lwc/lightning-out-2-embedding/SKILL.md,44510eef360a5e51aba13bfbbc366742ba149ca4bd73cb04b7789dd43294283b,retain-knowledge-substrate,false,progressive-on-demand,Do not flatten into always-on host context; preserve package and evaluate through product context packs.
lwc/lwc-accessibility,lwc,lwc-accessibility,"Use when designing or reviewing LWCs for keyboard access, semantic labeling, focus. Triggers: LWC accessibility, keyboard nav, aria-label, aria-labelledby, aria-describedby, label for id, focus order, delegatesFocus, tabindex, shadow DOM label association, live region, screen reader. NOT for specific ARIA/datatable implementation patterns — use lwc/lwc-accessibility-patterns. NOT for SLDS styling with no assistive-tech impact — use lwc/lwc-css-and-styling.",1.1.0,Spring '25+',false,16,0,User Experience;Security,skills/lwc/lwc-accessibility/SKILL.md,0daf1c8e8d1bc220000ca575ba56e5e92cee9921a44af2336c94efe529f6874f,retain-knowledge-substrate,false,progressive-on-demand,Do not flatten into always-on host context; preserve package and evaluate through product context packs.
lwc/lwc-accessibility-patterns,lwc,lwc-accessibility-patterns,"Use when implementing ARIA attributes, keyboard navigation, live regions, WCAG 2.1, focus traps, or accessible datatables in LWCs. Triggers: aria-live, role=grid, focus trap, WCAG AA. NOT for a general accessibility review — use lwc/lwc-accessibility. NOT for SLDS theming without a11y behavior — use lwc/lwc-css-and-styling.",1.0.0,Spring '25+,false,8,0,User Experience;Security,skills/lwc/lwc-accessibility-patterns/SKILL.md,51c26dc3db83d8c13f01ec43caac15732e3d1b6a6f0c748e7dc461b438786975,retain-knowledge-substrate,false,progressive-on-demand,Do not flatten into always-on host context; preserve package and evaluate through product context packs.
lwc/lwc-app-builder-config,lwc,lwc-app-builder-config,"Use when an LWC needs to appear, be configured, and be constrained inside Lightning App Builder, Experience Builder, Home Page, or Flow screens via its js-meta.xml file — including isExposed, targets, targetConfigs, supportedFormFactors, objects scoping, and admin-facing design attributes. Triggers: 'lwc not appearing in app builder', 'expose lwc to record page', 'design attribute datasource picklist', 'supportedformfactors mobile small', 'targetconfigs for record page vs app page', 'masterlabel vs description', 'apex dynamic picklist for a design attribute', 'js-meta.xml deploy fails'. NOT for page-level config like visibility filters or Dynamic Forms — use admin/lightning-app-builder-advanced. NOT for a Flow custom property editor — use lwc/custom-property-editor-for-flow.",1.1.0,Spring '25+,false,16,0,Operational Excellence;Reliability;Security,skills/lwc/lwc-app-builder-config/SKILL.md,ff5f45a9db09db1c1f98b2e50e55fdb1a2f49466fba0692fa2fa206e510b58a8,retain-knowledge-substrate,false,progressive-on-demand,Do not flatten into always-on host context; preserve package and evaluate through product context packs.
lwc/lwc-async-patterns,lwc,lwc-async-patterns,"Async/await and Promise patterns in LWC: imperative Apex, loading states, error handling, concurrent wire + imperative, AbortController for in-flight cancellation, Promise.all for parallel calls. NOT for the basic imperative Apex import-and-call pattern or cacheable=true rules — use lwc/lwc-imperative-apex. NOT for @wire provisioning basics — use lwc/wire-service-patterns.",1.1.0,Spring '25+,false,6,0,Performance;User Experience,skills/lwc/lwc-async-patterns/SKILL.md,ed842cb8477b395ddb75b3843ae6f6c29f4593b390de9cf11928a91a400383d8,retain-knowledge-substrate,false,progressive-on-demand,Do not flatten into always-on host context; preserve package and evaluate through product context packs.
lwc/lwc-base-component-recipes,lwc,lwc-base-component-recipes,"Use this skill when building record forms or data tables with Salesforce standard base components: lightning-record-form, lightning-record-edit-form, lightning-record-view-form, and lightning-datatable. Covers component selection. NOT for custom forms backed by Apex wire methods or @wire(getRecord) with fully manual f — use lwc/lwc-data-table. Also the base-component-first decision (base component vs raw SLDS blueprint markup vs custom component vs third-party web component) and the everyday composites: lightning-card, lightning-layout / lightning-layout-item, lightning-combobox fed by getPicklistValues, lightning-button-menu, lightning-spinner, lightning-accordion, lightning-tabset, lightning-badge, lightning-button-group.",1.1.0,Spring '25+,false,14,0,Performance;Reliability;Security,skills/lwc/lwc-base-component-recipes/SKILL.md,c434c10a1743047c8cb470a42fe0009e34ca6463d8b9be03f09bf88121ed682e,retain-knowledge-substrate,false,progressive-on-demand,Do not flatten into always-on host context; preserve package and evaluate through product context packs.
lwc/lwc-chart-and-visualization,lwc,lwc-chart-and-visualization,"Charts and visualization in LWC: Chart.js, D3, Plotly via Static Resources; Lightning chart components; performance patterns for 10k+ data points; accessibility; SLDS theming. NOT for CRM Analytics embedding — use admin/crm-analytics-app-creation. NOT for Tableau embedding — use lwc/tableau-embedding-in-lightning.",1.0.0,Spring '25+,false,6,0,Performance;Reliability,skills/lwc/lwc-chart-and-visualization/SKILL.md,e74265ef7ecde064821c4fa676b9ed072393ef516164a8d02daa62742aeff713,retain-knowledge-substrate,false,progressive-on-demand,Do not flatten into always-on host context; preserve package and evaluate through product context packs.
lwc/lwc-conditional-rendering,lwc,lwc-conditional-rendering,"Use when writing, reviewing, or migrating Lightning Web Component templates that branch between UI states with `lwc:if`, `lwc:elseif`, and `lwc:else`, including getter-backed booleans, loading/error/ready state machines, keep-state vs reset-state toggles, and legacy `if:true` / `if:false` cleanup. Triggers: 'lwc:if vs if:true', 'lwc:elseif not working', 'conditional rendering in lwc', 'complex boolean in template'. NOT for choosing between component types at runtime — use lwc/lwc-dynamic-components. NOT for list rendering — use `for:each` or `iterator:it`.",1.0.0,Spring '25+,false,7,0,Performance;Reliability;Operational Excellence,skills/lwc/lwc-conditional-rendering/SKILL.md,5c98c1912dbabea1968c56c226aaa5a52471d4701b949a637e0b5b1c146bb404,retain-knowledge-substrate,false,progressive-on-demand,Do not flatten into always-on host context; preserve package and evaluate through product context packs.
lwc/lwc-console-workspace-api,lwc,lwc-console-workspace-api,"Use when an LWC needs to programmatically manipulate Service Console workspace tabs and the utility bar — opening tabs and subtabs, refreshing or closing tabs, setting tab labels and icons, detecting console context, and integrating with the utility bar — via the `lightning/platformWorkspaceApi` and `lightning/platformUtilityBarApi` modules. Triggers: 'openSubtab in LWC', 'refresh console tab from LWC', 'IsConsoleNavigation context detection', 'set tab label dynamically'. NOT for declarative Console App setup (use admin/service-console-configuration), navigation to records outside a console (use lwc/lwc-navigation-mixin or lwc/lightning-navigation-dead-link-handling), or Aura `lightning:workspaceAPI` migration (the LWC modules supersede it for new development).",1.0.0,Spring '25+,false,7,0,User Experience;Operational Excellence;Reliability,skills/lwc/lwc-console-workspace-api/SKILL.md,d10efaf7acb5f0a573ce8ed233b41d0a2e72d68b1629aa2e1790f472790d9115,retain-knowledge-substrate,false,progressive-on-demand,Do not flatten into always-on host context; preserve package and evaluate through product context packs.
lwc/lwc-cross-tab-state-sync,lwc,lwc-cross-tab-state-sync,"Use when an LWC needs to react to events that happen in another browser tab — record updates, login state, draft autosave, console-tab navigation. Triggers: 'sync data across tabs', 'BroadcastChannel LWC', 'storage event fallback'. NOT for state sync within the same Lightning page — use lwc/component-communication. NOT for console tab and utility bar APIs — use lwc/lwc-console-workspace-api.",1.0.1,Spring '25+,false,5,0,User Experience;Reliability,skills/lwc/lwc-cross-tab-state-sync/SKILL.md,81feffd9f7923b42de6d6f0d68368047ec936f3ab8845b3788ba9607b2753b4f,retain-knowledge-substrate,false,progressive-on-demand,Do not flatten into always-on host context; preserve package and evaluate through product context packs.
lwc/lwc-css-and-styling,lwc,lwc-css-and-styling,"Styling LWC components — SLDS design tokens, --slds-c-* styling hooks, scoped CSS via shadow DOM, ::part() for restyling base components, light DOM (lwc:render-mode='light'), why CSS doesn't pierce the shadow boundary, !important vs specificity, and SLDS upgrades breaking hand-rolled selectors. NOT for app-scope theming or SLDS 2 hook migration — use lwc/lwc-styling-hooks. NOT for picking shadow vs light DOM — use lwc/lwc-shadow-vs-light-dom-decision.",1.0.0,Spring '25+,false,7,0,Operational Excellence;Performance,skills/lwc/lwc-css-and-styling/SKILL.md,a74dbc3852b7dc0873a1b71d977f26929a4b0a8ccf5ec6a5644126df3d1552ee,retain-knowledge-substrate,false,progressive-on-demand,Do not flatten into always-on host context; preserve package and evaluate through product context packs.
lwc/lwc-custom-datatable-types,lwc,lwc-custom-datatable-types,"Use when you need to extend `lightning-datatable` with custom cell renderings: status pills, progress bars, image thumbnails, action cells, editable pickliststo, rich-text, or any column that `lightning-datatable` does not ship out of the box. Triggers: 'custom cell type lightning datatable', 'progress bar column', 'image column', 'inline edit picklist in datatable', 'rich text column'. NOT for stock column types, key-field, or basic row actions — use lwc/lwc-data-table. NOT for 1,000-row virtualization — use lwc/lwc-virtualized-lists.",1.0.0,Spring '25+,false,6,0,Performance;Operational Excellence;Reliability,skills/lwc/lwc-custom-datatable-types/SKILL.md,bd22d1652830909a87f341723da4e0ec8d550b679ad8d91fef51bc62c1deb1ed,retain-knowledge-substrate,false,progressive-on-demand,Do not flatten into always-on host context; preserve package and evaluate through product context packs.
lwc/lwc-custom-event-patterns,lwc,lwc-custom-event-patterns,"CustomEvent design — bubbles/composed/cancelable, detail payloads, naming, and why an event is not reaching the parent. Triggers: 'event not reaching parent', 'composed shadow DOM', 'child component cannot tell the parent something changed', 'how does a child lwc notify its parent'. NOT for parent-to-child @api — use lwc/component-communication. NOT for sibling fan-out via Lightning Message Service — use lwc/message-channel-patterns.",1.0.0,Spring '25+,false,9,0,Security;Reliability;Operational Excellence,skills/lwc/lwc-custom-event-patterns/SKILL.md,4c44dab7a505845825c60c7f7790fa28f194cf89756f2cb23dc6245de12a390d,retain-knowledge-substrate,false,progressive-on-demand,Do not flatten into always-on host context; preserve package and evaluate through product context packs.
lwc/lwc-custom-lookup,lwc,lwc-custom-lookup,"Custom lookup component in LWC — typeahead/autocomplete that searches records via Apex SOSL/SOQL, shows pills, supports keyboard navigation, and manages open/close state. Use when lightning-input-field or lightning-record-picker won't work (cross-org search, computed filters, custom result rendering). NOT for the base lightning-record-picker — use lwc/lwc-record-picker. NOT for in-form lookups inside lightning-record-edit-form.",1.0.0,Spring '25+,false,7,0,Performance;Security,skills/lwc/lwc-custom-lookup/SKILL.md,4b1bedb9fc046e94934d5d8dd89b33a86a9b5bb978e7f6c0c67eac33ceed7997,retain-knowledge-substrate,false,progressive-on-demand,Do not flatten into always-on host context; preserve package and evaluate through product context packs.
lwc/lwc-data-table,lwc,lwc-data-table,"First-time lightning-datatable setup — columns, key-field, basic sort, row actions. Triggers: lightning-datatable basics, datatable columns, key-field, fieldName, draft-values, onsave, onsort, onrowaction, customTypes, LightningDatatable, refreshApex after save. NOT for inline edit, custom types, infinite scroll — use lwc/lwc-datatable-advanced. NOT for datasets too large for datatable — use lwc/lwc-virtualized-lists.",1.1.0,Spring '25+,false,17,0,Performance;User Experience,skills/lwc/lwc-data-table/SKILL.md,015281e11d1a9151149c7230457cc5e01d07a72ec176bedaa89664358038cd79,retain-knowledge-substrate,false,progressive-on-demand,Do not flatten into always-on host context; preserve package and evaluate through product context packs.
lwc/lwc-datatable-advanced,lwc,lwc-datatable-advanced,"Advanced lightning-datatable — inline edit, custom cell types, infinite scroll, row errors. Triggers: datatable inline edit, custom cell type, onloadmore. NOT for first-time datatable setup — use lwc/lwc-data-table. NOT for fully custom virtual grids — use lwc/lwc-virtualized-lists.",1.0.0,Spring '25+,false,7,0,Performance;Operational Excellence,skills/lwc/lwc-datatable-advanced/SKILL.md,b646a0733771a8ae98a1c3cf7f45dfb692db6634cc79e3deaa5ace0f385ec28c,retain-knowledge-substrate,false,progressive-on-demand,Do not flatten into always-on host context; preserve package and evaluate through product context packs.
lwc/lwc-debugging-devtools,lwc,lwc-debugging-devtools,"Use when you need to diagnose live Lightning Web Component behavior in the browser — setting breakpoints, stepping through @wire emits, inspecting component state with the Lightning Component Inspector, reading. NOT for Jest test failures — use `lwc-testing` — and NOT for Apex debug logs, which are  — use lwc/common-lwc-runtime-errors.",1.0.0,Spring '25+,false,10,0,Operational Excellence;Reliability;Security,skills/lwc/lwc-debugging-devtools/SKILL.md,ffd8da5b7ebb333d33f7b6a4ab7d3f7266039caba82ecccb71785458a875ce27,retain-knowledge-substrate,false,progressive-on-demand,Do not flatten into always-on host context; preserve package and evaluate through product context packs.
lwc/lwc-drag-and-drop,lwc,lwc-drag-and-drop,"HTML5 drag-and-drop API in LWC — draggable=""true"", dataTransfer.setData / getData, ondragover preventDefault, drop zones, visual hover state, accessibility (keyboard alternatives, aria-grabbed deprecation), and shadow DOM event leakage. NOT for uploading a file the user dropped on the component — use lwc/file-upload-patterns.",1.0.0,Spring '25+,false,7,0,Operational Excellence,skills/lwc/lwc-drag-and-drop/SKILL.md,86fc2572ee7ab843ea3fcb05576ce82344492bd4157580b35f67be9edb0cc083,retain-knowledge-substrate,false,progressive-on-demand,Do not flatten into always-on host context; preserve package and evaluate through product context packs.
lwc/lwc-dynamic-components,lwc,lwc-dynamic-components,"Dynamic LWC component creation using the `lwc:component` directive, lazy-loaded dynamic imports (`import()`), and runtime component resolution for conditional rendering at scale. Triggers: 'render different components based on record type', 'dynamically load lwc at runtime', 'lwc:component lwc:is constructor', 'lazy load component only when needed', 'dynamic import lwc'. NOT for lwc:if over a fixed component set — use lwc/lwc-conditional-rendering. NOT for page performance tuning — use lwc/lwc-performance.",1.0.0,Spring '25+,false,6,0,User Experience;Operational Excellence,skills/lwc/lwc-dynamic-components/SKILL.md,529209d70439ea5b32768a01783d6f7f5d01921cd5cf6ca1d76030e560fc16cf,retain-knowledge-substrate,false,progressive-on-demand,Do not flatten into always-on host context; preserve package and evaluate through product context packs.
lwc/lwc-error-boundaries,lwc,lwc-error-boundaries,"Isolate component errors so one failure does not blank an entire page using errorCallback and graceful fallbacks. NOT for server-side Apex exception design — use apex/exception-handling. Also covers: normalising error.body across UI API read, UI API write, Apex and network shapes; fallback UI; retry by remount; telemetry hand-off from the boundary.",1.2.0,Spring '25+,false,12,0,Reliability;User Experience,skills/lwc/lwc-error-boundaries/SKILL.md,5e5d1e76b28207696cb488a513ead9e03c37bc1731ccd1cdcd8a7ba00a712002,retain-knowledge-substrate,false,progressive-on-demand,Do not flatten into always-on host context; preserve package and evaluate through product context packs.
lwc/lwc-focus-management,lwc,lwc-focus-management,"Focus trap, restore, and programmatic focus in modals, wizards, and dynamic lists. Triggers: focus trap LWC, focus restore, tabindex modal. NOT for general LWC accessibility review — use lwc/lwc-accessibility.",1.0.1,Spring '25+,false,5,0,User Experience;Security,skills/lwc/lwc-focus-management/SKILL.md,0e725cee342387158d7f1a7afa1eebae085abe3833e889ceef8f79a04c19d101,retain-knowledge-substrate,false,progressive-on-demand,Do not flatten into always-on host context; preserve package and evaluate through product context packs.
lwc/lwc-forms-and-validation,lwc,lwc-forms-and-validation,"Use when building or reviewing Lightning Web Component form UX, especially the choice between `lightning-record-edit-form` and custom inputs, client-side validation with `reportValidity()`, server-side validation feedback, and file upload flows. NOT for Flow screen design or Apex-only validation logic — use lwc/lwc-lightning-record-forms.",1.1.0,Spring '25+',false,14,0,User Experience;Reliability,skills/lwc/lwc-forms-and-validation/SKILL.md,91b9ac0077bbc5a19261759129b62c5f0b1a47c5f75298a2216feab1697a5a3f,retain-knowledge-substrate,false,progressive-on-demand,Do not flatten into always-on host context; preserve package and evaluate through product context packs.
lwc/lwc-graphql-wire,lwc,lwc-graphql-wire,"Use when an LWC needs to read related records across multiple sObjects in one request, paginate a related list with cursors, or replace several overlapping `@wire(getRecord)` calls with a single shared-cache query. Covers both. NOT for single-record reads where `getRecord` from `lightning/uiRecordApi` already fits — use lwc/wire-service-patterns.",1.1.0,Spring '25+,false,10,0,Performance;Security;Reliability,skills/lwc/lwc-graphql-wire/SKILL.md,14439fce3a64bd8d6538e4f3472431e58f4aec436808f363ab31f0d34a52b0f4,retain-knowledge-substrate,false,progressive-on-demand,Do not flatten into always-on host context; preserve package and evaluate through product context packs.
lwc/lwc-imperative-apex,lwc,lwc-imperative-apex,"Call Apex methods imperatively from LWC — on button click, lifecycle hooks, or conditional logic. Covers import syntax, cacheable vs non-cacheable, async/await patterns, error handling, loading states, and Promise.all. NOT for reactive @wire reads — use lwc/wire-service-patterns. NOT for mocking the call in a Jest test — use lwc/lwc-testing.",1.0.0,Spring '25+,false,7,0,Security;Performance;Reliability,skills/lwc/lwc-imperative-apex/SKILL.md,9b761d6237b853fe5e196e68cbd87118ea61c07814163488a84eba0447f6cf46,retain-knowledge-substrate,false,progressive-on-demand,Do not flatten into always-on host context; preserve package and evaluate through product context packs.
lwc/lwc-in-flow-screens,lwc,lwc-in-flow-screens,"Use when building, reviewing, or troubleshooting a custom Lightning Web Component that runs inside a Flow screen element, covering @api props exposed to Flow, FlowAttributeChangeEvent for output, validate() for user input validation, and flow navigation events. Triggers: 'lwc in flow screen', 'FlowAttributeChangeEvent', 'flow screen component not updating', 'flow validate method', 'flow navigation from lwc'. NOT for custom property editors (use custom-property-editor-for-flow), NOT for embedding a flow inside an LWC (use flow/screen-flows), NOT for auto-launched flows.",1.0.0,Spring '25+,false,6,0,User Experience;Reliability,skills/lwc/lwc-in-flow-screens/SKILL.md,0d3aee245f6349a2d72bacb8b5f35573b8fc36bd48ba3450a41da19c9c3c7a42,retain-knowledge-substrate,false,progressive-on-demand,Do not flatten into always-on host context; preserve package and evaluate through product context packs.
lwc/lwc-internationalization,lwc,lwc-internationalization,"Build LWCs with translation, locale-aware formatting, and RTL layouts. Triggers: LWC i18n, custom labels LWC, RTL layout, @salesforce/label import, @salesforce/i18n locale, timeZone, currency, Intl.NumberFormat in LWC, Translations metadata, date off by one day, mock a label in Jest. NOT for Translation Workbench admin setup — use admin/custom-label-management. NOT for org-wide multi-language config — use admin/multi-language-and-translation.",1.2.0,Spring '25+,false,16,0,User Experience,skills/lwc/lwc-internationalization/SKILL.md,fadea0ed061b5999c45126c8528e9a317212bb280f76d75aff386d7d1579640e,retain-knowledge-substrate,false,progressive-on-demand,Do not flatten into always-on host context; preserve package and evaluate through product context packs.
lwc/lwc-jest-testing-with-accessibility,lwc,lwc-jest-testing-with-accessibility,"Use when authoring or reviewing Jest unit tests for Lightning Web Components and the test plan must include explicit accessibility assertions — covers `@salesforce/sfdx-lwc-jest` setup, `createElement` / `document.body.appendChild` render harness, wire-service mocks via `@salesforce/wire-service-jest-util`, imperative Apex mocks via `jest.fn()`, simulated user interactions (`click`, `keydown`, `focus`), ARIA attribute and accessible-name assertions, focus-management tests, keyboard-navigation tests, and optional `axe-core` integration via `jest-axe`. Triggers: 'add a11y assertions to my LWC jest tests', 'how do I test focus management in LWC', 'jest test for keyboard navigation', 'integrate axe-core into sfdx-lwc-jest', 'assert ARIA attributes after interaction', 'how do I prove the LWC is accessible in CI'. NOT for general LWC jest setup without an a11y angle (use lwc/lwc-testing — this skill is the accessibility-deep-dive sibling), NOT for accessibility-pattern authoring inside the component itself (use lwc/lwc-accessibility-patterns), NOT for end-to-end UI automation via UTAM, NOT for manual screen-reader QA workflows.",1.0.0,Spring '25+,false,9,0,Operational Excellence;User Experience;Reliability,skills/lwc/lwc-jest-testing-with-accessibility/SKILL.md,67717092c6836200a12670c0a10e6c51d10502fdfcba63f3a8120869bb2d4d50,retain-knowledge-substrate,false,progressive-on-demand,Do not flatten into always-on host context; preserve package and evaluate through product context packs.
lwc/lwc-lds-writes,lwc,lwc-lds-writes,"Use when an LWC must create, update, or delete records via Lightning Data Service (`lightning/uiRecordApi` — `createRecord`, `updateRecord`, `deleteRecord`) or via `lightning-record-edit-form` / `lightning-record-form`. Triggers: 'updateRecord cache not refreshing', 'createRecord returns DUPLICATES_DETECTED', 'updateRecord input shape with field references', 'lightning-record-edit-form submit not committing', 'should I use LDS write or imperative Apex DML'. NOT for read-only wires (use lwc/wire-service-patterns), NOT for refreshing wired data after a write (use lwc/lwc-wire-refresh-patterns), and NOT for Apex DML from LWC (use apex/apex-dml-patterns).",1.0.0,Spring '25+,false,6,0,Security;Reliability;User Experience,skills/lwc/lwc-lds-writes/SKILL.md,a728614794d86d9be6d2b351a89290385be6c2a0821aef94c862aa1d95f00d64,retain-knowledge-substrate,false,progressive-on-demand,Do not flatten into always-on host context; preserve package and evaluate through product context packs.
lwc/lwc-light-dom,lwc,lwc-light-dom,"Use Light DOM in LWC when third-party libraries or global CSS require document-level access. Triggers: light DOM LWC, renderMode light, shadow DOM escape. NOT for choosing Shadow vs Light DOM — use lwc/lwc-shadow-vs-light-dom-decision. NOT for managed-package distribution constraints — use architect/omnistudio-vs-standard-decision.",1.0.0,Spring '25+,false,8,0,Security;Performance;Operational Excellence,skills/lwc/lwc-light-dom/SKILL.md,e4dda6274700ad024b57163ab9700a8baba9248eb8ec0aa4b50044033b96849d,retain-knowledge-substrate,false,progressive-on-demand,Do not flatten into always-on host context; preserve package and evaluate through product context packs.
lwc/lwc-lightning-modal,lwc,lwc-lightning-modal,"LightningModal base class (Winter '23+): extending LightningModal, open() static method, modal headers/bodies/footers, close() with result, size variants, accessibility. NOT for lightning-dialog legacy patterns (deprecated) — use lwc/lwc-modal-and-overlay.",1.1.0,Spring '25+,false,6,0,User Experience;Operational Excellence,skills/lwc/lwc-lightning-modal/SKILL.md,85dc7569edf55603e0a600a803c02c8620d4f415596091088fd52875c6554241,retain-knowledge-substrate,false,progressive-on-demand,Do not flatten into always-on host context; preserve package and evaluate through product context packs.
lwc/lwc-lightning-record-forms,lwc,lwc-lightning-record-forms,"lightning-record-form vs record-edit-form vs uiRecordApi for record create/edit in LWC. Triggers: lightning-record-form, record-edit-form, uiRecordApi form. NOT for fully custom forms — use lwc/lwc-forms-and-validation.",1.0.0,Spring '25+,false,7,0,Operational Excellence;Security,skills/lwc/lwc-lightning-record-forms/SKILL.md,48a2d1d5e4ce6021ff25be200ee45778dc61e845c912f7ae7f935b2fad1a1e01,retain-knowledge-substrate,false,progressive-on-demand,Do not flatten into always-on host context; preserve package and evaluate through product context packs.
lwc/lwc-local-development,lwc,lwc-local-development,"Use when previewing Lightning web components, Lightning apps, or Experience (LWR) sites in real time during development with Live Preview (formerly Local Dev) — the `sf lightning dev app` / `sf lightning dev site` / `sf lightning dev component` CLI commands and the Live Preview VS Code extension — including single-component preview with platform-module access (LDS wire adapters, `@salesforce` scoped modules, Apex controllers) and knowing which edits live-reload vs need a manual redeploy. Triggers: 'preview my LWC without deploying', 'set up local dev live reload', 'run sf lightning dev component', 'why don't new @api properties show on save'. NOT for Jest unit testing (use lwc/lwc-testing), NOT for the Apex/Flow Unified Testing / Test Discovery & Test Runner APIs (a separate, LWC-unrelated capability), and NOT for CI/production deployment.",1.0.0,Spring '26+,false,5,0,Operational Excellence;Security,skills/lwc/lwc-local-development/SKILL.md,f95de4bd8f862c832c909a0e09147289502087e6138452e093f0dea6455fc550,retain-knowledge-substrate,false,progressive-on-demand,Do not flatten into always-on host context; preserve package and evaluate through product context packs.
lwc/lwc-locker-to-lws-migration,lwc,lwc-locker-to-lws-migration,"Migrating LWCs from Lightning Locker Service to Lightning Web Security (LWS) — flipping the org switch safely, identifying components likely to break, removing Locker workarounds that are now unnecessary. NOT for Aura → LWC migration — use lwc/aura-to-lwc-migration. NOT for general LWC security review — use lwc/lwc-security.",1.0.1,Spring '25+,false,7,0,Security;Reliability;Operational Excellence,skills/lwc/lwc-locker-to-lws-migration/SKILL.md,4d59c469194806adbe691734f2985a7e32a8a568cd2e197c2b3680d02a929402,retain-knowledge-substrate,false,progressive-on-demand,Do not flatten into always-on host context; preserve package and evaluate through product context packs.
lwc/lwc-mobile-offline-and-briefcase,lwc,lwc-mobile-offline-and-briefcase,"Use when designing LWCs that must work offline in the standard Salesforce Mobile App, and when configuring Briefcase Builder rules to prime records onto user devices. Covers form-factor detection (`@salesforce/client/formFactor`), Lightning Data Service offline-cache behavior, Briefcase priming-rule design, conflict resolution on reconnect, and the legacy SmartStore / IndexedDB picture for context. Triggers: 'briefcase builder rule design', 'lwc not working offline', 'how do I prime records to user devices', 'sync conflict on reconnect', 'offline draft persistence in lwc'. NOT for Field Service Mobile offline priming (use admin/fsl-mobile-app-setup or architect/fsl-offline-architecture — FSL has its own priming pipeline). NOT for general LWC mobile container patterns / device APIs (use lwc/lwc-offline-and-mobile).",1.0.0,Spring '25+,false,9,0,Reliability;Performance,skills/lwc/lwc-mobile-offline-and-briefcase/SKILL.md,9fe7b111f357f544c573af7a7d27af95a2b3db7caeba0cbb0d9159a6d12359fb,retain-knowledge-substrate,false,progressive-on-demand,Do not flatten into always-on host context; preserve package and evaluate through product context packs.
lwc/lwc-modal-and-overlay,lwc,lwc-modal-and-overlay,"Use when choosing or reviewing overlay patterns in Lightning Web Components, especially `LightningModal`, confirmation dialogs, toasts, focus handling, and overlay dismissal behavior. Triggers: 'lightning modal in lwc', 'toast or modal decision', 'focus trap in modal', 'overlay close result', 'extends LightningModal', 'lightning-modal-body', 'close(result)', 'LightningConfirm', 'LightningAlert', 'LightningPrompt', 'lightning/toast', 'ShowToastEvent', 'modal stacking', 'CloseActionScreenEvent'. NOT for full Flow screen UX design or record-edit processes that should stay on-page - use flow/screen-flows.",1.1.0,Spring '25+',false,13,0,User Experience;Reliability,skills/lwc/lwc-modal-and-overlay/SKILL.md,a32f1330e1bd33211dc3f377ade7ebc50c00f4844461ade3016f5712acb744da,retain-knowledge-substrate,false,progressive-on-demand,Do not flatten into always-on host context; preserve package and evaluate through product context packs.
lwc/lwc-navigation-mixin,lwc,lwc-navigation-mixin,"Navigate between Lightning pages, records, and apps from LWC via NavigationMixin. Triggers: NavigationMixin, navigate, standard__recordPage. NOT for URL/deep-link strategy across apps — use lwc/navigation-and-routing. NOT for cross-tab state — use lwc/lwc-cross-tab-state-sync.",1.1.0,Spring '25+,false,8,0,User Experience;Operational Excellence,skills/lwc/lwc-navigation-mixin/SKILL.md,64ac5857ad57e1ec565d43eee032361c5428b48e869fe9f122cb61bb4136ae4f,retain-knowledge-substrate,false,progressive-on-demand,Do not flatten into always-on host context; preserve package and evaluate through product context packs.
lwc/lwc-offline-and-mobile,lwc,lwc-offline-and-mobile,"Use when designing or reviewing Lightning Web Components for the Salesforce mobile app, mobile device capabilities, or offline-aware behavior. Triggers: 'lightning/mobileCapabilities', 'mobile lwc', 'offline lwc', 'barcode scanner lwc', 'isAvailable', 'supportedFormFactors', 'formFactor Small', 'pull to refresh not working', 'lightning/uiGraphQLApi vs lightning/graphql'. NOT for Mobile SDK or fully native app architecture unless the decision is whether LWC i — use apex/fsl-mobile-app-extensions. NOT for Briefcase Builder priming rules or offline sync conflict design — use lwc/lwc-mobile-offline-and-briefcase.",1.1.0,Spring '25+,false,18,0,User Experience;Reliability;Performance,skills/lwc/lwc-offline-and-mobile/SKILL.md,c5370ebb20a3a8d6d60401e1941d9cbe1449b3b445abdcef3be946a0d9880f30,retain-knowledge-substrate,false,progressive-on-demand,Do not flatten into always-on host context; preserve package and evaluate through product context packs.
lwc/lwc-performance,lwc,lwc-performance,"Use when designing or reviewing Lightning Web Components for slow initial load, heavy rerenders, large-list rendering, payload reduction, and lazy instantiation choices such as `lwc:if`, tabs, or dynamic components. Triggers: 'slow lwc', 'rerenders too much', 'key index', 'dynamic import', 'large list lag'. NOT for 1,000+ row lists — use lwc/lwc-virtualized-lists. NOT for a slow record page overall — use admin/lightning-app-builder-advanced.",1.0.0,Spring '25+,false,6,0,Performance,skills/lwc/lwc-performance/SKILL.md,b43bd9601703072a4a8a25d63ed48d4c0af09259382fc7f1773766b31d7dee41,retain-knowledge-substrate,false,progressive-on-demand,Do not flatten into always-on host context; preserve package and evaluate through product context packs.
lwc/lwc-performance-budgets,lwc,lwc-performance-budgets,"Set and enforce performance budgets for Lightning Web Components: bundle-size limits per component, LCP/INP field targets, wire-adapter count caps, and CI-gate configuration using Lighthouse or webpagetest. Trigger keywords: lwc performance budget, bundle size limit, lcp budget, lighthouse ci, lwc size gate. NOT for runtime optimization techniques, Lightning page tuning, or general LCP causes — use lwc/lwc-performance.",1.0.1,Spring '25+,false,6,2,Performance;Operational Excellence,skills/lwc/lwc-performance-budgets/SKILL.md,f276a7e93209d8e1dcec745d960f46f82ea971bfa0aa914a75fb4368ce58d835,retain-knowledge-substrate,false,progressive-on-demand,Do not flatten into always-on host context; preserve package and evaluate through product context packs.
lwc/lwc-public-api-hardening,lwc,lwc-public-api-hardening,"Use when an LWC exposes `@api` properties, `@api` methods, or design attributes in `<targetConfig>` and you need a defensive, predictable public contract. Covers runtime type coercion (the `@api` decorator does NOT validate types), required-prop checks, and design attributes. NOT for component-to-component messaging (use lwc/component-communication) or reactive state — use lwc/lwc-reactive-state-patterns.",1.0.1,Spring '25+,false,7,0,Security;Reliability;Operational Excellence,skills/lwc/lwc-public-api-hardening/SKILL.md,2b5bf8f8c23053ca8eea707b0f04dcee7b44f3495ad3db98b8deb4c8c66f4f1f,retain-knowledge-substrate,false,progressive-on-demand,Do not flatten into always-on host context; preserve package and evaluate through product context packs.
lwc/lwc-pubsub-patterns,lwc,lwc-pubsub-patterns,"Legacy pubsub communication between LWCs on the same page (deprecated — prefer LMS). Triggers: pubsub LWC, c-pubsub, pageRef pubsub. NOT for modern cross-component messaging — use lwc/message-channel-patterns. NOT for parent-child events — use lwc/lwc-custom-event-patterns.",1.0.0,Spring '25+,false,7,0,Performance;Reliability,skills/lwc/lwc-pubsub-patterns/SKILL.md,ed1929ec5e82cae85dafc78a0d50a3dbcc26232c66d823612617e7f2088059a9,retain-knowledge-substrate,false,progressive-on-demand,Do not flatten into always-on host context; preserve package and evaluate through product context packs.
lwc/lwc-quick-actions,lwc,lwc-quick-actions,"Use when building a Lightning Web Component that runs from a record page quick-action button — either a screen action that renders UI in a modal or a headless action that invokes logic with no UI. Triggers: 'lwc quick action on record page', 'headless quick action no ui', 'closeactionscreenevent not working', 'how to pass recordid into quick action lwc'. NOT for Flow screen components — use lwc/lwc-in-flow-screens. NOT for global actions without a record context — use admin/global-actions-and-quick-actions.",1.0.0,Spring '25+,false,7,0,Performance;Security;Operational Excellence,skills/lwc/lwc-quick-actions/SKILL.md,db059ad4aed22e5787c41ad00f7f3019a6d34438717282c246081a18555127d5,retain-knowledge-substrate,false,progressive-on-demand,Do not flatten into always-on host context; preserve package and evaluate through product context packs.
lwc/lwc-reactive-state-patterns,lwc,lwc-reactive-state-patterns,"LWC reactivity after API v48 — @track vs class fields, deep object updates, rerender pitfalls. Triggers: LWC reactivity, @track, reactive object, rerender. NOT for wire adapter refresh — use lwc/lwc-wire-refresh-patterns. NOT for record form data — use lwc/lwc-lightning-record-forms.",1.0.0,Spring '25+,false,7,0,Performance;Operational Excellence,skills/lwc/lwc-reactive-state-patterns/SKILL.md,a8379cf91a42da40fcfa7b853b541bbb0aa38a6228850f5e0f6ab66d22a454c5,retain-knowledge-substrate,false,progressive-on-demand,Do not flatten into always-on host context; preserve package and evaluate through product context packs.
lwc/lwc-record-picker,lwc,lwc-record-picker,"lightning-record-picker base component (Winter '24 GA): object/record filter, displayInfo/matchingInfo, graph-ql filters, accessibility. Replaces ad-hoc lookup inputs. NOT for a fully custom typeahead lookup — use lwc/lwc-custom-lookup.",1.1.0,Spring '25+,false,6,0,User Experience;Operational Excellence,skills/lwc/lwc-record-picker/SKILL.md,eea98b3bdb2f7bbeba99157b890008267179c5b73b41aab8d3a1576b4ba80161,retain-knowledge-substrate,false,progressive-on-demand,Do not flatten into always-on host context; preserve package and evaluate through product context packs.
lwc/lwc-security,lwc,lwc-security,"Use when designing or reviewing Lightning Web Components for DOM safety, Lightning Web Security. Triggers: 'innerHTML in lwc', 'Lightning Web Security', 'document.querySelector', 'light DOM security', 'secure apex class for lwc'. NOT for org-wide sharing architecture or Apex-only security reviews when no LWC surface  — use lwc/lwc-light-dom.",1.0.0,Spring '25+',false,5,0,Security;Reliability;User Experience,skills/lwc/lwc-security/SKILL.md,ee8609f0773bc0a4b625bc182ea7fdb1b7d7a55ac5a367891cc86c1a73de8129,retain-knowledge-substrate,false,progressive-on-demand,Do not flatten into always-on host context; preserve package and evaluate through product context packs.
lwc/lwc-server-sent-events,lwc,lwc-server-sent-events,"Use when building LWCs that must react to live server pushes — Platform Events, Change Data Capture, or streaming updates — via the lightning/empApi (CometD) subscription model. Covers lifecycle, replayId, error handling. NOT for publishing events (see platform-events or apex-platform-events) — use integration/platform-events-integration.",1.0.1,Spring '25+,false,5,0,Reliability;User Experience;Scalability,skills/lwc/lwc-server-sent-events/SKILL.md,7da697d2d68e50f14ed3c035e0d2e71fc3450b3182f9cea902a517e65b93b634,retain-knowledge-substrate,false,progressive-on-demand,Do not flatten into always-on host context; preserve package and evaluate through product context packs.
lwc/lwc-shadow-vs-light-dom-decision,lwc,lwc-shadow-vs-light-dom-decision,"Decide Shadow DOM vs Light DOM for an LWC — Salesforce distribution rules, Locker/LWS, third-party library needs. Triggers: shadow vs light DOM, renderMode decision. NOT for implementing Light DOM after the decision — use lwc/lwc-light-dom.",1.0.0,Spring '25+,false,8,0,Reliability;Performance;Operational Excellence,skills/lwc/lwc-shadow-vs-light-dom-decision/SKILL.md,62328e8de83e38e171b8e9f072c9363353c050cf77c8ea6e3a929cab66051170,retain-knowledge-substrate,false,progressive-on-demand,Do not flatten into always-on host context; preserve package and evaluate through product context packs.
lwc/lwc-show-toast-patterns,lwc,lwc-show-toast-patterns,"ShowToastEvent in LWC: variants (success/warning/error/info), modes (dismissible/pester/sticky), message formatting, NOT supported in LWR Experience Cloud sites, alternatives (lightning-alert, inline banners). NOT for custom notification types (use admin/custom-notification-types). NOT for SLDS popovers.",1.1.0,Spring '25+,false,6,0,User Experience;Reliability,skills/lwc/lwc-show-toast-patterns/SKILL.md,0012f57feed3785998171c1f16b9c9476811ce140cb692c9d0b4eb02c7cb07d7,retain-knowledge-substrate,false,progressive-on-demand,Do not flatten into always-on host context; preserve package and evaluate through product context packs.
lwc/lwc-slots-composition,lwc,lwc-slots-composition,"Use when a Lightning Web Component needs to let a parent inject markup into predefined regions using `<slot>` — default and named slots, `slotchange` wiring, fallback content, and detecting slot emptiness. NOT for rendering a dynamic component whose tag name is chosen at runtime (that is `lwc:is`) — use lwc/lwc-dynamic-components. NOT for third-party custom-element interop — use lwc/lwc-web-components-interop.",1.0.1,Spring '25+,false,8,0,Performance;Reliability;Operational Excellence,skills/lwc/lwc-slots-composition/SKILL.md,34c2b6335353e0acefaf82cdf1794ee05d893030ea0cdf6869d1286690f896ef,retain-knowledge-substrate,false,progressive-on-demand,Do not flatten into always-on host context; preserve package and evaluate through product context packs.
lwc/lwc-state-management,lwc,lwc-state-management,"Share state across LWCs using pub/sub, Lightning Message Service, @wire, and reactive stores. NOT for in-component reactivity — use lwc/lwc-reactive-state-patterns.",1.1.0,Spring '25+,false,4,0,Scalability;User Experience,skills/lwc/lwc-state-management/SKILL.md,a1a5fc392c536e415095d85886660cba40ca6bcc71e0dc6f29d9bbd382bf2cca,retain-knowledge-substrate,false,progressive-on-demand,Do not flatten into always-on host context; preserve package and evaluate through product context packs.
lwc/lwc-styling-hooks,lwc,lwc-styling-hooks,"Use when theming Lightning base components or custom LWCs with SLDS Styling Hooks — CSS custom properties such as `--slds-c-button-color-background`, `--slds-g-color-brand-base-50`, and `--sds-c-*` — across app, page, component, or Experience Cloud scopes, including SLDS 2 (2e) migration via SLDS Validator / Linter and dark-mode surface work. Triggers: 'how to theme lightning-button', 'custom color without overriding slds classes', 'slds 2 migration for lwc', '--slds-c-button-color-background doesn't work', 'experience cloud brand color in lwc', 'dark mode lwc base components'. NOT for your own component's scoped CSS and shadow-boundary problems — use lwc/lwc-css-and-styling. NOT for Experience Cloud branding sets and palette pickers — use admin/experience-cloud-site-setup.",1.0.0,Spring '25+,false,7,0,Operational Excellence;Reliability;Performance,skills/lwc/lwc-styling-hooks/SKILL.md,5645929545081346b14a4ffbf4765b32087494b41df59054725759dc0217e9c5,retain-knowledge-substrate,false,progressive-on-demand,Do not flatten into always-on host context; preserve package and evaluate through product context packs.
lwc/lwc-template-refs,lwc,lwc-template-refs,"Use when an LWC needs a stable, typed handle to a specific DOM element it owns — focusing inputs, imperatively validating a known form field, invoking a `@api` method on a child component, or migrating fragile. NOT for querying elements inside `for:each` iterators — refs do not work there — and NOT — use lwc/lwc-focus-management.",1.0.0,Spring '25+,false,6,0,Reliability;Performance;Operational Excellence,skills/lwc/lwc-template-refs/SKILL.md,8c87ac105e0d3a3c2707d360cda0e29a4c22c028d8769a3f030c975528d528b9,retain-knowledge-substrate,false,progressive-on-demand,Do not flatten into always-on host context; preserve package and evaluate through product context packs.
lwc/lwc-testing,lwc,lwc-testing,"Jest unit tests for LWC — @salesforce/sfdx-lwc-jest, wire adapter mocks, DOM assertions. Triggers: LWC Jest, sfdx-lwc-jest, component test. NOT for Apex tests — use apex/test-class-standards. NOT for browser E2E — use devops/automated-regression-testing.",1.1.0,Spring '25+,false,18,0,Reliability;Operational Excellence;User Experience,skills/lwc/lwc-testing/SKILL.md,202f11c0cf1afaeed9404b3a78272be0c3a02631b81d13d3409154a5d6b0ea5a,retain-knowledge-substrate,false,progressive-on-demand,Do not flatten into always-on host context; preserve package and evaluate through product context packs.
lwc/lwc-toast-and-notifications,lwc,lwc-toast-and-notifications,"Show toast, platform, and in-app notifications from LWC — ShowToastEvent, lightning/platformShowToastEvent, Custom Notification types. Triggers: ShowToastEvent, toast LWC, custom notification LWC, toast not showing in Experience Cloud, lightning/toast vs platformShowToastEvent, Messaging.CustomNotification from Apex. NOT for modal overlays — use lwc/lwc-modal-and-overlay.",1.1.0,Spring '25+,false,12,0,User Experience,skills/lwc/lwc-toast-and-notifications/SKILL.md,a8df53fc22dc5d365a4660754b8aa5c75f2043f212fa1e89808f0e94d626778a,retain-knowledge-substrate,false,progressive-on-demand,Do not flatten into always-on host context; preserve package and evaluate through product context packs.
lwc/lwc-typescript-migration,lwc,lwc-typescript-migration,"Plan, execute, and verify a Lightning Web Components JavaScript-to-TypeScript migration with an explicit Salesforce toolchain strategy, bundle-by-bundle sequencing, Lightning base-component types, generated-output ownership, tests, and rollback. Trigger keywords: migrate LWC to TypeScript, LWC .ts, defaultLwcLanguage, lightning-types, TypeScript LWC build. General TypeScript tutorials and non-Salesforce web applications are outside this package. NOT for performance refactoring unrelated to the language migration — use lwc/lwc-performance.",1.0.0,Spring '26+,true,5,3,Reliability;Performance;User Experience;Operational Excellence,skills/lwc/lwc-typescript-migration/SKILL.md,91a99f833f6a1b5d03e82b10a240fe72b5b8d0148451aa74ca67d7cdcf524101,retain-knowledge-substrate,false,progressive-on-demand,Do not flatten into always-on host context; preserve package and evaluate through product context packs.
lwc/lwc-virtualized-lists,lwc,lwc-virtualized-lists,"Hand-built virtual/windowed list rendering in LWC for datasets above datatable limits — IntersectionObserver sentinels. Triggers: virtual list LWC, windowed rendering, infinite scroll custom. NOT for built-in lightning-datatable infinite loading — use lwc/lwc-datatable-advanced. NOT for simple lists under ~100 rows — use lwc/virtualized-lists.",1.0.0,Spring '25+,false,7,0,Operational Excellence;Reliability,skills/lwc/lwc-virtualized-lists/SKILL.md,e16dc587d50106fff93adaf1e4887632a12091291c97422693b059f43b39e164,retain-knowledge-substrate,false,progressive-on-demand,Do not flatten into always-on host context; preserve package and evaluate through product context packs.
lwc/lwc-web-components-interop,lwc,lwc-web-components-interop,"LWC interop with non-LWC web components: consuming third-party standard custom elements in LWC, exposing LWC as custom elements externally, Shadow DOM vs native web components, polyfills, and slotting patterns. NOT for LWC-to-LWC composition (use lwc-best-practices) — use lwc/lwc-light-dom.",1.0.0,Spring '25+,false,7,0,Performance;Reliability,skills/lwc/lwc-web-components-interop/SKILL.md,26a6b3984541042b248f17f686f969c6b51d5ec353099076f27975334f9a07d3,retain-knowledge-substrate,false,progressive-on-demand,Do not flatten into always-on host context; preserve package and evaluate through product context packs.
lwc/lwc-wire-refresh-patterns,lwc,lwc-wire-refresh-patterns,"refreshApex, getRecordNotifyChange, and RefreshView API for LWC data refresh: when wired data is stale, forcing re-fetch after imperative DML, cross-component refresh, 2024 RefreshView replacement of getRecordNotifyChange. NOT for @wire basics and reactive params — use lwc/wire-service-patterns. NOT for LDS create/update/delete — use lwc/lwc-lds-writes.",1.1.0,Spring '25+,false,6,0,Reliability;Performance,skills/lwc/lwc-wire-refresh-patterns/SKILL.md,c531dae5c2b0f27bcfabea8b535fdaa6cee07ba513f88c8a226a4a3e31cac535,retain-knowledge-substrate,false,progressive-on-demand,Do not flatten into always-on host context; preserve package and evaluate through product context packs.
lwc/lwr-site-development,lwc,lwr-site-development,"Use this skill when building or customizing sites on the Lightning Web Runtime (LWR) in Experience Cloud — including component authoring, custom theming with --dxp hooks, layout components, and publish lifecycle management. Trigger keywords: build LWR site Experience Cloud, Lightning Web Runtime custom theme, LWR component development community, Build Your Own LWR template, Microsite LWR, lightningCommunity__Theme_Layout, --dxp styling hooks. NOT for Aura-based communities or no-code Experience Builder setup — use admin/experience-cloud-site-setup. NOT for one component's guest access — use lwc/experience-cloud-lwc-components.",1.0.0,Spring '26+,false,5,0,Security;Performance;Operational Excellence,skills/lwc/lwr-site-development/SKILL.md,4c74b3efd8831bede3c6f534afad914327171796cc387bf7217f738455772de4,retain-knowledge-substrate,false,progressive-on-demand,Do not flatten into always-on host context; preserve package and evaluate through product context packs.
lwc/message-channel-patterns,lwc,message-channel-patterns,"Lightning Message Service — MessageChannel metadata, publish/subscribe across DOM boundaries. Triggers: Lightning Message Service, MessageChannel, publish subscribe LWC. NOT for parent-child-only communication — use lwc/component-communication. NOT for legacy pubsub — use lwc/lwc-pubsub-patterns.",1.0.0,Spring '25+,false,6,0,User Experience;Reliability,skills/lwc/message-channel-patterns/SKILL.md,e85e5b1a779f8bb817eecc25e22f81a1b1a626133f985fe432fd365307a72f1a,retain-knowledge-substrate,false,progressive-on-demand,Do not flatten into always-on host context; preserve package and evaluate through product context packs.
lwc/multi-framework-ui-bundles,lwc,multi-framework-ui-bundles,"Use when building, deploying, or reviewing a React web app that runs natively on Salesforce via Salesforce Multi-Framework and the UIBundle metadata type — scaffolding with `sf template generate ui-bundle`, data access through @salesforce/sdk-data (createDataSDK, GraphQL, Apex fetch), App Launcher / Custom Application / Experience targeting, and embedding Agentforce chat with the Agentforce Conversation Client. Open Beta: scratch orgs and sandboxes only, English default language, no production deploys. NOT for standard Lightning Web Component development (use lwc/* skills), NOT for Lightning Out 1.0 / Visualforce embedding, and NOT for authoring LightningTypeBundle UI overrides (use agentforce/agentforce-custom-lightning-types).",1.0.0,"Summer '26+ (API 67.0+, GA)",false,5,0,Security;Operational Excellence,skills/lwc/multi-framework-ui-bundles/SKILL.md,17f91a9328016b6f86769081227082f959445f859bb1f384d6517aca05ec68e6,retain-knowledge-substrate,false,progressive-on-demand,Do not flatten into always-on host context; preserve package and evaluate through product context packs.
lwc/navigation-and-routing,lwc,navigation-and-routing,"URL routing, deep links, and page-reference patterns beyond basic NavigationMixin calls. Triggers: deep link LWC, page reference, URL state, c__ state key, GenerateUrl href, CurrentPageReference, standard__component, lightning__UrlAddressable, navItemPage custom tab. NOT for simple in-app navigation — use lwc/lwc-navigation-mixin.",1.1.0,Spring '25+',false,14,0,User Experience;Reliability,skills/lwc/navigation-and-routing/SKILL.md,2fb5d2286fb2f7295025387048d5fb12a98a6b28ae2e27c246db00e0c42810d7,retain-knowledge-substrate,false,progressive-on-demand,Do not flatten into always-on host context; preserve package and evaluate through product context packs.
lwc/static-resources-in-lwc,lwc,static-resources-in-lwc,"Use when packaging third-party JavaScript, CSS, or asset files into Salesforce static resources for Lightning Web Components, including `@salesforce/resourceUrl`, `loadScript`, `loadStyle`, zip pathing, versioning, and CSP-safe delivery. Also covers the StaticResource `-meta.xml` (cacheControl Private vs Public, contentType), `lwc:dom=""manual""` containers for DOM-owning libraries, and Jest-mocking the resource loader. NOT for npm-bundled code that ships through the build pipeline or server-side integration assets — use security/csp-and-trusted-urls.",1.1.0,Spring '25+',false,15,0,Performance;Operational Excellence;Security,skills/lwc/static-resources-in-lwc/SKILL.md,b782ed01f57547a8ced40a946cf3440966983793bd6e0bfa4997891cf659aab2,retain-knowledge-substrate,false,progressive-on-demand,Do not flatten into always-on host context; preserve package and evaluate through product context packs.
lwc/tableau-embedding-in-lightning,lwc,tableau-embedding-in-lightning,"Embed Tableau dashboards and Pulse insights in Lightning pages via Tableau Embedding API. Triggers: Tableau embed Lightning, Tableau Pulse, embedding SDK. NOT for CRM Analytics dashboards — use admin/einstein-analytics-basics.",1.0.0,Spring '25+,false,7,0,Security;Performance,skills/lwc/tableau-embedding-in-lightning/SKILL.md,177b800b42a78d801d995b6ee4422fb1c27b26a0b356e41b0f781c8f13b87c10,retain-knowledge-substrate,false,progressive-on-demand,Do not flatten into always-on host context; preserve package and evaluate through product context packs.
lwc/virtualized-lists,lwc,virtualized-lists,"Render only visible rows for long lists (1k+ rows) using intersection observer or lightning-datatable virtual scroll. Triggers: virtual scroll, long list LWC. NOT for hand-built windowed rendering past datatable limits — use lwc/lwc-virtualized-lists.",1.0.1,Spring '25+,false,4,0,Performance;User Experience,skills/lwc/virtualized-lists/SKILL.md,193cc63bc471efd9087dac4ffc94af9c972d95f2a3c0512eb6d7f3bc7cb8071c,retain-knowledge-substrate,false,progressive-on-demand,Do not flatten into always-on host context; preserve package and evaluate through product context packs.
lwc/visualforce-to-lwc-migration,lwc,visualforce-to-lwc-migration,"Migrating Visualforce pages and components to Lightning Web Components: controller-to-Apex-method translation, viewstate replacement, custom URL parameter handling, PageReference-to-NavigationMixin mapping, Lightning Out. NOT for new LWC development from scratch (use lwc-fundamentals) or Aura-to-LWC migration — use lwc/navigation-and-routing.",1.0.0,Spring '25+,false,6,0,User Experience;Operational Excellence;Security,skills/lwc/visualforce-to-lwc-migration/SKILL.md,1770a88e32b79c66decd90df3a0d3732edc91a000d332e88a5bf62f724b7f3e2,retain-knowledge-substrate,false,progressive-on-demand,Do not flatten into always-on host context; preserve package and evaluate through product context packs.
lwc/wire-service-patterns,lwc,wire-service-patterns,"Use when designing or reviewing Lightning Web Components that use `@wire`, Lightning Data Service, UI API, or the GraphQL wire adapter, especially for reactive parameters, cache behavior, and refresh strategy. Triggers: 'wire service', 'refreshApex', 'reactive parameter', 'getRecord', 'wire vs imperative Apex', 'cacheable=true', 'notifyRecordUpdateAvailable', 'wired data is read-only', 'getPicklistValues recordTypeId'. NOT for forcing a refresh after DML — use lwc/lwc-wire-refresh-patterns. NOT for imperative Apex on a click — use lwc/lwc-imperative-apex.",1.2.0,Spring '25+,false,19,0,Performance;Reliability;User Experience,skills/lwc/wire-service-patterns/SKILL.md,1b5f8aad5c429eea5e2b92e984380b38ee936287455be15a24adb9dce7eed452,retain-knowledge-substrate,false,progressive-on-demand,Do not flatten into always-on host context; preserve package and evaluate through product context packs.
omnistudio/business-rules-engine,omnistudio,business-rules-engine,"Use when designing, building, or troubleshooting OmniStudio Business Rules Engine (BRE) artifacts: Decision Tables, Decision Matrices (rule matrices), and Expression Sets used for eligibility determination, pricing, discounting, or any complex multi-attribute rule evaluation. Trigger keywords: 'business rules engine', 'BRE', 'decision table', 'rule matrix', 'eligibility determination', 'ExpressionSetService', 'expression set evaluate'. NOT for Flow decision elements or Flow-based branching logic (use flow/* skills). NOT for Calculation Procedures that do not involve multi-condition rule lookup (use omnistudio/calculation-procedures). Requires Industries Cloud license.",1.0.0,Spring '25+,true,5,0,Reliability;Scalability;Operational Excellence,skills/omnistudio/business-rules-engine/SKILL.md,84789f90687b7c9b1e51dbb2c43801ba3854b8d482017194e1eb0f93cc25d256,retain-knowledge-substrate,false,progressive-on-demand,Do not flatten into always-on host context; preserve package and evaluate through product context packs.
omnistudio/calculation-procedure-design,omnistudio,calculation-procedure-design,"Design Calculation Procedures and Matrices for pricing, rating, and rules-heavy scoring. Triggers: calculation procedure, calculation matrix, expression set, decision matrix. NOT for Salesforce CPQ price rules — use admin/cpq-pricing-rules. NOT for Flow decision logic — use flow/flow-decision-element-patterns.",1.0.1,Spring '25+,true,7,1,Performance;Reliability;Operational Excellence,skills/omnistudio/calculation-procedure-design/SKILL.md,24b0334ee3bea716858b49ae34ab3ea45b537ad7e04e9a6517f15d58cee4dece,retain-knowledge-substrate,false,progressive-on-demand,Do not flatten into always-on host context; preserve package and evaluate through product context packs.
omnistudio/calculation-procedures,omnistudio,calculation-procedures,"Build and troubleshoot Calculation Procedures (Expression Sets) and Calculation Matrices. Triggers: calculation procedure, expression set, calculation matrix, decision matrix, pricing calculation, lookup step, matrix versioning. NOT for pricing/rating design decisions — use omnistudio/calculation-procedure-design.",1.0.0,Spring '25+,true,5,0,Reliability;Scalability,skills/omnistudio/calculation-procedures/SKILL.md,47e02b1c5cb2fc598ce295bce50a8b4fb53d6f619df21a8c58ab7d82bd60898f,retain-knowledge-substrate,false,progressive-on-demand,Do not flatten into always-on host context; preserve package and evaluate through product context packs.
omnistudio/dataraptor-load-and-extract,omnistudio,dataraptor-load-and-extract,"Build or debug DataRaptor Extract and Load — multi-object extracts, upserts, iferror mapping. Triggers: DataRaptor Extract, DataRaptor Load, Turbo Extract debug. NOT for Extract vs Load design tradeoffs — use omnistudio/dataraptor-patterns.",1.0.0,Spring '25+,true,5,0,Reliability;Operational Excellence,skills/omnistudio/dataraptor-load-and-extract/SKILL.md,62fa1652c88cf928ab7fb778068b811974f3795ad63ed46a3b37406c4e362153,retain-knowledge-substrate,false,progressive-on-demand,Do not flatten into always-on host context; preserve package and evaluate through product context packs.
omnistudio/dataraptor-patterns,omnistudio,dataraptor-patterns,"Design DataRaptors — Extract vs Turbo Extract vs Transform vs Load, mapping, performance. Triggers: DataRaptor Extract, Turbo Extract, DataRaptor Load, DataRaptor Transform, OmniStudio data mapping. NOT for Extract/Load debugging — use omnistudio/dataraptor-load-and-extract. NOT for transform optimization — use omnistudio/dataraptor-transform-optimization.",1.0.0,Spring '25+,true,7,0,Performance;Reliability;Operational Excellence,skills/omnistudio/dataraptor-patterns/SKILL.md,c71d98442426c1c1bca40c4b94179c63cbcad8474856db20c17085681700a73a,retain-knowledge-substrate,false,progressive-on-demand,Do not flatten into always-on host context; preserve package and evaluate through product context packs.
omnistudio/dataraptor-transform-optimization,omnistudio,dataraptor-transform-optimization,"Use when DataRaptor Transform operations are slow, hit governor limits, or use Apex where formula fields would suffice. Covers formula vs Apex expressions, bulk transform sizing, and chained transform composition. Triggers: 'dataraptor transform slow'. NOT for DataRaptor Extract or Load performance — use omnistudio/dataraptor-patterns.",1.0.1,Spring '25+,true,5,0,Performance;Reliability;Operational Excellence,skills/omnistudio/dataraptor-transform-optimization/SKILL.md,fcf87374fd5a28ff2e1681ab9c763ece0a4ec12a74df2496a52abfb6a160155c,retain-knowledge-substrate,false,progressive-on-demand,Do not flatten into always-on host context; preserve package and evaluate through product context packs.
omnistudio/document-generation-omnistudio,omnistudio,document-generation-omnistudio,"Generating documents (PDF, DOCX, PPTX) from OmniStudio using Document Templates, OmniDataTransform token mapping, and OmniScript or Integration Procedure orchestration. Use when building client-side interactive or server-side batch document generation flows. NOT for Salesforce CPQ document generation — use apex/fsc-document-generation.",1.0.0,Spring '25+,true,7,1,Reliability;Performance;Security,skills/omnistudio/document-generation-omnistudio/SKILL.md,ccb809b37c9daff1807dc62da683d7a971d656228c2762044e1ce4b308d710de,retain-knowledge-substrate,false,progressive-on-demand,Do not flatten into always-on host context; preserve package and evaluate through product context packs.
omnistudio/flexcard-container-composition,omnistudio,flexcard-container-composition,"Design FlexCard composition: parent/child state flow, layout modes, actions, event wiring, and data source selection. Trigger keywords: flexcard, flex card composition, parent child flexcard, flexcard state, flexcard. NOT for the first-time FlexCard Hello-World, LWC alternatives, or Experience Cloud theming — use admin/flexcard-requirements.",1.0.1,Spring '25+,true,6,1,User Experience;Performance;Operational Excellence,skills/omnistudio/flexcard-container-composition/SKILL.md,3cf3b31ef4284381ccd3baabf69717ad0a5c6280d0d5075017a6294a28124358,retain-knowledge-substrate,false,progressive-on-demand,Do not flatten into always-on host context; preserve package and evaluate through product context packs.
omnistudio/flexcard-design-patterns,omnistudio,flexcard-design-patterns,"Design FlexCard layout, data sources, states, actions, and child-card iteration. Triggers: FlexCard, card states, flyout, child card. NOT for FlexCard state across navigation — use omnistudio/flexcard-state-management. NOT for admin requirements — use admin/flexcard-requirements.",1.0.0,Spring '25+,true,7,0,User Experience;Performance,skills/omnistudio/flexcard-design-patterns/SKILL.md,aa6541745ce3f4d0f3986b5d910c3a6de4baddb1d488d6c2e9e9f50c9f785fa7,retain-knowledge-substrate,false,progressive-on-demand,Do not flatten into always-on host context; preserve package and evaluate through product context packs.
omnistudio/flexcard-state-management,omnistudio,flexcard-state-management,"FlexCard actions, conditional visibility, and state across navigation, refresh, and parent/child transitions. Triggers: flexcard state, flexcard actions, flexcard refresh. NOT for FlexCard layout/design — use omnistudio/flexcard-design-patterns. NOT for admin requirements — use admin/flexcard-requirements.",1.0.0,Spring '25+,true,5,0,User Experience;Reliability;Performance,skills/omnistudio/flexcard-state-management/SKILL.md,1f33def0e5b61f72984bc42302e9481de389b6ed7c1777ff348900298a771574,retain-knowledge-substrate,false,progressive-on-demand,Do not flatten into always-on host context; preserve package and evaluate through product context packs.
omnistudio/industries-api-extensions,omnistudio,industries-api-extensions,"Endpoint path, payload and error handling for a named Salesforce Industries API — Insurance Policy Business Connect, Communications Cloud TM Forum Open APIs (TMF679, TMF680), Energy and Utilities Update Asset Status, Service Process Studio Connect. Trigger keywords: Insurance policy issuance API, endorsement API, TMF679, Communications Cloud REST API, Update Asset Status, Service Process API, InsurancePolicy Connect API, sfiEnergy, industry-specific REST endpoint. NOT for designing the integration to a policy admin, BSS/OSS or CIS backend — use architect/industries-integration-architecture. NOT for standard Salesforce REST API CRUD on non-industry sObjects — use integration/rest-api-patterns.",1.0.0,Spring '25+,true,5,0,Security;Reliability;Performance,skills/omnistudio/industries-api-extensions/SKILL.md,5c20321d910e574d2b75b9afd3f20aaf2f0ddb35c2f4f68fd75356f4db5b32fa,retain-knowledge-substrate,false,progressive-on-demand,Do not flatten into always-on host context; preserve package and evaluate through product context packs.
omnistudio/industries-cpq-vs-salesforce-cpq,omnistudio,industries-cpq-vs-salesforce-cpq,"Use this skill when comparing Industries CPQ (formerly Vlocity CPQ) with Salesforce CPQ (Revenue Cloud managed package) — covering feature parity, decision criteria, migration paths, and coexistence patterns. Trigger keywords: Vlocity. NOT for implementing, configuring, or debugging either CPQ product — use architect/industries-cloud-selection.",1.0.0,Spring '25+,true,3,0,Scalability;Operational Excellence,skills/omnistudio/industries-cpq-vs-salesforce-cpq/SKILL.md,b8dfbbd5de6aa3fe22bb369391e0fb693a4d167200a7096ef61c2f37ab6f5887,retain-knowledge-substrate,false,progressive-on-demand,Do not flatten into always-on host context; preserve package and evaluate through product context packs.
omnistudio/integration-procedure-cacheable-patterns,omnistudio,integration-procedure-cacheable-patterns,"Use when designing Integration Procedures (IPs) with platform cache to cut latency and callout load. Covers Cache Block boundary, cache key design, per-user vs org-wide partitions, invalidation on data changes, and safe fallback on cache miss. NOT for general IP authoring or LWC client-side caching — use omnistudio/integration-procedures.",1.0.1,Spring '25+,true,6,0,Performance;Scalability;Reliability,skills/omnistudio/integration-procedure-cacheable-patterns/SKILL.md,a6c4435bc9b39c8879910b5f935ca632c3cb5bced0045ce039cfc98132b7efc3,retain-knowledge-substrate,false,progressive-on-demand,Do not flatten into always-on host context; preserve package and evaluate through product context packs.
omnistudio/integration-procedures,omnistudio,integration-procedures,"Use when building, reviewing, or debugging OmniStudio Integration Procedures. Triggers: 'integration procedure', 'IP', 'HTTP action', 'DataRaptor', 'rollbackOnError', 'failureResponse'. Triggers: 'integration procedure'. NOT for Apex-only integrations unless the main design choice is whether OmniStudio is st — use omnistudio/omnistudio-security.",1.0.0,Spring '25+,true,6,0,Reliability;Security;Performance;Operational Excellence,skills/omnistudio/integration-procedures/SKILL.md,c25771429a7a00aa7d64ba48376d4ae27da51cf344a33ab2eead4b04cc3fcd67,retain-knowledge-substrate,false,progressive-on-demand,Do not flatten into always-on host context; preserve package and evaluate through product context packs.
omnistudio/omniscript-design-patterns,omnistudio,omniscript-design-patterns,"Use when designing or reviewing OmniScripts for guided experiences, step structure, branching, save/resume, and the boundary between OmniScript, Integration Procedures, DataRaptors, and custom LWCs. Triggers: 'omniscript design', 'too many steps in omniscript', 'save and resume omniscript', 'branching in omniscript', 'when should this be an integration procedure'. NOT for deep Integration Procedure design — use omnistudio/integration-procedures. NOT for DataRaptor design — use omnistudio/dataraptor-patterns.",1.0.0,Spring '25+',true,5,0,User Experience;Operational Excellence;Reliability,skills/omnistudio/omniscript-design-patterns/SKILL.md,3a02b73ea1cadfa2d28be4cbdb78935c973d276fa6766aae6cede4e761477958,retain-knowledge-substrate,false,progressive-on-demand,Do not flatten into always-on host context; preserve package and evaluate through product context packs.
omnistudio/omniscript-session-state,omnistudio,omniscript-session-state,"Use when an OmniScript must persist mid-flow state across refresh, navigation, multi-device resume, or abandonment recovery. Covers session objects, staging data, OmniScript tracking, and resume URLs. NOT for OmniScript UI step layout — use omnistudio/omniscript-design-patterns. NOT for general Flow pause/resume — use flow/pause-elements-and-wait-events.",1.0.1,Spring '25+,true,6,0,Reliability;User Experience;Security,skills/omnistudio/omniscript-session-state/SKILL.md,14462097e6c36a0d74165872c6620ed8d899f3fc4a054f59b508b2ad5fcdb76f,retain-knowledge-substrate,false,progressive-on-demand,Do not flatten into always-on host context; preserve package and evaluate through product context packs.
omnistudio/omniscript-versioning,omnistudio,omniscript-versioning,"Use when managing OmniScript versions: activating new versions, deactivating prior versions, testing a specific version before activation, rolling back to a previous version, or understanding version identity (Type/Subtype/Language triplet). NOT for OmniStudio deployment or DataPack migration (use omnistudio/omnistudio-deployment-datapacks).",1.0.0,Spring '25+,true,5,0,Operational Excellence;Reliability,skills/omnistudio/omniscript-versioning/SKILL.md,e029b300dc8a09d5ce7b030c087e75b1397f1b703f42b61ae222bb91bb86a311,retain-knowledge-substrate,false,progressive-on-demand,Do not flatten into always-on host context; preserve package and evaluate through product context packs.
omnistudio/omnistudio-asynchronous-data-operations,omnistudio,omnistudio-asynchronous-data-operations,"Use Integration Procedures queues, DataRaptor Chain, and Remote Actions with async patterns for long-running OmniStudio flows. NOT for simple DataRaptor reads — use omnistudio/dataraptor-patterns.",1.1.0,Spring '25+,true,4,0,Scalability;Reliability,skills/omnistudio/omnistudio-asynchronous-data-operations/SKILL.md,e8ae9ef874de7f54886806e63982c256e65607435cae3673b83c93847d51ebb1,retain-knowledge-substrate,false,progressive-on-demand,Do not flatten into always-on host context; preserve package and evaluate through product context packs.
omnistudio/omnistudio-cache-strategies,omnistudio,omnistudio-cache-strategies,"Configure caching on DataRaptors and Integration Procedures for response-time gains. Triggers: OmniStudio cache, DataRaptor cache, IP cache TTL. NOT for IP-specific cacheable design — use omnistudio/integration-procedure-cacheable-patterns.",1.0.1,Spring '25+,true,5,0,Performance;Reliability,skills/omnistudio/omnistudio-cache-strategies/SKILL.md,1ee2eb94014b13016c7917be863438280f3aac6aea9afcc48e12394e07654bc5,retain-knowledge-substrate,false,progressive-on-demand,Do not flatten into always-on host context; preserve package and evaluate through product context packs.
omnistudio/omnistudio-ci-cd-patterns,omnistudio,omnistudio-ci-cd-patterns,"CI/CD pipelines for OmniStudio — DataPack export/import, versioning, env promotion. Triggers: OmniStudio CI/CD, DataPack pipeline, OmniStudio deployment. NOT for manual DataPack operations — use omnistudio/omnistudio-deployment-datapacks.",1.0.0,Spring '25+,true,5,0,Operational Excellence;Reliability,skills/omnistudio/omnistudio-ci-cd-patterns/SKILL.md,675d3f6d211897f3cbee8f1101ce5e13ebf84ca3ca1e279596f9feefecec523b,retain-knowledge-substrate,false,progressive-on-demand,Do not flatten into always-on host context; preserve package and evaluate through product context packs.
omnistudio/omnistudio-custom-lwc-elements,omnistudio,omnistudio-custom-lwc-elements,"Creating and integrating custom Lightning Web Components within OmniScripts: LWC override patterns, pubsub event handling, custom validation, OmniStudio data passing conventions. Use when a standard OmniScript element cannot meet a UX requirement. NOT for standalone LWC development (use lwc/* skills) — use lwc/lwc-web-components-interop.",1.0.0,Spring '25+,true,7,2,User Experience;Reliability,skills/omnistudio/omnistudio-custom-lwc-elements/SKILL.md,ea874c1809c681771d7d3c7d788feca6738ce5b140c2b99c874adc33163316e0,retain-knowledge-substrate,false,progressive-on-demand,Do not flatten into always-on host context; preserve package and evaluate through product context packs.
omnistudio/omnistudio-debugging,omnistudio,omnistudio-debugging,"Use when diagnosing failures, unexpected output, or silent errors in OmniScript, DataRaptor, or Integration Procedure assets. Triggers: 'omniscript not working', 'dataraptor returns empty', 'integration procedure. NOT for Apex debugging, LWC console errors unrelated to OmniStudio, or Flow fault path d — use omnistudio/omnistudio-performance.",1.0.0,Spring '25+,true,6,0,Operational Excellence;Reliability,skills/omnistudio/omnistudio-debugging/SKILL.md,d7557c3fa5c3ab963e56428e83a0c619ccfb6cc5e575fb30c82138de5594b829,retain-knowledge-substrate,false,progressive-on-demand,Do not flatten into always-on host context; preserve package and evaluate through product context packs.
omnistudio/omnistudio-deployment-datapacks,omnistudio,omnistudio-deployment-datapacks,"Use when exporting, importing, or version-controlling OmniStudio components using DataPacks via the OmniStudio DataPacks tool or vlocity CLI. Covers DataPack export/import, Git version control integration, CI/CD for OmniStudio. NOT for SFDX-based metadata deployment of non-OmniStudio components — use data/omnistudio-datapack-migration.",1.0.0,Spring '25+,true,7,0,Operational Excellence;Reliability,skills/omnistudio/omnistudio-deployment-datapacks/SKILL.md,5902b0285dd8ace3ba88dd40a0325593680cd44974086e429fe95261691e1641,retain-knowledge-substrate,false,progressive-on-demand,Do not flatten into always-on host context; preserve package and evaluate through product context packs.
omnistudio/omnistudio-error-handling-patterns,omnistudio,omnistudio-error-handling-patterns,"Use when designing fault behavior across Integration Procedures, DataRaptors, OmniScripts, and FlexCards — error routing, user-facing messaging, retry semantics, and idempotency. Triggers: 'omnistudio error', 'integration procedure fault'. NOT for general Apex exception design or Flow fault paths — use data/omnistudio-metadata-management.",1.0.0,Spring '25+,true,7,0,Reliability;User Experience;Operational Excellence,skills/omnistudio/omnistudio-error-handling-patterns/SKILL.md,72f22d42fcae3f2553462ea588eefdce2a3b2a73b743ca2a5dfa03d454badf49,retain-knowledge-substrate,false,progressive-on-demand,Do not flatten into always-on host context; preserve package and evaluate through product context packs.
omnistudio/omnistudio-field-mapping-governance,omnistudio,omnistudio-field-mapping-governance,"Govern DataRaptor field mappings to prevent runtime errors when source metadata changes: naming, versioning, and dependency tracking. NOT for DataRaptor authoring fundamentals — use data/omnistudio-metadata-management.",1.1.0,Spring '25+,true,4,0,Reliability;Operational Excellence,skills/omnistudio/omnistudio-field-mapping-governance/SKILL.md,d1ad726b97516c076d07c1c10768e98b6192d71cde99a80acd958896b2d0ca1d,retain-knowledge-substrate,false,progressive-on-demand,Do not flatten into always-on host context; preserve package and evaluate through product context packs.
omnistudio/omnistudio-lwc-integration,omnistudio,omnistudio-lwc-integration,"Use when embedding OmniScripts in Lightning Web Components, registering custom LWC elements inside OmniScript screens, or calling OmniScript/Integration Procedures from LWC. Triggers: embed omniscript in LWC, custom LWC element in OmniScript, call OmniScript from Lightning page, omnistudio-omni-script tag. NOT for standalone LWC development when OmniStudio is not involved - use lwc/component-communication.",1.0.0,Spring '25+,true,7,2,User Experience;Scalability,skills/omnistudio/omnistudio-lwc-integration/SKILL.md,ef82b5cd8ef175130590b7fba8e008720501c9b29376bac9720147ef1f236176,retain-knowledge-substrate,false,progressive-on-demand,Do not flatten into always-on host context; preserve package and evaluate through product context packs.
omnistudio/omnistudio-lwc-omniscript-migration,omnistudio,omnistudio-lwc-omniscript-migration,Migrate classic Visualforce-based OmniScripts to LWC-based runtime with feature parity and regression testing. NOT for new OmniScript design — use omnistudio/omnistudio-lwc-integration.,1.1.0,Spring '25+,true,4,0,Operational Excellence;Performance,skills/omnistudio/omnistudio-lwc-omniscript-migration/SKILL.md,9f529e2cf57b69fe753bbfa7999bc10d47c39b387a78fc2b1168118bb90109a3,retain-knowledge-substrate,false,progressive-on-demand,Do not flatten into always-on host context; preserve package and evaluate through product context packs.
omnistudio/omnistudio-multi-language,omnistudio,omnistudio-multi-language,"Localize OmniScripts, FlexCards, and DataRaptors using Label-based translation, multi-language JSON, and locale-aware number/date formatting. NOT for Salesforce Translation Workbench alone — use admin/multi-language-and-translation.",1.1.0,Spring '25+,true,4,0,User Experience,skills/omnistudio/omnistudio-multi-language/SKILL.md,39f61ee86a99d8bce9892006cff80e7c67a5685f48e495d35b0a02adaf7d4ba8,retain-knowledge-substrate,false,progressive-on-demand,Do not flatten into always-on host context; preserve package and evaluate through product context packs.
omnistudio/omnistudio-performance,omnistudio,omnistudio-performance,"Use when diagnosing or improving runtime performance in OmniStudio assets: slow OmniScripts, Integration Procedures with high latency, DataRaptor caching, excessive API call counts, FlexCard rendering. NOT for LWC performance outside of OmniScript runtime (use lwc-performance skill) — use omnistudio/integration-procedure-cacheable-patterns.",1.0.0,Spring '25+,true,9,0,Performance;Scalability;Reliability,skills/omnistudio/omnistudio-performance/SKILL.md,6ae8eef844923865d63fabeab0fdd60c365d26c5cedbd548fa3db7628af5343b,retain-knowledge-substrate,false,progressive-on-demand,Do not flatten into always-on host context; preserve package and evaluate through product context packs.
omnistudio/omnistudio-remote-actions,omnistudio,omnistudio-remote-actions,"Use when configuring, troubleshooting, or choosing between Remote Action types in OmniScript or FlexCard. Triggers: 'remote action', 'OmniScript action', 'IP action', 'Apex action element'. NOT for Integration Procedure internal design or generic Apex callout patterns — use omnistudio/integration-procedures.",1.0.1,Spring '25+,true,6,1,Reliability;Security;Performance,skills/omnistudio/omnistudio-remote-actions/SKILL.md,f6618d3db8f2332f515ea585f2caf308aba6c9be3b1e8d1b505252da1da9cfc7,retain-knowledge-substrate,false,progressive-on-demand,Do not flatten into always-on host context; preserve package and evaluate through product context packs.
omnistudio/omnistudio-security,omnistudio,omnistudio-security,"Use when designing or reviewing OmniStudio security across OmniScripts, Integration Procedures, DataRaptors, custom LWCs, Apex actions, guest-user exposure, and outbound HTTP actions. Triggers: 'OmniStudio security', 'guest user omniscript', 'DataRaptor CRUD FLS', 'OmniStudio Apex security', 'HTTP action data exposure'. NOT for generic Apex security review when OmniStudio is not the main surface - use apex/apex-security-patterns.",1.0.0,Spring '25+,true,9,0,Security;Reliability;Operational Excellence,skills/omnistudio/omnistudio-security/SKILL.md,7ccc2d46397cecf7167762c8c860c1ee58f9a6e819c4c221c03b40ae83ef45d0,retain-knowledge-substrate,false,progressive-on-demand,Do not flatten into always-on host context; preserve package and evaluate through product context packs.
omnistudio/omnistudio-testing-patterns,omnistudio,omnistudio-testing-patterns,"Test OmniStudio components — OmniScript preview, IP step debugging, DataRaptor validation, UTAM. Triggers: OmniStudio testing, UTAM automation, OmniScript test. NOT for live runtime debugging — use omnistudio/omnistudio-debugging. NOT for metadata/DataPack CI — use data/omnistudio-metadata-management.",1.0.0,Spring '25+,true,7,0,Reliability;Operational Excellence,skills/omnistudio/omnistudio-testing-patterns/SKILL.md,374f924c2c468042c8a5b9bb21417b30d81ce347b36a4698f3fc89b8e4b69aba,retain-knowledge-substrate,false,progressive-on-demand,Do not flatten into always-on host context; preserve package and evaluate through product context packs.
omnistudio/omnistudio-vs-flow-decision,omnistudio,omnistudio-vs-flow-decision,"Use when choosing between OmniStudio (OmniScript / Integration Procedure / FlexCard / DataRaptor) and Flow / Screen Flow / Apex for a given capability. Triggers: 'omnistudio or flow', 'omniscript vs screen flow'. NOT for general automation selection (use admin/process-automation-selection) — use architect/omnistudio-vs-standard-decision.",1.0.1,Spring '25+,true,5,0,Operational Excellence;Reliability;Performance,skills/omnistudio/omnistudio-vs-flow-decision/SKILL.md,199747f5008df5020835182675c14c3537c59cbc0b52a6108c0e99361c89266b,retain-knowledge-substrate,false,progressive-on-demand,Do not flatten into always-on host context; preserve package and evaluate through product context packs.
omnistudio/vlocity-to-native-omnistudio-migration,omnistudio,vlocity-to-native-omnistudio-migration,"Use when migrating an org from the Vlocity managed package (vlocity_ins, vlocity_cmt, vlocity_ps) to native OmniStudio. Trigger keywords: Vlocity to OmniStudio migration, namespace migration, vlocity_ins to omnistudio. NOT for greenfield OmniStudio setup or migrating between OmniStudio-native orgs — use omnistudio/omnistudio-deployment-datapacks.",1.0.1,Spring '25+,true,6,4,Operational Excellence;Reliability;Security,skills/omnistudio/vlocity-to-native-omnistudio-migration/SKILL.md,4df6229c62bae31a909aacac3754717505f8dcff565e9ff4e5a4af9eaccda36a,retain-knowledge-substrate,false,progressive-on-demand,Do not flatten into always-on host context; preserve package and evaluate through product context packs.
security/apex-managed-sharing-patterns,security,apex-managed-sharing-patterns,"Grant row-level access programmatically via __Share records when declarative sharing rules cannot express the policy. NOT for OWD, role hierarchy, or criteria-based sharing rule design — use admin/sharing-and-visibility.",1.0.1,Spring '25+,false,4,0,Security;Reliability,skills/security/apex-managed-sharing-patterns/SKILL.md,d855a356176136894c70a9c50ba0020b2785a84a298e6841b5cd17e127261cfe,retain-knowledge-substrate,false,progressive-on-demand,Do not flatten into always-on host context; preserve package and evaluate through product context packs.
security/api-only-user-hardening,security,api-only-user-hardening,"Provision and harden integration (API-only) users: no UI login, IP restrictions, minimum permission set, session lifetime, and monitoring. NOT for human admin account hardening — use admin/integration-user-management.",1.0.1,Spring '25+,false,4,0,Security;Operational Excellence,skills/security/api-only-user-hardening/SKILL.md,5b54fef7397e60d89084217b22992a55192bd5622006b623dbfa5fa928b102c1,retain-knowledge-substrate,false,progressive-on-demand,Do not flatten into always-on host context; preserve package and evaluate through product context packs.
security/api-security-and-rate-limiting,security,api-security-and-rate-limiting,"API rate limits, Connected App scope restriction, OAuth API security auditing. Triggers: API rate limit, Connected App scopes, API security audit. NOT for Connected App policy design — use security/connected-app-security-policies. NOT for OAuth setup — use admin/connected-apps-and-auth.",1.0.0,Spring '25+,false,6,0,Security;Operational Excellence,skills/security/api-security-and-rate-limiting/SKILL.md,a64d83b60f48f4bfbef0ea105a3c15deaa5dd057eda06fb1308221c8416144b6,retain-knowledge-substrate,false,progressive-on-demand,Do not flatten into always-on host context; preserve package and evaluate through product context packs.
security/certificate-and-key-management,security,certificate-and-key-management,"Use this skill when creating, uploading, or rotating certificates in Salesforce, configuring mutual TLS (mTLS) client authentication, managing the Java KeyStore for CA-signed certificates, diagnosing certificate expiry. NOT for Shield Platform Encryption key management or Named Credential setup — use integration/named-credentials-setup.",1.0.1,Spring '25+,false,7,0,Security,skills/security/certificate-and-key-management/SKILL.md,a8cbd67fabf69445775fcd31bfb9df4c5a066d1642e7b5fa68d2684852fb96a3,retain-knowledge-substrate,false,progressive-on-demand,Do not flatten into always-on host context; preserve package and evaluate through product context packs.
security/clickjack-and-frame-protection,security,clickjack-and-frame-protection,"Configure clickjack protection headers and frame-ancestors for VF pages, LWR sites, and Aura apps. NOT for CSP or Trusted URL configuration — use security/csp-and-trusted-urls.",1.1.0,Spring '25+,false,4,0,Security,skills/security/clickjack-and-frame-protection/SKILL.md,26ad0673c7d98665e5347239ad375be79b6940c7c09fdffe918a3e46f45b210e,retain-knowledge-substrate,false,progressive-on-demand,Do not flatten into always-on host context; preserve package and evaluate through product context packs.
security/connected-app-security-policies,security,connected-app-security-policies,"Managing OAuth policies, IP relaxation, session security, PKCE, and credential rotation for Salesforce Connected Apps. Use when hardening Connected App security, rotating client secrets, configuring IP restrictions, or requiring high-assurance sessions. NOT for basic Connected App setup or creation — use admin/connected-app-troubleshooting.",1.0.0,Spring '25+,false,6,0,Security,skills/security/connected-app-security-policies/SKILL.md,6f83a0ec60dd0c2d742d312372043776f6af72caa5d659409b403f4fa3da0a9b,retain-knowledge-substrate,false,progressive-on-demand,Do not flatten into always-on host context; preserve package and evaluate through product context packs.
security/csp-and-trusted-urls,security,csp-and-trusted-urls,"Configure Content Security Policy via Trusted URLs and CSP Trusted Sites so Lightning, LWR, and LWC can call third-party scripts, APIs, and frame sources. NOT for clickjack configuration — use lwc/static-resources-in-lwc.",1.0.1,Spring '25+,false,4,0,Security,skills/security/csp-and-trusted-urls/SKILL.md,37b290a330d24b527df5e0b7555ea40dd1f2d64af433a788fbc4977fafe31d07,retain-knowledge-substrate,false,progressive-on-demand,Do not flatten into always-on host context; preserve package and evaluate through product context packs.
security/customer-data-request-workflow,security,customer-data-request-workflow,"Implement GDPR/CCPA data subject rights (access, deletion, rectification) using Salesforce Privacy Center and/or custom workflow. NOT for the underlying erasure mechanics (Individual sObject, ShouldForget, ContactPointConsent) — use security/gdpr-data-privacy. NOT for general backup or org-level data retention policy.",1.0.1,Spring '25+,false,4,0,Security;Operational Excellence,skills/security/customer-data-request-workflow/SKILL.md,614fb666de7fe1cef2a3ad74c12ab82a9ae778872b53f70d8fd63dfd501dae3d,retain-knowledge-substrate,false,progressive-on-demand,Do not flatten into always-on host context; preserve package and evaluate through product context packs.
security/data-classification-labels,security,data-classification-labels,"Classify Salesforce fields by data sensitivity and compliance category using the four built-in classification attributes (SecurityClassification, ComplianceGroup, BusinessOwnerId, BusinessStatus). Covers Metadata API. NOT for data masking, Shield Platform Encryption, or runtime access control enforcement — use data/data-quality-and-governance.",1.0.0,Spring '25+,false,6,0,Security;Operational Excellence,skills/security/data-classification-labels/SKILL.md,60e0d52ff80e906fdad827bea5d7d6b088612c17dcb08e92e1f69b20d2867678,retain-knowledge-substrate,false,progressive-on-demand,Do not flatten into always-on host context; preserve package and evaluate through product context packs.
security/dynamic-sharing-recalculation,security,dynamic-sharing-recalculation,"Force or orchestrate sharing recalculation after bulk data loads, rule changes, or user/role reorgs so row access catches up with policy. NOT for designing new sharing rules — use sharing-selection tree — use data/sharing-recalculation-performance.",1.0.1,Spring '25+,false,4,0,Reliability;Performance,skills/security/dynamic-sharing-recalculation/SKILL.md,6dcd7242d5930b8dea1caa9c376e8baa231848c027e0ff5f9546245e03c1fb90,retain-knowledge-substrate,false,progressive-on-demand,Do not flatten into always-on host context; preserve package and evaluate through product context packs.
security/encrypted-field-query-patterns,security,encrypted-field-query-patterns,"Design SOQL, filters, reporting, and indexes against Shield Platform Encryption fields. Trigger keywords: Shield Platform Encryption, encrypted field query, probabilistic vs deterministic encryption, encrypted SOQL filter. NOT for Classic Encryption (deprecated), field-level security policy, or tenant secret k — use security/platform-encryption.",1.0.0,Spring '25+,false,5,0,Security;Performance;Reliability,skills/security/encrypted-field-query-patterns/SKILL.md,658b6a63db63b3cd18255c0a8b9a9e82f24b5eace0fe6d05a8f872c3a47b8934,retain-knowledge-substrate,false,progressive-on-demand,Do not flatten into always-on host context; preserve package and evaluate through product context packs.
security/event-monitoring,security,event-monitoring,"Shield Event Monitoring: event log types, downloading logs via REST API and SOQL, real-time event monitoring with streaming API, and threat detection policies. NOT for debug logs — use apex/debug-logs-and-developer-console. NOT for custom platform event publishing/subscribing — use apex/platform-events-apex.",1.0.0,Spring '25+,false,8,0,Security;Operational Excellence,skills/security/event-monitoring/SKILL.md,63fa1a7f03ca643152db18df2052f55973592eef119fb5ee1793c0cd6be267b9,retain-knowledge-substrate,false,progressive-on-demand,Do not flatten into always-on host context; preserve package and evaluate through product context packs.
security/experience-cloud-security,security,experience-cloud-security,"Use when configuring access controls, sharing, or site security for authenticated or guest Experience Cloud (community) users: external OWD, Sharing Sets, Share Groups, CSP, clickjack protection, guest user record access. NOT for internal sharing model configuration (use sharing-and-visibility) — use data/external-user-data-sharing.",1.0.0,Spring '25+,false,5,0,Security,skills/security/experience-cloud-security/SKILL.md,e43892caab3f5c6f11172ceb9f0d9bd2d2c2e33ea390665d7a77b1dd47aa6cad,retain-knowledge-substrate,false,progressive-on-demand,Do not flatten into always-on host context; preserve package and evaluate through product context packs.
security/ferpa-compliance-in-salesforce,security,ferpa-compliance-in-salesforce,"Use this skill when implementing FERPA (Family Educational Rights and Privacy Act) compliance controls in Salesforce Education Cloud or Education Data Architecture (EDA): LearnerProfile FERPA boolean fields. NOT for GDPR/CCPA data privacy, platform encryption at rest, or HIPAA health-data compliance — use architect/health-cloud-data-residency.",1.0.1,Spring '25+,false,7,0,Security;Operational Excellence,skills/security/ferpa-compliance-in-salesforce/SKILL.md,f45b70fc7f926010369e19d465af1bf508019303deaa25ff3c4cafa9754a836e,retain-knowledge-substrate,false,progressive-on-demand,Do not flatten into always-on host context; preserve package and evaluate through product context packs.
security/field-audit-trail,security,field-audit-trail,"Salesforce Shield Field Audit Trail: configuration, retention policies, querying archived field data, compliance requirements. NOT for field history tracking (use field-history-tracking) — use data/field-history-tracking.",1.0.0,Spring '25+,false,5,0,Security;Operational Excellence,skills/security/field-audit-trail/SKILL.md,caef2deb8cd4bb3e6638e8dd284a4d572ad0f092d5ba160e5644a31f4c600c8e,retain-knowledge-substrate,false,progressive-on-demand,Do not flatten into always-on host context; preserve package and evaluate through product context packs.
security/file-upload-virus-scanning,security,file-upload-virus-scanning,"Use when designing malware and content scanning for files uploaded to Salesforce (Files, Attachments, ContentVersion) — external scanning service callouts, quarantine patterns, and user-facing messaging. Triggers: 'virus scan salesforce upload', 'malware scan. NOT for field-level data validation — use integration/file-and-document-integration.",1.0.0,Spring '25+,false,5,0,Security;Reliability;User Experience,skills/security/file-upload-virus-scanning/SKILL.md,f9457f15fc3d371df60646e2b65e4d847da5be1b1a4c248fa5f9f0ff5fdfac31,retain-knowledge-substrate,false,progressive-on-demand,Do not flatten into always-on host context; preserve package and evaluate through product context packs.
security/gdpr-data-privacy,security,gdpr-data-privacy,"Use this skill when implementing GDPR or CCPA data privacy controls in Salesforce: Individual sObject linkage, consent tracking, Right to Be Forgotten (RTBF) requests, data subject request handling, and Privacy Center configuration. Trigger keywords: GDPR, consent management, Individual object, ContactPointConsent, ShouldForget, Privacy Center. NOT for field-level encryption — use security/platform-encryption. NOT for sandbox data masking — use security/sandbox-data-masking. NOT for the intake-to-fulfilment request workflow — use security/customer-data-request-workflow.",1.0.0,Spring '25+,false,7,0,Security,skills/security/gdpr-data-privacy/SKILL.md,35c48e0635d5ab6647f24a7abb761f0be920305ca6973971ed27750a5d6671b8,retain-knowledge-substrate,false,progressive-on-demand,Do not flatten into always-on host context; preserve package and evaluate through product context packs.
security/guest-user-security,security,guest-user-security,"Use when hardening the Experience Cloud guest user profile, controlling unauthenticated access to records and Apex, or investigating data exposure through guest SOQL. Covers object permissions, sharing model enforcement for unauthenticated users, and Apex execution context. NOT for Experience Cloud site creation (use Experience Cloud skills) or for authenticated external user security (use security/experience-cloud-security).",1.0.0,Spring '25+,false,8,0,Security,skills/security/guest-user-security/SKILL.md,891ad6894c1a29fbc6e704a78c39e710e14eed366e2e58edd6468448b4ecc8b6,retain-knowledge-substrate,false,progressive-on-demand,Do not flatten into always-on host context; preserve package and evaluate through product context packs.
security/guest-user-security-audit,security,guest-user-security-audit,"Audit Experience Cloud guest user access — object/field CRUD, sharing, login, and hardening. Triggers: guest user audit, Experience Cloud guest security, site guest profile. NOT for member/community user provisioning — use admin/experience-cloud-member-management. NOT for profile/permset architecture — use admin/permission-sets-vs-profiles.",1.0.0,Spring '25+,false,7,0,Security;Reliability,skills/security/guest-user-security-audit/SKILL.md,442cd40c8a4c16fc9978082d79e47bf0dec2f57387cc7f7e12bea22196f751f6,retain-knowledge-substrate,false,progressive-on-demand,Do not flatten into always-on host context; preserve package and evaluate through product context packs.
security/ip-range-and-login-flow-strategy,security,ip-range-and-login-flow-strategy,"Design and implement Salesforce Login Flows (Screen Flows assigned to profiles or Experience Cloud sites) that run post-authentication to enforce conditional MFA, IP-based branching, terms-of-service acceptance, or Experience Cloud custom login pages. NOT for IP allowlisting (use security/network-security-and-trusted-ips) or org-wide MFA rollout — use security/mfa-enforcement-strategy.",1.0.1,Spring '25+,false,6,0,Security,skills/security/ip-range-and-login-flow-strategy/SKILL.md,2502d032c40a9c84b8685eda03a14405ad9668b63a4ca834b6c936c367a1464a,retain-knowledge-substrate,false,progressive-on-demand,Do not flatten into always-on host context; preserve package and evaluate through product context packs.
security/ip-relaxation-and-restriction,security,ip-relaxation-and-restriction,"Design IP-based access controls: profile login IP ranges, org-wide trusted IPs, IP relaxation per profile, and the interaction with MFA and SSO. Trigger keywords: login IP range, trusted IP, IP relaxation, restricted IP, IP allowlist, login hours. NOT for CSP Trusted Sites, CORS allowlists, TLS requirements, or troubleshooting a CSP violation — use security/network-security-and-trusted-ips.",1.0.1,Spring '25+,false,5,1,Security;Operational Excellence,skills/security/ip-relaxation-and-restriction/SKILL.md,5ec0938cd5987ba53d0a0397b7a8acb44e20574b226e6013ee39f1e9dacfa8b9,retain-knowledge-substrate,false,progressive-on-demand,Do not flatten into always-on host context; preserve package and evaluate through product context packs.
security/login-forensics,security,login-forensics,"Investigate Salesforce login activity using LoginHistory, IdentityVerificationHistory, and Login Forensics (Event Monitoring add-on): reconstruct per-user login timelines, identify failed logins, analyze source IPs, review identity verification events, and configure Login Flows for step-up authentication. NOT for MFA setup — use security/mfa-enforcement-strategy. NOT for downloading EventLogFile CSVs or configuring real-time threat detection — use security/event-monitoring.",1.0.0,Spring '25+,false,8,0,Security;Operational Excellence,skills/security/login-forensics/SKILL.md,394c93427e7a303d880b7a14b35abbfab2b0189db6982ccd463ddfe1d3f7852a,retain-knowledge-substrate,false,progressive-on-demand,Do not flatten into always-on host context; preserve package and evaluate through product context packs.
security/mfa-enforcement-patterns,security,mfa-enforcement-patterns,"Design MFA enforcement: auto-enablement, Authenticator rollout, exceptions, API-only users, SSO interop. Triggers: MFA enforcement, MFA exception, api-only MFA, MFA SSO. NOT for org-wide MFA policy sequencing — use security/mfa-enforcement-strategy.",1.0.1,Spring '25+,false,5,0,Security;Operational Excellence,skills/security/mfa-enforcement-patterns/SKILL.md,c27a1ab6b9516de48ac325c4cf4db246b65d1c60371db3491d97b57c95cb269f,retain-knowledge-substrate,false,progressive-on-demand,Do not flatten into always-on host context; preserve package and evaluate through product context packs.
security/mfa-enforcement-strategy,security,mfa-enforcement-strategy,"Org-wide MFA rollout strategy, phased enablement, exception governance, and audit. Triggers: MFA rollout plan, MFA policy, MFA governance. NOT for per-user-type enforcement patterns — use security/mfa-enforcement-patterns.",1.1.0,Spring '25+,false,6,0,Security;Operational Excellence,skills/security/mfa-enforcement-strategy/SKILL.md,b2a6183adacfd91b7c40d6ae2a1a25693c33175ef70713ccadeda2cdb6879c5f,retain-knowledge-substrate,false,progressive-on-demand,Do not flatten into always-on host context; preserve package and evaluate through product context packs.
security/network-security-and-trusted-ips,security,network-security-and-trusted-ips,"Configure and audit Salesforce network security controls — trusted IP ranges (org-wide Network Access), login IP ranges on profiles, CSP Trusted Sites for Lightning components, CORS allowlists for external JavaScript, and TLS requirements — and troubleshoot login-blocked-by-IP or CSP violation errors. NOT for per-profile login IP range policy, IP relaxation decisions, or their interaction with MFA and SSO — use security/ip-relaxation-and-restriction.",1.0.0,Spring '25+,false,7,0,Security,skills/security/network-security-and-trusted-ips/SKILL.md,834f80edb17870fa25c4d3fea20a04d6b288325250e5c90af7ab1fe08bb9ab17,retain-knowledge-substrate,false,progressive-on-demand,Do not flatten into always-on host context; preserve package and evaluate through product context packs.
security/oauth-redirect-and-domain-strategy,security,oauth-redirect-and-domain-strategy,"Design Connected App OAuth callback URLs, My Domain naming, Enhanced Domains cutover, and cross-environment redirect handling. Trigger keywords: oauth redirect uri, connected app callback, my domain, enhanced domains, sandbox url change. NOT for end-user login flow UX, Experience Cloud branding, or SAML-only SSO configuration — use admin/connected-app-troubleshooting.",1.0.1,Spring '25+,false,5,0,Security;Reliability;Operational Excellence,skills/security/oauth-redirect-and-domain-strategy/SKILL.md,b9ada28f247b20875abc75836f102b9da8232d50a59afddc5ae50d5877b85fa3,retain-knowledge-substrate,false,progressive-on-demand,Do not flatten into always-on host context; preserve package and evaluate through product context packs.
security/oauth-token-management,security,oauth-token-management,"Use when work depends on how Salesforce OAuth access and refresh tokens are issued, refreshed, rotated, revoked, or introspected for a Connected App or API client—including unexpected logouts, invalid_grant after refresh, or designing token incident response. NOT for choosing which OAuth grant or Connected App flow to implement (use integration/oauth-flows-and-connected-apps), Named Credential packaging (use integration/named-credentials-setup), or broad Connected App IP and PKCE policy hardening without a token-lifecycle angle (use security/connected-app-security-policies).",1.1.0,Spring '25+,false,5,2,Security;Reliability,skills/security/oauth-token-management/SKILL.md,753198e64bc0cbf9c899ddf7e1af048c0ce278ec3b6f850cd88a14e06f7b188d,retain-knowledge-substrate,false,progressive-on-demand,Do not flatten into always-on host context; preserve package and evaluate through product context packs.
security/org-hardening-and-baseline-config,security,org-hardening-and-baseline-config,"Use when defining or reviewing baseline org hardening settings, especially Security Health Check gaps, clickjack and browser protections, CSP and CORS governance, password/session policies, network restrictions, and release-update hygiene. NOT for feature-level app permissions or record-sharing design — use security/security-health-check.",1.0.0,Spring '25+',false,5,0,Security;Operational Excellence,skills/security/org-hardening-and-baseline-config/SKILL.md,c91657dc596653c321002e81380683406d22ce828ec0dde5dde1e29c76d68c03,retain-knowledge-substrate,false,progressive-on-demand,Do not flatten into always-on host context; preserve package and evaluate through product context packs.
security/permission-set-groups-and-muting,security,permission-set-groups-and-muting,"Use when designing or reviewing permission-set-group architecture, especially profile minimization, group composition, muting strategy, and migration away from profile-heavy security models. Triggers: 'permission set group', 'muting permission. NOT for record-sharing design or CRUD/FLS review in Apex code — use admin/permission-set-architecture.",1.0.0,Spring '25+',false,5,0,Security;Operational Excellence,skills/security/permission-set-groups-and-muting/SKILL.md,2cdcc055528aa3b77e6cead3ef9a9fbadde928a4f06aa5cc96a2be589ab70b4c,retain-knowledge-substrate,false,progressive-on-demand,Do not flatten into always-on host context; preserve package and evaluate through product context packs.
security/platform-encryption,security,platform-encryption,"Use this skill when deciding which Salesforce fields to encrypt at rest, choosing between deterministic and probabilistic schemes, and managing tenant secrets and keys. Trigger keywords: Shield Platform Encryption, data at rest, AES-256, tenant secret, BYOK, key rotation, encrypted search. NOT for TLS/transport encryption, Classic Encrypted Text fields, or masking without Shield — use architect/salesforce-shield-architecture.",1.0.1,Spring '25+,false,5,0,Security,skills/security/platform-encryption/SKILL.md,3f4b542a2a9a9910710b03b5879902d346e80f12ed88294f16234644c2f114a4,retain-knowledge-substrate,false,progressive-on-demand,Do not flatten into always-on host context; preserve package and evaluate through product context packs.
security/privileged-access-management,security,privileged-access-management,"Design just-in-time elevation, break-glass accounts, and audit trails for Modify All Data / System Admin / Customize Application permissions. NOT for regular permission set design — use admin/permission-set-architecture.",1.1.0,Spring '25+,false,4,0,Security;Operational Excellence,skills/security/privileged-access-management/SKILL.md,e3245fffd3e20d13f7087cc78a8a2f57fedb05997cb2b7224d6f33e830865c7e,retain-knowledge-substrate,false,progressive-on-demand,Do not flatten into always-on host context; preserve package and evaluate through product context packs.
security/recaptcha-and-bot-prevention,security,recaptcha-and-bot-prevention,"Use when configuring reCAPTCHA on Web-to-Case, Web-to-Lead, Experience Cloud forms, or Headless Identity flows, or when designing bot-mitigation strategies for Salesforce public-facing surfaces. Triggers: 'enable reCAPTCHA on Web-to-Case'. NOT for AppExchange security review or session-level login policies — use security/session-management-and-timeout.",1.0.1,Spring '25+,false,5,0,Security;Reliability,skills/security/recaptcha-and-bot-prevention/SKILL.md,3a30a6a61f514e05b784280d619af9ee580b65d69fe47ede739d113566868cf8,retain-knowledge-substrate,false,progressive-on-demand,Do not flatten into always-on host context; preserve package and evaluate through product context packs.
security/record-access-troubleshooting,security,record-access-troubleshooting,"Diagnose why a user can or cannot see/edit a record: UserRecordAccess SOQL, Why Can a User Access This Record debug log, OWD, role hierarchy, sharing rules, manual/team/apex shares, implicit parent share. NOT for remediating a CRUD/FLS finding — use apex/apex-stripinaccessible-and-fls-enforcement. NOT for designing the sharing model itself — use admin/sharing-and-visibility.",1.1.0,Spring '25+,false,6,0,Security,skills/security/record-access-troubleshooting/SKILL.md,ffc1257aa338e2c3d2589ea854244251e913525e55728dba3b648dcd2782e197,retain-knowledge-substrate,false,progressive-on-demand,Do not flatten into always-on host context; preserve package and evaluate through product context packs.
security/salesforce-shield-deployment,security,salesforce-shield-deployment,"Roll out Shield (Platform Encryption + Event Monitoring + Field Audit Trail) end-to-end, sequencing feature enablement to avoid data lockout. NOT for Classic Encryption or general PE design — use architect/salesforce-shield-architecture.",1.0.1,Spring '25+,false,4,0,Security;Operational Excellence,skills/security/salesforce-shield-deployment/SKILL.md,f75f950058c56852d9dace7fd3d6e97be9e3400c4b5a5f3d3eba0c96d1354c2b,retain-knowledge-substrate,false,progressive-on-demand,Do not flatten into always-on host context; preserve package and evaluate through product context packs.
security/sandbox-data-masking,security,sandbox-data-masking,"Use this skill when configuring or reviewing Salesforce Data Mask to protect PII/PHI in partial or full copy sandboxes after a refresh. Trigger keywords: data mask, sandbox masking, PII in sandbox, GDPR sandbox, HIPAA. NOT for sandbox refresh mechanics (use devops/sandbox-refresh-and-templates) or production data anonymization — use admin/sandbox-strategy.",1.0.1,Spring '25+,false,5,0,Security;Operational Excellence,skills/security/sandbox-data-masking/SKILL.md,5ce0c30c03a212c48858b1545d00150a4e69fc1659d64e422dbca23daf774351,retain-knowledge-substrate,false,progressive-on-demand,Do not flatten into always-on host context; preserve package and evaluate through product context packs.
security/scim-provisioning-integration,security,scim-provisioning-integration,"Use when designing or reviewing SCIM-based user lifecycle provisioning into Salesforce from Okta, Azure AD / Entra, or another IdP — create/update/deactivate, group-to-permission-set mapping, attribute mapping, and deprovisioning semantics. NOT for SSO/authentication setup (see single-sign-on skills) — use integration/manufacturing-cloud-setup.",1.0.0,Spring '25+,false,5,0,Security;Reliability;Operational Excellence,skills/security/scim-provisioning-integration/SKILL.md,5a0b58127dd4d17a8bcae797f26d49901cce5860e0cd39d423a5042f0c643737,retain-knowledge-substrate,false,progressive-on-demand,Do not flatten into always-on host context; preserve package and evaluate through product context packs.
security/secure-coding-review-checklist,security,secure-coding-review-checklist,"Use this skill to audit Apex, Visualforce, LWC, and Aura code for Salesforce security review readiness — covering CRUD/FLS enforcement, SOQL injection, XSS, CSRF, and open redirects. NOT for network-level penetration testing or Shield Platform Encryption key management — use security/platform-encryption. NOT for fixing a single query's injection or FLS gap — use apex/soql-security.",1.1.1,Spring '25+,false,3,0,Security;Reliability,skills/security/secure-coding-review-checklist/SKILL.md,182d4420f49f981c694ef0654fce02cc6d2f17d7c954633a14b7172228bce48f,retain-knowledge-substrate,false,progressive-on-demand,Do not flatten into always-on host context; preserve package and evaluate through product context packs.
security/security-health-check,security,security-health-check,"Use when running, interpreting, or acting on Salesforce Security Health Check results — reading the score, understanding risk categories, evaluating specific settings, creating or importing a custom baseline. NOT for org hardening implementation, permission model design, or broad baseline config  — use security/org-hardening-and-baseline-config.",1.0.0,Spring '25+,false,6,0,Security,skills/security/security-health-check/SKILL.md,bdf5bb0daad997b5a3b06cf66b71027b11639bd6887e25e03c5ad6dce86d088c,retain-knowledge-substrate,false,progressive-on-demand,Do not flatten into always-on host context; preserve package and evaluate through product context packs.
security/security-incident-response,security,security-incident-response,"When to use: active or suspected Salesforce org compromise, unauthorized access investigation, attacker containment, forensic evidence collection from EventLogFile/LoginHistory, session revocation, OAuth token cleanup. NOT for general security setup, permission set design, or field-level security configuration — use admin/permission-sets-vs-profiles.",1.0.1,Spring '25+,false,7,2,Security;Reliability;Operational Excellence,skills/security/security-incident-response/SKILL.md,d88c251046f7e0e6fa0225affc6233845217acfd181a54236a63028c78b9cfc3,retain-knowledge-substrate,false,progressive-on-demand,Do not flatten into always-on host context; preserve package and evaluate through product context packs.
security/service-account-credential-rotation,security,service-account-credential-rotation,"Use when designing credential rotation for integration users, connected apps, named credentials, and OAuth client secrets in Salesforce. Covers rotation cadence, zero-downtime handover, secret storage, and detection of stale credentials. Triggers: 'rotate integration user. NOT for end-user password policies — use admin/connected-apps-and-auth.",1.0.0,Spring '25+,false,5,0,Security;Reliability;Operational Excellence,skills/security/service-account-credential-rotation/SKILL.md,0cec902578249396bb806d0252ab6baccc275ff32aeac053c36bf005ec482c1f,retain-knowledge-substrate,false,progressive-on-demand,Do not flatten into always-on host context; preserve package and evaluate through product context packs.
security/session-high-assurance-policies,security,session-high-assurance-policies,Enforce step-up authentication for sensitive pages/objects using High Assurance session level and login flow policies. NOT for initial MFA enrollment UX — use admin/org-setup-and-configuration.,1.1.0,Spring '25+,false,4,0,Security,skills/security/session-high-assurance-policies/SKILL.md,cb6c48a10a06e680ef9f243f1e922cc9ac377bb2c9b3ddcbc8b66bb295bf57aa,retain-knowledge-substrate,false,progressive-on-demand,Do not flatten into always-on host context; preserve package and evaluate through product context packs.
security/session-management-and-timeout,security,session-management-and-timeout,"Use this skill when configuring session timeout values, concurrent session limits, session IP locking, or logout behavior in Salesforce. Covers org-wide session settings, profile-level overrides, Connected App session. NOT for OAuth token refresh flows, login IP ranges, or MFA/identity-provider configuration — use security/oauth-token-management.",1.0.1,Spring '25+,false,5,0,Security;Reliability,skills/security/session-management-and-timeout/SKILL.md,494350c4f373068299c29412c30da3eec020320caa07aded3c126ea91bd9979f,retain-knowledge-substrate,false,progressive-on-demand,Do not flatten into always-on host context; preserve package and evaluate through product context packs.
security/shield-event-log-retention-strategy,security,shield-event-log-retention-strategy,"Use when designing Salesforce Shield Event Monitoring retention, SIEM routing, and storage-tier strategy — which event types to keep, for how long, where, and how to answer audit queries across hot/warm/cold tiers. Triggers: 'shield event log retention'. NOT for enabling Shield (see salesforce-shield-deployment) — use security/event-monitoring.",1.0.0,Spring '25+,false,5,0,Security;Operational Excellence;Reliability,skills/security/shield-event-log-retention-strategy/SKILL.md,db7b72a3f8ce132647f63e1ad23f32e1e9ce07717f8df05dea4fbe121037f69b,retain-knowledge-substrate,false,progressive-on-demand,Do not flatten into always-on host context; preserve package and evaluate through product context packs.
security/shield-kms-byok-setup,security,shield-kms-byok-setup,"Configure Shield Platform Encryption with customer-supplied (BYOK) or customer-held (Cache-Only Key Service) tenant secrets, rotate them, and recover. NOT for Classic Encryption or field masking — use security/platform-encryption.",1.0.1,Spring '25+,false,4,0,Security;Reliability,skills/security/shield-kms-byok-setup/SKILL.md,fc78937bb0f49556b45534ed71973a06617fc5aa439dc3071bd8176c917d6120,retain-knowledge-substrate,false,progressive-on-demand,Do not flatten into always-on host context; preserve package and evaluate through product context packs.
security/sso-configuration,security,sso-configuration,"Use when configuring single sign-on into or out of a Salesforce org. Trigger keywords: SAML SSO setup, configure single sign-on, identity provider metadata, Just-in-Time provisioning, My Domain SSO, OpenID Connect, SSO-only login, Salesforce as identity provider. NOT for SSO failures - use security/sso-saml-troubleshooting. NOT for OAuth integration access - use admin/connected-apps-and-auth.",1.0.0,Spring '25+,false,9,0,Security;Operational Excellence;Reliability,skills/security/sso-configuration/SKILL.md,19887fd5e6f29d1706aee75839977cf6b1eda38e2955bb7f2539a0a70a5e4280,retain-knowledge-substrate,false,progressive-on-demand,Do not flatten into always-on host context; preserve package and evaluate through product context packs.
security/sso-saml-troubleshooting,security,sso-saml-troubleshooting,"Troubleshoot SAML SSO failures — assertion errors, certificate mismatch, JIT provisioning. Triggers: SAML error, SSO login failure, assertion invalid. NOT for initial SSO configuration - use security/sso-configuration.",1.0.0,Spring '25+,false,7,0,Security;Reliability,skills/security/sso-saml-troubleshooting/SKILL.md,d2fb48bec0f93ee2b7439b448457ff23f57fb82b0dd0323a85a327c9c3e4196c,retain-knowledge-substrate,false,progressive-on-demand,Do not flatten into always-on host context; preserve package and evaluate through product context packs.
security/transaction-security-policies,security,transaction-security-policies,"Transaction Security policy creation and configuration: condition builder, enhanced policies, enforcement actions (block, MFA, notification, end session), real-time monitoring mode, and policy troubleshooting. NOT for Event Monitoring log analysis or Shield Event Monitoring setup — use security/event-monitoring.",1.0.1,Spring '25+,false,7,0,Security,skills/security/transaction-security-policies/SKILL.md,ebfd9d105bb28e826cc6a707c8a997b34707dadc787c63f18fab1f1533ccd109,retain-knowledge-substrate,false,progressive-on-demand,Do not flatten into always-on host context; preserve package and evaluate through product context packs.
security/visualforce-security-and-modernization,security,visualforce-security-and-modernization,"Use when hardening or modernizing legacy Visualforce pages — covers the platform CSRF token model and when disabling it is a security regression, view state encryption guarantees and the 170 KB ceiling, FLS/CRUD enforcement gaps on `<apex:outputField>` and on getters that return sObjects, `<apex:includeScript>` interaction with the org Content Security Policy, hosting LWC inside a VF page via `lightning:container` / `lightning-out`, and the retire-vs-harden-vs-leave-alone decision for an inventory of legacy pages. Triggers: 'should I rewrite this Visualforce page in LWC', 'CSRF protection disabled on Visualforce page is that safe', 'community user sees a field they should not on a Visualforce page', 'view state encryption is that enough for sensitive data', 'how do I host an LWC inside a Visualforce page', 'apex:dynamicComponent and apex:actionFunction safe to keep'. NOT for greenfield Visualforce architecture (use apex/visualforce-fundamentals — controller types, view state pattern selection, PDF rendering); NOT for Visualforce email template authoring (use admin/email-templates-and-alerts); NOT for general Apex security review across triggers and async (use apex/soql-security and security/secure-coding-review-checklist).",1.0.0,Spring '25+,false,9,0,Security;Operational Excellence,skills/security/visualforce-security-and-modernization/SKILL.md,9b41d431ce472119e985ece631f5d2f6951b4aaa643d4d5699bdf080e3fbef2d,retain-knowledge-substrate,false,progressive-on-demand,Do not flatten into always-on host context; preserve package and evaluate through product context packs.
security/xss-and-injection-prevention,security,xss-and-injection-prevention,"Use when writing or reviewing Visualforce pages, Apex controllers, or LWC components that output user-supplied data, build dynamic queries, or construct HTTP responses. Triggers: 'XSS in Visualforce', 'SOQL injection vulnerability'. NOT for Apex CRUD/FLS enforcement, Shield encryption, or AppExchange security review — use apex/soql-security.",1.0.1,Spring '25+,false,6,0,Security,skills/security/xss-and-injection-prevention/SKILL.md,afbf66daab32288e8aeca5ace4d163f9c0dc99b9de8ab353ac5fc2a78bd79b8a,retain-knowledge-substrate,false,progressive-on-demand,Do not flatten into always-on host context; preserve package and evaluate through product context packs.
